#pragma once
// The typeface std/ui draws with: Inter 4.1 (https://rsms.me/inter), Regular
// and SemiBold, cut down to the characters a UI needs -- ASCII, Latin-1, and
// dashes, curly quotes, bullet, ellipsis, euro, arrows and a check mark --
// with the hinting and every layout feature but kerning taken out. Made with
// fontTools from the release's extras/ttf files:
//
//   pyftsubset Inter-<Weight>.ttf --unicodes="U+0020-007E,U+00A0-00FF,U+2013,U+2014,
//     U+2018,U+2019,U+201C,U+201D,U+2022,U+2026,U+20AC,U+2190-2193,U+2713,U+00D7"
//     --layout-features="kern" --no-hinting --desubroutinize
//     --drop-tables+=GSUB,DSIG,STAT,meta
//
// and then the kerning flattened out of GPOS into a legacy 'kern' table, GPOS
// dropped: stb_truetype reads GPOS kerning only from plain pair lookups and
// Inter keeps its pairs behind Extension lookups, so it would draw unkerned.
// Every GPOS pair adjustment (formats 1 and 2) of the subset's glyphs becomes
// one format-0 pair; Regular has 4,831 of them, SemiBold 5,357.
//
// Inter's licence, which travels with the font into every program that uses it:
//
// Copyright (c) 2016 The Inter Project Authors (https://github.com/rsms/inter)
//
// This Font Software is licensed under the SIL Open Font License, Version 1.1.
// This license is copied below, and is also available with a FAQ at:
// http://scripts.sil.org/OFL
//
// -----------------------------------------------------------
// SIL OPEN FONT LICENSE Version 1.1 - 26 February 2007
// -----------------------------------------------------------
//
// PREAMBLE
// The goals of the Open Font License (OFL) are to stimulate worldwide
// development of collaborative font projects, to support the font creation
// efforts of academic and linguistic communities, and to provide a free and
// open framework in which fonts may be shared and improved in partnership
// with others.
//
// The OFL allows the licensed fonts to be used, studied, modified and
// redistributed freely as long as they are not sold by themselves. The
// fonts, including any derivative works, can be bundled, embedded,
// redistributed and/or sold with any software provided that any reserved
// names are not used by derivative works. The fonts and derivatives,
// however, cannot be released under any other type of license. The
// requirement for fonts to remain under this license does not apply
// to any document created using the fonts or their derivatives.
//
// DEFINITIONS
// "Font Software" refers to the set of files released by the Copyright
// Holder(s) under this license and clearly marked as such. This may
// include source files, build scripts and documentation.
//
// "Reserved Font Name" refers to any names specified as such after the
// copyright statement(s).
//
// "Original Version" refers to the collection of Font Software components as
// distributed by the Copyright Holder(s).
//
// "Modified Version" refers to any derivative made by adding to, deleting,
// or substituting -- in part or in whole -- any of the components of the
// Original Version, by changing formats or by porting the Font Software to a
// new environment.
//
// "Author" refers to any designer, engineer, programmer, technical
// writer or other person who contributed to the Font Software.
//
// PERMISSION AND CONDITIONS
// Permission is hereby granted, free of charge, to any person obtaining
// a copy of the Font Software, to use, study, copy, merge, embed, modify,
// redistribute, and sell modified and unmodified copies of the Font
// Software, subject to the following conditions:
//
// 1) Neither the Font Software nor any of its individual components,
// in Original or Modified Versions, may be sold by itself.
//
// 2) Original or Modified Versions of the Font Software may be bundled,
// redistributed and/or sold with any software, provided that each copy
// contains the above copyright notice and this license. These can be
// included either as stand-alone text files, human-readable headers or
// in the appropriate machine-readable metadata fields within text or
// binary files as long as those fields can be easily viewed by the user.
//
// 3) No Modified Version of the Font Software may use the Reserved Font
// Name(s) unless explicit written permission is granted by the corresponding
// Copyright Holder. This restriction only applies to the primary font name as
// presented to the users.
//
// 4) The name(s) of the Copyright Holder(s) or the Author(s) of the Font
// Software shall not be used to promote, endorse or advertise any
// Modified Version, except to acknowledge the contribution(s) of the
// Copyright Holder(s) and the Author(s) or with their explicit written
// permission.
//
// 5) The Font Software, modified or unmodified, in part or in whole,
// must be distributed entirely under this license, and must not be
// distributed under any other license. The requirement for fonts to
// remain under this license does not apply to any document created
// using the Font Software.
//
// TERMINATION
// This license becomes null and void if any of the above conditions are
// not met.
//
// DISCLAIMER
// THE FONT SOFTWARE IS PROVIDED "AS IS", WITHOUT WARRANTY OF ANY KIND,
// EXPRESS OR IMPLIED, INCLUDING BUT NOT LIMITED TO ANY WARRANTIES OF
// MERCHANTABILITY, FITNESS FOR A PARTICULAR PURPOSE AND NONINFRINGEMENT
// OF COPYRIGHT, PATENT, TRADEMARK, OR OTHER RIGHT. IN NO EVENT SHALL THE
// COPYRIGHT HOLDER BE LIABLE FOR ANY CLAIM, DAMAGES OR OTHER LIABILITY,
// INCLUDING ANY GENERAL, SPECIAL, INDIRECT, INCIDENTAL, OR CONSEQUENTIAL
// DAMAGES, WHETHER IN AN ACTION OF CONTRACT, TORT OR OTHERWISE, ARISING
// FROM, OUT OF THE USE OR INABILITY TO USE THE FONT SOFTWARE OR FROM
// OTHER DEALINGS IN THE FONT SOFTWARE.

#include <string>

namespace nexa {

// The two fonts as C++ source, for a generated program that uses std/ui.
inline std::string uiFontDataCpp() {
    std::string out;
    out += R"NEXAFONT(
// Inter 4.1, SIL Open Font License 1.1 -- Copyright (c) 2016 The Inter Project
// Authors (https://github.com/rsms/inter). Regular and SemiBold, subset.
static const unsigned char __nexa_ui_font_regular[45732 + 1] =
"\x00\x01\x00\x00\x00\x0c\x00\x80\x00\x03\x00\x40\x4f\x53\x2f\x32\xf0\x73\x19\x7d\x00\x00\x01\x48\x00\x00\x00\x60\x63\x6d\x61\x70\xac\x46\xd6\x4c\x00\x00\x05\x34"
"\x00\x00\x02\x04\x67\x61\x73\x70\x00\x00\x00\x10\x00\x00\xb2\x9c\x00\x00\x00\x08\x67\x6c\x79\x66\xea\x4e\x78\xfb\x00\x00\x09\x00\x00\x00\x36\xb8\x68\x65\x61\x64"
"\x38\x1a\xe1\x8a\x00\x00\x00\xcc\x00\x00\x00\x36\x68\x68\x65\x61\x16\x84\x13\xd1\x00\x00\x01\x04\x00\x00\x00\x24\x68\x6d\x74\x78\xda\x59\x69\xe0\x00\x00\x01\xa8"
"\x00\x00\x03\x8c\x6b\x65\x72\x6e\x7a\x58\x8f\x09\x00\x00\x3f\xb8\x00\x00\x71\x4c\x6c\x6f\x63\x61\xe2\x05\xef\xf5\x00\x00\x07\x38\x00\x00\x01\xc8\x6d\x61\x78\x70"
"\x00\xfc\x00\xef\x00\x00\x01\x28\x00\x00\x00\x20\x6e\x61\x6d\x65\x1c\xad\x35\xc7\x00\x00\xb1\x04\x00\x00\x01\x78\x70\x6f\x73\x74\xfe\xa7\x00\x8c\x00\x00\xb2\x7c"
"\x00\x00\x00\x20\x00\x01\x00\x00\x00\x04\x00\x42\x81\x6d\xa7\x91\x5f\x0f\x3c\xf5\x00\x07\x08\x00\x00\x00\x00\x00\xe3\x5d\x94\x32\x00\x00\x00\x00\xe6\xde\x01\xd5"
"\xfa\x17\xfd\x6c\x14\xaa\x08\xdd\x00\x00\x00\x03\x00\x02\x00\x00\x00\x00\x00\x00\x00\x01\x00\x00\x07\xc0\xfe\x12\x00\x00\x15\x74\xfa\x17\xf7\x68\x14\xaa\x08\x00"
"\x00\x00\x00\x00\x00\x00\x00\x00\x00\x00\x00\x00\x00\x00\x00\xe3\x00\x01\x00\x00\x00\xe3\x00\x84\x00\x0a\x00\x69\x00\x07\x00\x01\x00\x00\x00\x00\x00\x00\x00\x00"
"\x00\x00\x00\x00\x00\x07\x00\x01\x00\x04\x05\x1f\x01\x90\x00\x05\x00\x00\x05\x33\x04\xcd\x00\x00\x00\x9a\x05\x33\x04\xcd\x00\x00\x02\xcd\x00\x8c\x02\x9f\x00\x00"
"\x02\x00\x05\x03\x00\x00\x00\x02\x00\x04\x80\x00\x00\x03\x00\x00\x80\x22\x00\x00\x00\x00\x00\x00\x00\x00\x52\x53\x4d\x53\x00\xc0\x00\x20\x27\x13\x07\xc0\xfe\x12"
"\x00\x00\x07\xc0\x01\xee\x00\x00\x00\x01\x00\x00\x00\x00\x04\x5e\x05\xd2\x00\x00\x00\x20\x00\x0c\x05\x40\x01\x48\x05\x85\x00\x34\x05\x85\x00\x34\x05\x85\x00\x34"
"\x05\x85\x00\x34\x05\x85\x00\x34\x05\x85\x00\x34\x05\x85\x00\x34\x07\xf3\x00\x34\x05\x3c\x00\xb4\x05\xd8\x00\x7a\x05\xd8\x00\x7a\x05\xc6\x00\xb4\x04\xcf\x00\xb4"
"\x04\xcf\x00\xb4\x04\xcf\x00\xb4\x04\xcf\x00\xb4\x04\xcf\x00\xb4\x04\xb9\x00\xb4\x05\xf8\x00\x7a\x05\xf2\x00\xb4\x02\x26\x00\xb4\x02\x26\xff\xca\x02\x26\x00\x0b"
"\x02\x26\x00\xb4\x02\x26\xff\xd2\x04\x91\x00\x64\x05\x60\x00\xb4\x04\x86\x00\xb4\x07\x3a\x00\xb4\x06\x07\x00\xb4\x06\x07\x00\xb4\x06\x1e\x00\x7a\x06\x1e\x00\x7a"
"\x06\x1e\x00\x7a\x06\x1e\x00\x7a\x06\x1e\x00\x7a\x06\x1e\x00\x7a\x06\x1e\x00\x7a\x05\x1c\x00\xb4\x06\x1e\x00\x7a\x05\x26\x00\xb4\x05\x22\x00\x74\x05\x2a\x00\x62"
"\x05\xf4\x00\xb4\x05\xf4\x00\xb4\x05\xf4\x00\xb4\x05\xf4\x00\xb4\x05\xf4\x00\xb4\x05\x85\x00\x34\x07\xe2\x00\x34\x05\x75\x00\x39\x05\x6e\x00\x34\x05\x6e\x00\x34"
"\x05\x08\x00\x7a\x04\x7e\x00\x5a\x04\x7e\x00\x5a\x04\x7e\x00\x5a\x04\x7e\x00\x5a\x04\x7e\x00\x5a\x04\x7e\x00\x5a\x04\x7e\x00\x5a\x07\x57\x00\x5a\x04\xe6\x00\x9e"
"\x04\xe6\x00\x9e\x04\x92\x00\x68\x04\x92\x00\x68\x04\xe6\x00\x68\x04\xaa\x00\x68\x04\xaa\x00\x68\x04\xaa\x00\x68\x04\xaa\x00\x68\x04\xaa\x00\x68\x02\xf6\x00\x14"
"\x04\xe8\x00\x68\x04\xbb\x00\x9e\x01\xf0\x00\x7c\x01\xf0\x00\x9e\x01\xf0\xff\xb0\x01\xf0\xff\xf1\x01\xf0\x00\x9e\x01\xf0\xff\xb8\x01\xf0\xff\xe6\x01\xf0\xff\xe6"
"\x04\x64\x00\x9e\x01\xf0\x00\x9e\x07\x02\x00\x9e\x04\xba\x00\x9e\x04\xba\x00\x9e\x04\xcc\x00\x68\x04\xcc\x00\x68\x04\xcc\x00\x68\x04\xcc\x00\x53\x04\xcc\x00\x68"
"\x04\xcc\x00\x68\x04\xcc\x00\x68\x04\xe6\x00\x9e\x04\xe6\x00\x68\x03\x03\x00\x9e\x04\x39\x00\x6c\x04\xee\x00\xb4\x02\x9e\x00\x14\x04\xbb\x00\x9e\x04\xbb\x00\x9e"
"\x04\xb0\x00\x9e\x04\xbb\x00\x9e\x04\xbb\x00\x9e\x04\xbb\x00\x9e\x04\x7f\x00\x36\x06\x8c\x00\x46\x04\x5e\x00\x41\x04\x7f\x00\x36\x04\x7f\x00\x36\x04\x7f\x00\x36"
"\x04\x6b\x00\x7e\x05\x16\x00\xa8\x04\xa9\x00\x68\x05\x22\x00\x74\x04\x92\x00\x68\x04\x66\x00\x1e\x04\xe3\x00\x6e\x05\x55\x00\x34\x05\x0c\x00\x7a\x03\x41\x00\x60"
"\x04\xe1\x00\x9a\x04\xf1\x00\x7d\x05\x2b\x00\x78\x04\xbf\x00\x80\x04\xf6\x00\x7a\x04\x87\x00\x62\x04\xf3\x00\x7a\x04\xf6\x00\x7a\x05\x27\x00\x68\x02\x4d\x00\xa0"
"\x02\x4d\x00\xa0\x04\x17\x00\x52\x04\x17\x00\x66\x02\xeb\x00\xda\x02\xeb\x00\x60\x02\xeb\x00\xe2\x02\xeb\x00\x7b\x03\x69\x00\x90\x03\x69\x00\x7b\x07\xba\x00\x7a"
"\x05\x11\x00\x22\x05\xcc\x00\x78\x02\xe2\x00\x2e\x02\xa9\x01\x06\x02\x29\x00\xc0\x02\xe2\x00\x2e\x03\xae\x00\x90\x04\x00\x00\x00\x08\x00\x00\x00\x04\x80\x01\x00"
"\x02\x16\x00\xa0\x02\x16\x00\xa0\x02\x66\x00\xd2\x03\xba\x00\xd2\x03\x86\x00\xa0\x03\x86\x00\xa0\x02\x4e\x00\x80\x02\x4e\x00\xa0\x06\xea\x00\xa0\x02\x4e\x00\xa0"
"\x02\x6a\x00\x80\x02\x4e\x00\xa0\x03\x13\x00\x64\x03\x13\x00\x50\x04\xa9\x00\x64\x04\xa9\x00\x50\x05\x4b\x00\xae\x05\x4b\x00\xed\x05\x4b\x00\xe2\x05\x4b\x00\xc3"
"\x05\x4b\x00\xd2\x05\x4b\x00\xd2\x05\x4b\x00\xce\x05\x4b\x00\xa6\x05\x4b\x00\xe0\x03\xa6\x00\x00\x03\xc5\x00\x52\x04\x02\x00\x72\x05\x54\x00\x64\x07\x50\x00\xa8"
"\x03\xa5\x00\x82\x03\xa1\x00\x43\x03\xdc\x00\x4e\x04\xd2\x00\x6e\x04\x8c\x00\x7a\x02\x6f\x00\x63\x03\x89\x00\x70\x03\x91\x00\x67\x01\x89\xfe\x70\x02\x1b\x00\x4b"
"\x02\xf1\x00\x63\x03\x0d\x00\x64\x03\x21\x00\x5b\x06\xc7\x00\x4b\x06\x6b\x00\x4b\x07\x0e\x00\x64\x07\xdb\x00\xe6\x02\x95\x00\xa8\x02\x95\x00\x96\x04\xba\x01\x14"
"\x03\xd2\x00\xd4\x02\x25\x00\x9b\x00\x00\x00\xa8\x00\x00\x00\x96\x00\x00\x00\xd4\x00\x00\x00\xe2\x02\x40\x00\x00\x02\x40\x00\x00\x07\xa2\x00\xca\x07\xa2\x01\x00"
"\x06\xac\x00\xca\x06\xac\x00\xca\x07\x13\x00\xde\x05\xe1\x00\x14\x00\x00\x01\x14\x00\x00\x00\x7a\x00\x00\x00\x66\x00\x00\x00\x2a\x00\x00\x00\x9b\x00\x00\x00\x2a"
"\x04\x9c\x00\x06\x04\xc9\x00\x52\x03\x69\x00\x32\x00\x00\x00\x02\x00\x00\x00\x03\x00\x00\x00\x14\x00\x03\x00\x01\x00\x00\x00\x14\x00\x04\x01\xf0\x00\x00\x00\x1c"
"\x00\x10\x00\x03\x00\x0c\x00\x2f\x00\x39\x00\x7e\x00\xac\x00\xff\x20\x14\x20\x19\x20\x1d\x20\x22\x20\x26\x20\xac\x21\x93\x27\x13\xff\xff\x00\x00\x00\x20\x00\x30"
"\x00\x3a\x00\xa0\x00\xae\x20\x13\x20\x18\x20\x1c\x20\x22\x20\x26\x20\xac\x21\x90\x27\x13\xff\xff\x00\x00\x00\x4a\x00\x00\x00\x00\x00\x00\xe0\x84\xe0\x82\xe0\x82"
"\xe0\x77\xe0\x7c\xdf\xcd\x00\x00\xd9\xc5\x00\x01\x00\x1c\x00\x00\x00\x38\x00\xc0\x00\xd8\x00\x00\x00\x00\x00\x00\x00\x00\x00\x00\x00\x00\x01\x6e\x00\x00\x00\x00"
"\x00\xd2\x00\x85\x00\x9d\x00\x90\x00\x75\x00\xc8\x00\x84\x00\x9c\x00\x89\x00\x8a\x00\xb5\x00\xad\x00\xa0\x00\x96\x00\xa1\x00\x92\x00\xa3\x00\xa4\x00\xaa\x00\xac"
"\x00\xab\x00\x87\x00\x8f\x00\x01\x00\x09\x00\x0a\x00\x0c\x00\x0d\x00\x12\x00\x13\x00\x14\x00\x15\x00\x1a\x00\x1b\x00\x1c\x00\x1d\x00\x1e\x00\x20\x00\x27\x00\x28"
"\x00\x29\x00\x2a\x00\x2b\x00\x2c\x00\x31\x00\x32\x00\x33\x00\x34\x00\x36\x00\x8b\x00\x95\x00\x8c\x00\xb4\x00\xb3\x00\xca\x00\x37\x00\x3f\x00\x41\x00\x43\x00\x44"
"\x00\x49\x00\x4a\x00\x4b\x00\x4c\x00\x53\x00\x54\x00\x55\x00\x56\x00\x57\x00\x59\x00\x60\x00\x61\x00\x62\x00\x63\x00\x65\x00\x66\x00\x6c\x00\x6d\x00\x6e\x00\x6f"
"\x00\x72\x00\x8d\x00\x93\x00\x8e\x00\xb1\x00\xd3\x00\x86\x00\x76\x00\x78\x00\x91\x00\x77\x00\x94\x00\xbc\x00\xcb\x00\xb7\x00\xb9\x00\xa8\x00\xb2\x00\xb6\x00\xcc"
"\x00\xb8\x00\xb0\x00\xbe\x00\xbf\x00\xc9\x00\x68\x00\xbb\x00\xa5\x00\xcd\x00\xbd\x00\xba\x00\xa9\x00\xc6\x00\xc5\x00\xc7\x00\x88\x00\x04\x00\x05\x00\x06\x00\x03"
"\x00\x02\x00\x07\x00\x08\x00\x0b\x00\x0e\x00\x0f\x00\x10\x00\x11\x00\x17\x00\x18\x00\x19\x00\x16\x00\xd9\x00\x1f\x00\x24\x00\x25\x00\x26\x00\x22\x00\x21\x00\xae"
"\x00\x23\x00\x2d\x00\x2e\x00\x2f\x00\x30\x00\x35\x00\x73\x00\x64\x00\x3b\x00\x38\x00\x39\x00\x3d\x00\x3a\x00\x3c\x00\x3e\x00\x42\x00\x46\x00\x47\x00\x48\x00\x45"
"\x00\x4f\x00\x50\x00\x51\x00\x4e\x00\x74\x00\x58\x00\x5d\x00\x5e\x00\x5f\x00\x5b\x00\x5a\x00\xaf\x00\x5c\x00\x69\x00\x6a\x00\x6b\x00\x67\x00\x71\x00\x40\x00\x70"
"\x00\xd4\x00\xd6\x00\xd5\x00\xd7\x00\x00\x00\x00\x00\x24\x00\x30\x00\x3c\x00\x48\x00\x54\x00\x60\x00\x6c\x00\x92\x00\xcd\x01\x03\x01\x0f\x01\x38\x01\x4f\x01\x5b"
"\x01\x67\x01\x73\x01\x7f\x01\x94\x01\xcf\x01\xe6\x01\xf4\x02\x00\x02\x0c\x02\x18\x02\x24\x02\x41\x02\x63\x02\x72\x02\xa9\x02\xd1\x02\xdd\x03\x15\x03\x21\x03\x2d"
"\x03\x39\x03\x45\x03\x51\x03\x5d\x03\x82\x03\xc4\x03\xf0\x04\x38\x04\x4a\x04\x6f\x04\x7b\x04\x87\x04\x93\x04\x9f\x04\xbd\x04\xf5\x05\x27\x05\x48\x05\x54\x05\x7b"
"\x05\xc9\x05\xd5\x05\xe1\x05\xec\x05\xf8\x06\x04\x06\x0f\x06\x78\x06\xb0\x06\xe9\x07\x19\x07\x25\x07\x5d\x07\x93\x07\x9e\x07\xaa\x07\xb6\x07\xc2\x07\xe9\x08\x31"
"\x08\x53\x08\x5e\x08\x6a\x08\x76\x08\x82\x08\x8d\x08\x99\x08\xae\x08\xb9\x08\xd5\x08\xe3\x09\x18\x09\x3a\x09\x45\x09\x79\x09\x84\x09\x8f\x09\x9a\x09\xa6\x09\xb2"
"\x09\xbe\x09\xf7\x0a\x30\x0a\x4f\x0a\x8c\x0a\xc8\x0a\xee\x0b\x0f\x0b\x1a\x0b\x46\x0b\x52\x0b\x5e\x0b\x6a\x0b\x87\x0b\xc0\x0b\xed\x0c\x1a\x0c\x25\x0c\x31\x0c\x49"
"\x0c\x72\x0c\xc4\x0d\x1b\x0d\x57\x0d\x85\x0d\xc3\x0e\x0a\x0e\x3a\x0e\x4e\x0e\x7c\x0e\xbe\x0e\xdd\x0f\x16\x0f\x5e\x0f\x71\x0f\xc3\x10\x0c\x10\x67\x10\x85\x10\xa3"
"\x10\xe4\x11\x25\x11\x46\x11\x67\x11\x79\x11\x8b\x11\xbd\x11\xed\x12\x65\x12\x9e\x12\xee\x12\xfe\x13\x0c\x13\x20\x13\x2f\x13\x3c\x13\x49\x13\x56\x13\x73\x13\x81"
"\x13\x8f\x13\x9d\x13\xa9\x13\xb5\x13\xc1\x13\xca\x13\xe0\x13\xf0\x13\xfc\x14\x09\x14\x12\x14\x26\x14\x3a\x14\x46\x14\x52\x14\x67\x14\x7e\x14\x92\x14\xaa\x14\xcc"
"\x14\xf9\x15\x18\x15\x45\x15\x56\x15\x62\x15\x77\x15\xa0\x15\xf7\x16\x62\x16\x8e\x16\xd3\x16\xff\x17\x1a\x17\x84\x17\x97\x17\xc1\x17\xff\x18\x0e\x18\x21\x18\x4a"
"\x18\x88\x18\xa5\x18\xb6\x18\xc7\x18\xd8\x19\x3c\x19\x44\x19\x4c\x19\x54\x19\x5c\x19\x64\x19\x72\x19\x81\x19\x8e\x19\xb1\x19\xb1\x19\xb1\x19\xd8\x19\xfe\x1a\x26"
"\x1a\x4e\x1a\x62\x1a\x6d\x1a\x93\x1a\xa9\x1a\xbd\x1a\xe9\x1b\x07\x1b\x33\x1b\x41\x1b\x4f\x1b\x5c\x00\x02\x00\x34\x00\x00\x05\x51\x05\xd2\x00\x07\x00\x10\x00\x00"
"\x33\x01\x33\x01\x23\x03\x21\x03\x13\x21\x03\x26\x26\x27\x06\x06\x07\x34\x02\x1d\xdc\x02\x24\xc8\x95\xfd\x9a\x90\xca\x01\xf1\x6c\x1b\x44\x30\x2f\x46\x18\x05\xd2"
"\xfa\x2e\x01\xa0\xfe\x60\x02\x46\x01\x2e\x4b\xd9\xa2\xa5\xdc\x45\xff\xff\x00\x34\x00\x00\x05\x51\x07\x76\x02\x26\x00\x01\x00\x00\x00\x07\x00\xda\x00\x65\x01\x74"
"\xff\xff\x00\x34\x00\x00\x05\x51\x07\x69\x02\x26\x00\x01\x00\x00\x00\x07\x00\xd1\x00\xbd\x01\x74\xff\xff\x00\x34\x00\x00\x05\x51\x07\x8a\x02\x26\x00\x01\x00\x00"
"\x00\x07\x00\xcf\x01\x24\x01\x74\xff\xff\x00\x34\x00\x00\x05\x51\x07\x8a\x02\x26\x00\x01\x00\x00\x00\x07\x00\xce\x01\xcb\x01\x74\xff\xff\x00\x34\x00\x00\x05\x51"
"\x07\x8a\x02\x26\x00\x01\x00\x00\x00\x07\x00\xdc\x01\x1b\x01\x74\xff\xff\x00\x34\x00\x00\x05\x51\x07\xfa\x02\x26\x00\x01\x00\x00\x00\x07\x00\xdf\x01\x91\x00\x00"
"\x00\x02\x00\x34\x00\x00\x07\x6d\x05\xd2\x00\x0f\x00\x13\x00\x00\x33\x01\x21\x15\x21\x11\x21\x15\x21\x11\x21\x15\x21\x11\x21\x03\x01\x21\x11\x23\x34\x02\xcc\x04"
"\x62\xfd\x34\x02\x9e\xfd\x62\x02\xd7\xfc\x73\xfd\xe7\xc2\x01\x0c\x01\xcf\x5d\x05\xd2\xa8\xfe\x14\xa8\xfe\x12\xa8\x01\xa0\xfe\x60\x02\x3e\x03\x19\x00\x03\x00\xb4"
"\x00\x00\x04\xc8\x05\xd2\x00\x13\x00\x1d\x00\x26\x00\x00\x33\x11\x21\x32\x16\x16\x15\x14\x06\x06\x07\x15\x1e\x02\x15\x14\x06\x06\x23\x25\x21\x32\x36\x35\x34\x26"
"\x26\x23\x21\x35\x21\x32\x36\x35\x34\x26\x23\x21\xb4\x02\x10\x9c\xcb\x63\x44\x6f\x41\x46\x8b\x5d\x67\xdc\xb0\xfe\x9d\x01\x5e\xae\x93\x4c\x8b\x60\xfe\x98\x01\x48"
"\x78\xa6\x87\x91\xfe\xb2\x05\xd2\x6b\xb3\x6d\x60\x7d\x4a\x12\x0e\x04\x58\xa2\x75\x70\xb4\x69\xa8\x86\x61\x4b\x7e\x4c\xa0\x8c\x73\x61\x86\x00\x01\x00\x7a\xff\xec"
"\x05\x68\x05\xe6\x00\x21\x00\x00\x05\x22\x24\x02\x35\x34\x12\x24\x33\x32\x16\x16\x17\x23\x2e\x02\x23\x22\x06\x02\x15\x14\x12\x16\x33\x32\x36\x36\x37\x33\x0e\x02"
"\x03\x0f\xbf\xfe\xd5\xab\xab\x01\x2b\xbf\x97\xfd\xab\x1a\xbe\x15\x79\xac\x61\x86\xd8\x7e\x7f\xd8\x85\x62\xab\x79\x15\xbe\x1a\xa9\xfd\x14\xb9\x01\x57\xec\xed\x01"
"\x57\xba\x75\xda\x9a\x66\x8c\x47\x88\xfe\xf9\xbf\xbe\xfe\xf9\x87\x48\x8c\x65\x97\xdc\x76\xff\xff\x00\x7a\xfe\x53\x05\x68\x05\xe6\x02\x26\x00\x0a\x00\x00\x00\x07"
"\x00\xde\x02\x04\xff\xf5\x00\x02\x00\xb4\x00\x00\x05\x4c\x05\xd2\x00\x0a\x00\x13\x00\x00\x21\x21\x11\x21\x32\x04\x12\x15\x14\x02\x04\x25\x21\x20\x00\x11\x10\x00"
"\x21\x21\x02\x85\xfe\x2f\x01\xe4\xda\x01\x35\xa5\xa6\xfe\xc2\xfe\x0a\x01\x07\x01\x10\x01\x0b\xfe\xfa\xfe\xfd\xfe\xe7\x05\xd2\xb2\xfe\xb3\xe7\xe9\xfe\xb1\xb4\xa8"
"\x01\x35\x01\x0f\x01\x0d\x01\x31\x00\x01\x00\xb4\x00\x00\x04\x49\x05\xd2\x00\x0b\x00\x00\x33\x11\x21\x15\x21\x11\x21\x15\x21\x11\x21\x15\xb4\x03\x8c\xfd\x32\x02"
"\x9d\xfd\x63\x02\xd7\x05\xd2\xa8\xfe\x1a\xa8\xfe\x0c\xa8\xff\xff\x00\xb4\x00\x00\x04\x49\x07\x8a\x02\x26\x00\x0d\x00\x00\x00\x07\x00\xcf\x00\xe1\x01\x74\xff\xff"
"\x00\xb4\x00\x00\x04\x49\x07\x8a\x02\x26\x00\x0d\x00\x00\x00\x07\x00\xce\x01\x88\x01\x74\xff\xff\x00\xb4\x00\x00\x04\x49\x07\x8a\x02\x26\x00\x0d\x00\x00\x00\x07"
"\x00\xdc\x00\xd8\x01\x74\xff\xff\x00\xb4\x00\x00\x04\x49\x07\x76\x02\x26\x00\x0d\x00\x00\x00\x07\x00\xda\x00\x22\x01\x74\x00\x01\x00\xb4\x00\x00\x04\x39\x05\xd2"
"\x00\x09\x00\x00\x33\x11\x21\x15\x21\x11\x21\x15\x21\x11\xb4\x03\x85\xfd\x39\x02\x83\xfd\x7d\x05\xd2\xa8\xfe\x02\xa8\xfd\x7c\x00\x00\x01\x00\x7a\xff\xec\x05\x78"
"\x05\xe6\x00\x23\x00\x00\x05\x22\x24\x02\x35\x34\x12\x24\x33\x32\x04\x16\x17\x23\x26\x26\x23\x22\x06\x02\x15\x14\x12\x16\x33\x32\x36\x36\x37\x21\x35\x21\x15\x14"
"\x02\x04\x03\x15\xc7\xfe\xd4\xa8\xa8\x01\x28\xbf\x9e\x01\x01\xaa\x1b\xc4\x2e\xd3\x9e\x83\xd6\x7e\x7f\xda\x89\x7c\xbe\x6d\x02\xfe\x7e\x02\x3c\x9e\xfe\xed\x14\xba"
"\x01\x57\xeb\xed\x01\x57\xba\x7b\xdb\x91\x8f\xa8\x87\xfe\xf9\xc0\xbe\xfe\xfa\x88\x68\xc0\x83\xa6\xa3\xb9\xfe\xf0\x95\x00\x00\x01\x00\xb4\x00\x00\x05\x3e\x05\xd2"
"\x00\x0b\x00\x00\x33\x11\x33\x11\x21\x11\x33\x11\x23\x11\x21\x11\xb4\xbe\x03\x0e\xbe\xbe\xfc\xf2\x05\xd2\xfd\x7c\x02\x84\xfa\x2e\x02\xa6\xfd\x5a\x00\x01\x00\xb4"
"\x00\x00\x01\x72\x05\xd2\x00\x03\x00\x00\x01\x11\x23\x11\x01\x72\xbe\x05\xd2\xfa\x2e\x05\xd2\x00\xff\xff\xff\xca\x00\x00\x02\x5c\x07\x76\x02\x26\x00\x15\x00\x00"
"\x00\x07\x00\xda\xfe\xb6\x01\x74\xff\xff\x00\x0b\x00\x00\x01\x72\x07\x8a\x02\x26\x00\x15\x00\x00\x00\x07\x00\xcf\xff\x75\x01\x74\xff\xff\x00\xb4\x00\x00\x02\x19"
"\x07\x8a\x02\x26\x00\x15\x00\x00\x00\x07\x00\xce\x00\x1c\x01\x74\xff\xff\xff\xd2\x00\x00\x02\x54\x07\x8a\x02\x26\x00\x15\x00\x00\x00\x07\x00\xdc\xff\x6c\x01\x74"
"\x00\x01\x00\x64\xff\xec\x03\xdd\x05\xd2\x00\x11\x00\x00\x05\x22\x26\x35\x35\x33\x15\x14\x16\x33\x32\x36\x35\x11\x33\x11\x14\x06\x02\x21\xc5\xf8\xbe\x8c\x73\x72"
"\x8c\xbe\xf7\x14\xe8\xd6\x50\x50\x88\x8f\x8f\x88\x04\x28\xfb\xd8\xd6\xe8\x00\x01\x00\xb4\x00\x00\x05\x27\x05\xd2\x00\x0f\x00\x00\x33\x11\x33\x11\x03\x36\x36\x37"
"\x01\x33\x01\x01\x23\x01\x07\x11\xb4\xbe\x03\x3e\x7f\x44\x01\xbd\xf9\xfd\xa6\x02\x5b\xe1\xfe\x03\xd7\x05\xd2\xfe\x02\xfe\xee\x51\x94\x4a\x01\xe1\xfd\x7b\xfc\xb3"
"\x02\xcc\xe3\xfe\x17\x00\x00\x01\x00\xb4\x00\x00\x04\x24\x05\xd2\x00\x05\x00\x00\x33\x11\x33\x11\x21\x15\xb4\xbe\x02\xb2\x05\xd2\xfa\xd6\xa8\x00\x00\x01\x00\xb4"
"\x00\x00\x06\x86\x05\xd2\x00\x1e\x00\x00\x33\x11\x21\x01\x16\x16\x17\x36\x36\x37\x01\x21\x11\x23\x11\x34\x36\x37\x06\x06\x07\x01\x23\x01\x26\x26\x27\x16\x16\x15"
"\x11\xb4\x01\x0e\x01\x6f\x15\x3e\x1b\x1a\x3e\x16\x01\x6a\x01\x0f\xbb\x04\x03\x29\x53\x1a\xfe\xb3\xa5\xfe\xae\x19\x51\x2c\x02\x05\x05\xd2\xfc\x54\x36\xc2\x5b\x58"
"\xc3\x38\x03\xac\xfa\x2e\x03\x53\x52\xee\x74\x80\xf2\x42\xfc\xad\x03\x53\x3f\xef\x83\x6a\xf1\x56\xfc\xad\x00\x01\x00\xb4\x00\x00\x05\x53\x05\xd2\x00\x16\x00\x00"
"\x33\x11\x33\x01\x16\x16\x17\x26\x26\x35\x11\x33\x11\x23\x01\x2e\x02\x27\x16\x16\x15\x11\xb4\xe0\x02\x5e\x1e\x5f\x33\x09\x04\xbe\xe2\xfd\xe4\x22\x43\x52\x3a\x06"
"\x09\x05\xd2\xfc\x47\x30\xa3\x65\x6c\xb7\x3c\x03\x92\xfa\x2e\x03\x50\x35\x70\x92\x67\x8f\xd7\x36\xfc\xae\xff\xff\x00\xb4\x00\x00\x05\x53\x07\x69\x02\x26\x00\x1e"
"\x00\x00\x00\x07\x00\xd1\x00\xff\x01\x74\x00\x02\x00\x7a\xff\xec\x05\xa4\x05\xe6\x00\x0f\x00\x1f\x00\x00\x05\x22\x24\x02\x35\x34\x12\x24\x33\x32\x04\x12\x15\x14"
"\x02\x04\x27\x32\x36\x12\x35\x34\x02\x26\x23\x22\x06\x02\x15\x14\x12\x16\x03\x10\xbf\xfe\xd5\xac\xac\x01\x2b\xbf\xbf\x01\x2a\xab\xab\xfe\xd6\xbf\x85\xd7\x7f\x7f"
"\xd7\x85\x86\xd8\x7f\x7f\xd8\x14\xb9\x01\x57\xec\xed\x01\x57\xba\xba\xfe\xa9\xed\xec\xfe\xa9\xb9\xb0\x87\x01\x07\xbe\xc0\x01\x07\x87\x88\xfe\xf9\xbf\xbe\xfe\xfa"
"\x88\x00\xff\xff\x00\x7a\xff\xec\x05\xa4\x07\x76\x02\x26\x00\x20\x00\x00\x00\x07\x00\xda\x00\xb3\x01\x74\xff\xff\x00\x7a\xff\xec\x05\xa4\x07\x69\x02\x26\x00\x20"
"\x00\x00\x00\x07\x00\xd1\x01\x0b\x01\x74\xff\xff\x00\x7a\xff\xd2\x05\xa4\x06\x00\x02\x26\x00\x20\x00\x00\x00\x07\x00\xe0\x00\xc2\x00\x00\xff\xff\x00\x7a\xff\xec"
"\x05\xa4\x07\x8a\x02\x26\x00\x20\x00\x00\x00\x07\x00\xcf\x01\x72\x01\x74\xff\xff\x00\x7a\xff\xec\x05\xa4\x07\x8a\x02\x26\x00\x20\x00\x00\x00\x07\x00\xce\x02\x19"
"\x01\x74\xff\xff\x00\x7a\xff\xec\x05\xa4\x07\x8a\x02\x26\x00\x20\x00\x00\x00\x07\x00\xdc\x01\x69\x01\x74\x00\x02\x00\xb4\x00\x00\x04\xae\x05\xd2\x00\x0c\x00\x15"
"\x00\x00\x33\x11\x21\x32\x16\x16\x15\x14\x06\x06\x23\x21\x11\x11\x21\x32\x36\x35\x34\x26\x23\x21\xb4\x01\xfe\xae\xe1\x6d\x6d\xe0\xae\xfe\xbf\x01\x38\xb1\x96\x96"
"\xb3\xfe\xca\x05\xd2\x7f\xd6\x85\x85\xd8\x80\xfd\xe5\x02\xc2\xb1\x85\x84\xaf\x00\x00\x02\x00\x7a\xff\x74\x05\xa4\x05\xe6\x00\x13\x00\x27\x00\x00\x05\x22\x24\x02"
"\x35\x34\x12\x24\x33\x32\x04\x12\x15\x14\x02\x07\x17\x23\x27\x06\x03\x33\x17\x36\x36\x35\x34\x02\x26\x23\x22\x06\x02\x15\x14\x12\x16\x33\x32\x37\x03\x10\xbf\xfe"
"\xd5\xac\xac\x01\x2b\xbf\xbf\x01\x2a\xab\x8b\x79\xc0\xc6\x81\x7a\xcd\xc6\x9c\x54\x63\x7f\xd7\x85\x86\xd8\x7f\x7f\xd8\x86\x51\x49\x14\xb9\x01\x57\xec\xed\x01\x57"
"\xba\xba\xfe\xa9\xed\xd3\xfe\xc0\x62\xff\xad\x35\x01\xe6\xcd\x49\xf3\xa7\xc0\x01\x07\x87\x88\xfe\xf9\xbf\xbe\xfe\xfa\x88\x19\x00\x00\x02\x00\xb4\x00\x00\x04\xe8"
"\x05\xd2\x00\x10\x00\x19\x00\x00\x33\x11\x21\x32\x16\x16\x15\x14\x06\x07\x01\x23\x01\x06\x23\x21\x11\x11\x21\x32\x36\x35\x34\x26\x23\x21\xb4\x01\xfe\xae\xe1\x6d"
"\x87\x8d\x01\x4e\xdc\xfe\xca\x11\x12\xfe\xbf\x01\x38\xb0\x97\x97\xb2\xfe\xca\x05\xd2\x77\xd0\x85\x94\xdc\x31\xfd\x9b\x02\x43\x01\xfd\xbe\x02\xeb\x98\x83\x85\xa0"
"\x00\x01\x00\x74\xff\xe6\x04\xae\x05\xe6\x00\x30\x00\x00\x05\x22\x24\x27\x33\x1e\x02\x33\x32\x36\x36\x35\x34\x26\x26\x27\x27\x26\x26\x35\x34\x36\x36\x33\x32\x16"
"\x16\x17\x23\x26\x26\x23\x22\x06\x15\x14\x16\x16\x17\x17\x1e\x03\x15\x14\x06\x06\x02\x91\xf2\xfe\xe2\x0d\xc3\x08\x62\x99\x57\x65\xa1\x5e\x51\x86\x50\xb4\xb4\xc8"
"\x88\xe8\x90\x93\xe2\x83\x04\xba\x0d\xb6\x85\x91\xb0\x61\x85\x36\x95\x3c\x91\x84\x55\x7f\xf2\x1a\xe5\xbb\x54\x6d\x35\x42\x78\x4f\x48\x5a\x3a\x16\x33\x33\xbe\x94"
"\x7e\xbd\x68\x68\xb3\x71\x6d\x77\x89\x69\x4e\x5f\x35\x0f\x29\x10\x38\x5d\x8f\x68\x7a\xc4\x72\x00\x00\x01\x00\x62\x00\x00\x04\xc8\x05\xd2\x00\x07\x00\x00\x13\x35"
"\x21\x15\x21\x11\x23\x11\x62\x04\x66\xfe\x2d\xbe\x05\x2a\xa8\xa8\xfa\xd6\x05\x2a\x00\x01\x00\xb4\xff\xe8\x05\x40\x05\xd2\x00\x15\x00\x00\x05\x22\x24\x26\x35\x11"
"\x33\x11\x14\x16\x16\x33\x32\x36\x36\x35\x11\x33\x11\x14\x06\x04\x02\xfb\xb0\xfe\xf9\x90\xbe\x5f\xb0\x7a\x7a\xaf\x5e\xbe\x90\xfe\xfb\x18\x8a\xf0\x99\x03\xd7\xfc"
"\x38\x6b\xa7\x60\x60\xa7\x6b\x03\xc8\xfc\x29\x99\xf0\x8a\xff\xff\x00\xb4\xff\xe8\x05\x40\x07\x8a\x02\x26\x00\x2c\x00\x00\x00\x07\x00\xcf\x01\x5d\x01\x74\xff\xff"
"\x00\xb4\xff\xe8\x05\x40\x07\x8a\x02\x26\x00\x2c\x00\x00\x00\x07\x00\xce\x02\x04\x01\x74\xff\xff\x00\xb4\xff\xe8\x05\x40\x07\x8a\x02\x26\x00\x2c\x00\x00\x00\x07"
"\x00\xdc\x01\x54\x01\x74\xff\xff\x00\xb4\xff\xe8\x05\x40\x07\x76\x02\x26\x00\x2c\x00\x00\x00\x07\x00\xda\x00\x9e\x01\x74\x00\x01\x00\x34\x00\x00\x05\x51\x05\xd2"
"\x00\x0c\x00\x00\x21\x01\x33\x01\x16\x16\x17\x36\x36\x37\x01\x33\x01\x02\x58\xfd\xdc\xc8\x01\x3b\x19\x47\x2f\x2f\x47\x18\x01\x33\xca\xfd\xe2\x05\xd2\xfc\x8c\x45"
"\xdf\xa0\xa4\xdb\x45\x03\x74\xfa\x2e\x00\x00\x01\x00\x34\x00\x00\x07\xae\x05\xd2\x00\x1d\x00\x00\x21\x01\x33\x13\x16\x16\x17\x36\x36\x37\x13\x33\x13\x16\x17\x36"
"\x36\x37\x13\x33\x01\x23\x01\x26\x26\x27\x06\x06\x07\x03\x01\xca\xfe\x6a\xc2\xec\x18\x2c\x14\x14\x2c\x1a\xf1\xd8\xef\x32\x29\x13\x2d\x18\xeb\xc4\xfe\x68\xdd\xff"
"\x00\x13\x25\x11\x11\x22\x16\xff\x05\xd2\xfc\x6e\x60\xc6\x69\x69\xc6\x60\x03\x92\xfc\x6e\xbb\xce\x67\xc3\x5f\x03\x92\xfa\x2e\x03\xb0\x47\xa2\x62\x5b\x9f\x51\xfc"
"\x50\x00\x00\x01\x00\x39\x00\x00\x05\x3c\x05\xd2\x00\x19\x00\x00\x33\x01\x01\x33\x13\x1e\x02\x17\x3e\x02\x37\x13\x33\x01\x01\x23\x01\x26\x26\x27\x06\x06\x07\x01"
"\x39\x02\x16\xfe\x0b\xdc\xd7\x2c\x3a\x2f\x1b\x1a\x30\x3b\x2c\xdb\xd7\xfe\x0b\x02\x11\xdb\xfe\xfb\x38\x44\x25\x24\x46\x39\xfe\xf9\x02\xfb\x02\xd7\xfe\xc4\x40\x5a"
"\x53\x34\x34\x53\x5a\x40\x01\x3c\xfd\x30\xfc\xfe\x01\x7a\x52\x6b\x49\x47\x6d\x52\xfe\x86\x00\x01\x00\x34\x00\x00\x05\x3a\x05\xd2\x00\x0e\x00\x00\x21\x11\x01\x33"
"\x01\x16\x16\x17\x36\x36\x37\x01\x33\x01\x11\x02\x58\xfd\xdc\xdc\x01\x27\x26\x3e\x1e\x1e\x3e\x24\x01\x26\xdb\xfd\xdc\x02\x62\x03\x70\xfe\x1f\x3e\x6f\x46\x48\x70"
"\x3b\x01\xe1\xfc\x90\xfd\x9e\x00\xff\xff\x00\x34\x00\x00\x05\x3a\x07\x8a\x02\x26\x00\x34\x00\x00\x00\x07\x00\xce\x01\xc0\x01\x74\x00\x01\x00\x7a\x00\x00\x04\x8e"
"\x05\xd2\x00\x15\x00\x00\x33\x35\x01\x36\x36\x37\x06\x06\x23\x21\x35\x21\x15\x01\x06\x06\x07\x36\x36\x33\x21\x15\x82\x02\x9a\x22\x4b\x26\x4a\x96\x4a\xfd\xf5\x04"
"\x0c\xfd\x70\x25\x4f\x29\x4a\x93\x4a\x02\x0e\x86\x03\xdf\x32\x66\x32\x03\x02\xa8\x88\xfc\x31\x36\x6d\x35\x03\x02\xa8\x00\x00\x02\x00\x5a\xff\xe6\x03\xe0\x04\x6c"
"\x00\x25\x00\x36\x00\x00\x05\x22\x26\x26\x35\x34\x3e\x02\x37\x3e\x02\x35\x35\x34\x26\x23\x22\x06\x07\x27\x3e\x02\x33\x32\x1e\x02\x15\x11\x23\x35\x23\x0e\x02\x27"
"\x32\x36\x36\x35\x35\x0e\x03\x07\x0e\x02\x15\x14\x16\x01\xd7\x6a\xad\x66\x4c\x7f\x9a\x4e\x64\x7e\x3d\x76\x74\x79\x88\x1a\xad\x2b\x92\xb0\x56\x38\x8f\x85\x57\xb1"
"\x0c\x13\x54\x86\x40\x64\x8a\x48\x0b\x4a\x5f\x59\x1a\x41\x71\x44\x83\x1a\x50\x9a\x6e\x60\x78\x45\x22\x0a\x0d\x0e\x22\x29\x06\x68\x73\x69\x3b\x39\x66\x73\x30\x1b"
"\x50\x9d\x83\xfd\x1f\x98\x27\x53\x38\x9f\x4e\x7d\x44\x9b\x0d\x15\x10\x0b\x03\x08\x27\x4b\x40\x57\x59\x00\xff\xff\x00\x5a\xff\xe6\x03\xe0\x06\x16\x02\x26\x00\x37"
"\x00\x00\x00\x07\x00\xce\x01\x37\x00\x00\xff\xff\x00\x5a\xff\xe6\x03\xe0\x06\x16\x02\x26\x00\x37\x00\x00\x00\x07\x00\xdc\x00\x87\x00\x00\xff\xff\x00\x5a\xff\xe6"
"\x03\xe0\x06\x02\x02\x26\x00\x37\x00\x00\x00\x06\x00\xda\xd1\x00\xff\xff\x00\x5a\xff\xe6\x03\xe0\x06\x16\x02\x26\x00\x37\x00\x00\x00\x07\x00\xcf\x00\x90\x00\x00"
"\xff\xff\x00\x5a\xff\xe6\x03\xe0\x06\x9c\x02\x26\x00\x37\x00\x00\x00\x07\x00\xdd\x00\xfd\x00\x00\xff\xff\x00\x5a\xff\xe6\x03\xe0\x05\xf5\x02\x26\x00\x37\x00\x00"
"\x00\x06\x00\xd1\x29\x00\x00\x03\x00\x5a\xff\xe6\x06\xf3\x04\x6c\x00\x34\x00\x41\x00\x49\x00\x00\x05\x22\x26\x26\x35\x34\x3e\x02\x33\x33\x35\x34\x26\x23\x22\x06"
"\x07\x27\x3e\x02\x33\x32\x16\x16\x17\x36\x36\x33\x32\x1e\x02\x15\x15\x21\x16\x16\x33\x32\x36\x37\x17\x06\x06\x23\x22\x26\x27\x0e\x02\x13\x23\x22\x06\x06\x15\x14"
"\x16\x33\x32\x36\x36\x35\x37\x21\x26\x26\x23\x22\x06\x06\x01\xd8\x6a\xae\x66\x56\x8c\xa8\x52\xf4\x74\x74\x78\x89\x1a\xad\x2b\x92\xb0\x56\x39\x87\x7b\x28\x3c\xb7"
"\x7c\x59\xac\x8c\x53\xfc\xd7\x07\xbb\x93\x64\x8f\x20\xaf\x27\xed\xae\x92\xd9\x37\x1a\x80\xad\xf4\xf2\x4f\x87\x53\x83\x64\x64\x89\x47\xa1\x02\x6f\x01\xa2\x88\x60"
"\x8e\x50\x1a\x50\x9a\x6e\x60\x80\x4b\x21\x69\x68\x73\x69\x3b\x39\x66\x73\x30\x1b\x4f\x4f\x57\x62\x3b\x83\xd6\x9b\x4b\xaf\xbb\x57\x55\x2d\x7f\xa0\x74\x62\x3c\x62"
"\x3a\x02\x0c\x29\x54\x40\x57\x59\x4e\x7d\x44\xf6\x8c\xb6\x5a\x93\x00\x02\x00\x9e\xff\xe8\x04\x7e\x05\xd2\x00\x16\x00\x24\x00\x00\x05\x22\x26\x26\x27\x23\x15\x23"
"\x11\x33\x11\x33\x3e\x02\x33\x32\x16\x12\x15\x14\x02\x06\x27\x32\x36\x36\x35\x34\x26\x26\x23\x22\x06\x15\x14\x16\x02\xa5\x6a\x82\x46\x13\x14\xae\xb4\x0e\x13\x44"
"\x80\x6d\x8c\xd5\x79\x78\xd5\xa7\x69\x8d\x47\x46\x8d\x6a\x9a\xa0\xa2\x18\x49\x5d\x1f\xad\x05\xd2\xfd\xd9\x1e\x5b\x48\x8c\xfe\xfd\xb1\xb2\xfe\xfc\x8e\xa1\x71\xbf"
"\x75\x74\xbb\x6e\xe4\xb9\xbb\xea\x00\x02\x00\x9e\xfe\x5e\x04\x7e\x05\xd2\x00\x16\x00\x24\x00\x00\x05\x22\x26\x26\x27\x23\x11\x23\x11\x33\x11\x33\x3e\x02\x33\x32"
"\x16\x12\x15\x14\x02\x06\x27\x32\x36\x36\x35\x34\x26\x26\x23\x22\x06\x15\x14\x16\x02\xa5\x6a\x82\x46\x13\x0e\xb4\xb4\x0e\x13\x44\x80\x6d\x8c\xd5\x79\x78\xd5\xa7"
"\x69\x8d\x47\x46\x8d\x6a\x9a\xa0\xa2\x18\x49\x5d\x1f\xfd\xb1\x07\x74\xfd\xd9\x1e\x5b\x48\x8c\xfe\xfd\xb1\xb2\xfe\xfc\x8e\xa1\x71\xbf\x75\x74\xbb\x6e\xe4\xb9\xbb"
"\xea\x00\x00\x01\x00\x68\xff\xe8\x04\x2e\x04\x6c\x00\x1d\x00\x00\x05\x22\x26\x02\x35\x34\x12\x36\x33\x32\x16\x17\x07\x26\x26\x23\x22\x06\x06\x15\x14\x16\x16\x33"
"\x32\x36\x37\x17\x06\x06\x02\x65\x98\xe5\x80\x80\xe5\x98\xa2\xf5\x2e\xad\x19\x91\x6e\x70\x90\x46\x46\x90\x70\x71\x93\x19\xac\x2d\xf8\x18\x90\x01\x04\xac\xaf\x01"
"\x05\x90\xa3\x92\x31\x56\x6f\x75\xbe\x70\x6e\xbd\x74\x73\x5b\x31\x95\xa9\xff\xff\x00\x68\xfe\x5e\x04\x2e\x04\x6c\x02\x26\x00\x41\x00\x00\x00\x07\x00\xde\x01\x5b"
"\x00\x00\x00\x02\x00\x68\xff\xe8\x04\x48\x05\xd2\x00\x16\x00\x24\x00\x00\x05\x22\x26\x02\x35\x34\x12\x36\x33\x32\x16\x16\x17\x33\x11\x33\x11\x23\x35\x23\x0e\x02"
"\x27\x32\x36\x35\x34\x26\x23\x22\x06\x06\x15\x14\x16\x16\x02\x41\x8b\xd6\x78\x79\xd6\x8b\x6d\x80\x45\x12\x0e\xb4\xae\x14\x12\x47\x81\x50\x98\xa2\x9f\x9b\x6a\x8d"
"\x46\x47\x8e\x18\x8e\x01\x04\xb2\xb1\x01\x03\x8c\x48\x5b\x1e\x02\x27\xfa\x2e\xad\x1f\x5d\x49\xa1\xea\xbb\xb9\xe4\x6e\xbb\x74\x75\xbf\x71\x00\x02\x00\x68\xff\xe8"
"\x04\x46\x04\x6c\x00\x18\x00\x20\x00\x00\x05\x22\x26\x02\x35\x34\x12\x36\x33\x32\x1e\x02\x15\x15\x21\x16\x16\x33\x32\x36\x37\x17\x06\x06\x01\x21\x26\x26\x23\x22"
"\x06\x06\x02\x74\xa2\xeb\x7f\x7c\xe3\x98\x59\xad\x8d\x54\xfc\xd8\x07\xbb\x95\x63\x8f\x1f\xae\x27\xed\xfd\xff\x02\x70\x0d\x99\x8a\x60\x8b\x50\x18\x90\x01\x02\xac"
"\xac\x01\x06\x94\x3b\x83\xd6\x9b\x4b\xaf\xbb\x57\x55\x30\x7f\x9d\x02\xa2\x8f\xb3\x5a\x92\xff\xff\x00\x68\xff\xe8\x04\x46\x06\x02\x02\x26\x00\x44\x00\x00\x00\x06"
"\x00\xda\xfe\x00\xff\xff\x00\x68\xff\xe8\x04\x46\x06\x16\x02\x26\x00\x44\x00\x00\x00\x07\x00\xcf\x00\xbd\x00\x00\xff\xff\x00\x68\xff\xe8\x04\x46\x06\x16\x02\x26"
"\x00\x44\x00\x00\x00\x07\x00\xce\x01\x64\x00\x00\xff\xff\x00\x68\xff\xe8\x04\x46\x06\x16\x02\x26\x00\x44\x00\x00\x00\x07\x00\xdc\x00\xb4\x00\x00\x00\x01\x00\x14"
"\x00\x00\x02\xd6\x06\x18\x00\x18\x00\x00\x01\x15\x21\x11\x23\x11\x23\x35\x33\x35\x34\x36\x36\x33\x32\x16\x17\x07\x26\x26\x23\x22\x06\x15\x15\x02\xa6\xfe\xfe\xb4"
"\xdc\xdc\x5b\x92\x51\x40\x54\x14\x32\x0e\x2d\x26\x53\x4c\x04\x5e\x9a\xfc\x3c\x03\xc4\x9a\x95\x61\x82\x42\x15\x09\x9a\x05\x0c\x55\x51\x6d\x00\x02\x00\x68\xfe\x46"
"\x04\x4a\x04\x6c\x00\x24\x00\x31\x00\x00\x01\x22\x26\x27\x37\x1e\x02\x33\x32\x36\x35\x35\x23\x0e\x02\x23\x22\x26\x26\x35\x34\x36\x36\x33\x32\x16\x16\x17\x33\x35"
"\x33\x11\x14\x06\x06\x03\x32\x36\x35\x34\x26\x23\x22\x06\x06\x15\x14\x16\x02\x63\xba\xde\x34\x92\x18\x47\x79\x62\x86\xad\x11\x13\x45\x81\x6c\x86\xd6\x7c\x7a\xd7"
"\x8b\x6c\x81\x46\x13\x11\xaf\x82\xdd\x8d\x98\xa2\x9f\x9b\x6a\x8e\x47\xa2\xfe\x46\x88\x5c\x5e\x20\x4e\x37\x80\x8a\xe0\x20\x58\x43\x7f\xf4\xaf\xad\xff\x8c\x47\x5c"
"\x1e\xb3\xfb\x85\x90\xb7\x56\x02\x6c\xcf\xb7\xb2\xe1\x6d\xb6\x70\xac\xda\x00\x01\x00\x9e\x00\x00\x04\x1d\x05\xd2\x00\x13\x00\x00\x01\x11\x23\x11\x33\x11\x36\x36"
"\x33\x32\x16\x15\x11\x23\x11\x34\x26\x23\x22\x06\x01\x52\xb4\xb4\x37\xab\x6e\xaa\xd1\xb5\x87\x75\x79\xa1\x02\x9e\xfd\x62\x05\xd2\xfd\xca\x70\x60\xd2\xd4\xfd\x3a"
"\x02\xb7\x81\x92\x9d\x00\xff\xff\x00\x7c\x00\x00\x01\x77\x06\x03\x02\x26\x00\x4d\x00\x00\x00\x06\x00\xdb\x02\x00\x00\x01\x00\x9e\x00\x00\x01\x52\x04\x5e\x00\x03"
"\x00\x00\x33\x11\x33\x11\x9e\xb4\x04\x5e\xfb\xa2\xff\xff\xff\xb0\x00\x00\x02\x42\x06\x02\x02\x26\x00\x4d\x00\x00\x00\x07\x00\xda\xfe\x9c\x00\x00\xff\xff\xff\xf1"
"\x00\x00\x01\x52\x06\x16\x02\x26\x00\x4d\x00\x00\x00\x07\x00\xcf\xff\x5b\x00\x00\xff\xff\x00\x9e\x00\x00\x01\xff\x06\x16\x02\x26\x00\x4d\x00\x00\x00\x06\x00\xce"
"\x02\x00\xff\xff\xff\xb8\x00\x00\x02\x3a\x06\x16\x02\x26\x00\x4d\x00\x00\x00\x07\x00\xdc\xff\x52\x00\x00\x00\x01\xff\xe6\xfe\x5e\x01\x53\x04\x5e\x00\x0a\x00\x00"
"\x13\x33\x11\x16\x06\x23\x23\x35\x33\x32\x35\x9d\xb5\x01\xa6\xa3\x24\x21\x96\x04\x5e\xfb\x52\xa0\xb2\xa6\xac\x00\xff\xff\xff\xe6\xfe\x5e\x01\x76\x06\x03\x02\x26"
"\x00\x52\x00\x00\x00\x06\x00\xdb\x01\x00\x00\x01\x00\x9e\x00\x00\x04\x48\x05\xd2\x00\x0c\x00\x00\x33\x11\x33\x11\x33\x01\x33\x01\x01\x23\x01\x07\x11\x9e\xb4\x16"
"\x01\xde\xdf\xfe\x2c\x01\xf7\xe7\xfe\x67\x76\x05\xd2\xfc\x9f\x01\xed\xfe\x20\xfd\x82\x02\x0b\x6f\xfe\x64\x00\x01\x00\x9e\x00\x00\x01\x52\x05\xd2\x00\x03\x00\x00"
"\x01\x11\x23\x11\x01\x52\xb4\x05\xd2\xfa\x2e\x05\xd2\x00\x00\x01\x00\x9e\x00\x00\x06\x64\x04\x72\x00\x23\x00\x00\x33\x11\x33\x17\x36\x36\x33\x32\x16\x17\x36\x36"
"\x33\x32\x16\x16\x15\x11\x23\x11\x34\x26\x23\x22\x06\x15\x11\x23\x11\x34\x26\x23\x22\x06\x15\x11\x9e\xaf\x01\x29\xad\x63\x6e\x91\x1e\x28\xbf\x79\x61\xa0\x5f\xb4"
"\x88\x5a\x71\x82\xb4\x7c\x5f\x62\x98\x04\x5e\xcd\x71\x70\x7d\x67\x6a\x7a\x54\xaa\x82\xfd\x0e\x02\xed\x79\x68\x8a\x6a\xfd\x26\x02\xff\x5d\x72\x88\x86\xfd\x40\x00"
"\x00\x01\x00\x9e\x00\x00\x04\x1c\x04\x6c\x00\x13\x00\x00\x01\x11\x23\x11\x33\x17\x36\x36\x33\x32\x16\x15\x11\x23\x11\x34\x26\x23\x22\x06\x01\x52\xb4\xad\x01\x36"
"\xaf\x71\xaa\xd0\xb4\x87\x75\x79\xa1\x02\x9e\xfd\x62\x04\x5e\xcf\x77\x66\xd2\xd4\xfd\x3a\x02\xb7\x81\x92\x9d\x00\xff\xff\x00\x9e\x00\x00\x04\x1c\x05\xf5\x02\x26"
"\x00\x57\x00\x00\x00\x06\x00\xd1\x58\x00\x00\x02\x00\x68\xff\xe8\x04\x64\x04\x6c\x00\x0f\x00\x1f\x00\x00\x05\x22\x26\x02\x35\x34\x12\x36\x33\x32\x16\x12\x15\x14"
"\x02\x06\x27\x32\x36\x36\x35\x34\x26\x26\x23\x22\x06\x06\x15\x14\x16\x16\x02\x65\x98\xe5\x80\x80\xe5\x98\x99\xe6\x80\x80\xe6\x99\x71\x92\x46\x46\x92\x71\x70\x90"
"\x46\x46\x90\x18\x90\x01\x04\xac\xaf\x01\x05\x90\x90\xfe\xfb\xaf\xac\xfe\xfc\x90\xa1\x74\xbd\x6e\x6f\xbf\x75\x75\xbe\x70\x6e\xbd\x74\x00\xff\xff\x00\x68\xff\xe8"
"\x04\x64\x06\x02\x02\x26\x00\x59\x00\x00\x00\x06\x00\xda\x08\x00\xff\xff\x00\x68\xff\xe8\x04\x64\x05\xf5\x02\x26\x00\x59\x00\x00\x00\x06\x00\xd1\x60\x00\xff\xff"
"\x00\x53\xff\xd3\x04\x77\x04\x8b\x02\x26\x00\x59\x00\x00\x00\x06\x00\xe1\x01\x00\xff\xff\x00\x68\xff\xe8\x04\x64\x06\x16\x02\x26\x00\x59\x00\x00\x00\x07\x00\xcf"
"\x00\xc7\x00\x00\xff\xff\x00\x68\xff\xe8\x04\x64\x06\x16\x02\x26\x00\x59\x00\x00\x00\x07\x00\xce\x01\x6e\x00\x00\xff\xff\x00\x68\xff\xe8\x04\x64\x06\x16\x02\x26"
"\x00\x59\x00\x00\x00\x07\x00\xdc\x00\xbe\x00\x00\x00\x02\x00\x9e\xfe\x5e\x04\x7e\x04\x6c\x00\x16\x00\x24\x00\x00\x13\x11\x33\x15\x33\x3e\x02\x33\x32\x16\x12\x15"
"\x14\x02\x06\x23\x22\x26\x26\x27\x23\x11\x01\x32\x36\x36\x35\x34\x26\x26\x23\x22\x06\x15\x14\x16\x9e\xae\x14\x13\x44\x80\x6d\x8c\xd5\x79\x78\xd5\x8c\x6a\x82\x46"
"\x13\x0e\x01\x38\x69\x8d\x47\x46\x8d\x6a\x9a\xa0\xa2\xfe\x5e\x06\x00\xb3\x1e\x5b\x48\x8c\xfe\xfd\xb1\xb2\xfe\xfc\x8e\x49\x5d\x1f\xfd\xb1\x02\x2b\x71\xbf\x75\x74"
"\xbb\x6e\xe4\xb9\xbb\xea\x00\x02\x00\x68\xfe\x5e\x04\x48\x04\x6c\x00\x16\x00\x24\x00\x00\x01\x23\x11\x23\x0e\x02\x23\x22\x26\x02\x35\x34\x12\x36\x33\x32\x16\x16"
"\x17\x33\x35\x33\x01\x32\x36\x35\x34\x26\x23\x22\x06\x06\x15\x14\x16\x16\x04\x48\xb4\x0e\x12\x47\x81\x6b\x8b\xd6\x78\x79\xd6\x8b\x6d\x80\x45\x12\x14\xae\xfe\x14"
"\x98\xa2\x9f\x9b\x6a\x8d\x46\x47\x8e\xfe\x5e\x02\x4f\x1f\x5d\x49\x8e\x01\x04\xb2\xb1\x01\x03\x8c\x48\x5b\x1e\xb3\xfc\x2b\xea\xbb\xb9\xe4\x6e\xbb\x74\x75\xbf\x71"
"\x00\x01\x00\x9e\x00\x00\x02\xd5\x04\x6e\x00\x12\x00\x00\x33\x11\x33\x15\x33\x36\x36\x33\x32\x16\x17\x15\x26\x26\x23\x22\x06\x15\x11\x9e\xae\x0c\x1f\x9f\x64\x14"
"\x37\x10\x08\x40\x24\x79\x9e\x04\x5e\xac\x55\x67\x02\x01\xb5\x02\x08\x93\x71\xfd\x44\x00\x00\x01\x00\x6c\xff\xe8\x03\xd3\x04\x6c\x00\x27\x00\x00\x05\x22\x26\x27"
"\x37\x16\x16\x33\x32\x36\x35\x34\x27\x27\x24\x35\x34\x36\x36\x33\x32\x16\x17\x07\x26\x26\x23\x22\x06\x15\x14\x16\x17\x17\x16\x16\x15\x14\x06\x06\x02\x1a\xac\xe4"
"\x1e\xab\x18\x85\x64\x75\x8b\xa4\xba\xfe\xd4\x6c\xbb\x77\xad\xbf\x26\xa3\x17\x6b\x6c\x64\x85\x5a\x62\xa9\x98\x92\x6f\xc7\x18\x96\x91\x29\x5c\x56\x64\x45\x73\x27"
"\x2c\x47\xea\x60\x93\x53\x97\x76\x2a\x3c\x62\x5c\x46\x3e\x4b\x17\x28\x24\x97\x73\x62\x99\x58\x00\x00\x01\x00\xb4\x00\x00\x04\x7a\x05\xe6\x00\x2b\x00\x00\x33\x11"
"\x34\x36\x36\x33\x32\x16\x16\x15\x14\x06\x07\x15\x16\x16\x15\x14\x06\x06\x23\x23\x35\x33\x32\x36\x35\x34\x26\x23\x23\x35\x33\x32\x36\x36\x35\x34\x26\x23\x22\x06"
"\x15\x11\xb4\x6f\xc5\x80\x7e\xc7\x74\x7f\x6b\x91\xb2\x6c\xc5\x84\xa5\xa5\x74\x8b\x9a\x83\x81\x5b\x48\x69\x39\x88\x76\x70\x93\x04\x53\x7d\xb5\x61\x5d\xac\x78\x7c"
"\xaf\x25\x0e\x0e\xc5\x9a\x76\xba\x6a\xa7\x8a\x6b\x71\x92\xaa\x49\x75\x42\x67\x8f\x85\x6a\xfb\xb0\x00\x01\x00\x14\xff\xf2\x02\x75\x05\x68\x00\x17\x00\x00\x01\x15"
"\x23\x11\x14\x16\x33\x32\x36\x37\x17\x06\x06\x23\x22\x26\x35\x11\x23\x35\x33\x11\x33\x11\x02\x56\xe6\x3d\x47\x11\x35\x16\x25\x1c\x47\x23\x91\xa2\xa8\xa8\xb4\x04"
"\x5e\x9a\xfd\x5e\x4b\x45\x08\x04\x98\x0a\x0a\x99\x89\x02\xb0\x9a\x01\x0a\xfe\xf6\x00\x01\x00\x9e\xff\xf2\x04\x1d\x04\x5e\x00\x13\x00\x00\x05\x22\x26\x35\x11\x33"
"\x11\x14\x16\x33\x32\x36\x35\x11\x33\x11\x23\x35\x06\x06\x02\x19\xa9\xd2\xb4\x88\x75\x78\xa1\xb5\xae\x37\xb1\x0e\xd2\xd4\x02\xc6\xfd\x49\x81\x92\x9d\x8f\x02\x9e"
"\xfb\xa2\xd1\x7a\x65\x00\xff\xff\x00\x9e\xff\xf2\x04\x1d\x06\x02\x02\x26\x00\x66\x00\x00\x00\x06\x00\xda\x00\x00\x00\x01\x00\x9e\xfe\x5e\x04\xa6\x04\x5e\x00\x1c"
"\x00\x00\x13\x11\x33\x11\x14\x16\x33\x32\x36\x35\x11\x33\x11\x14\x16\x33\x33\x15\x23\x22\x27\x0e\x02\x23\x22\x26\x27\x11\x9e\xb4\x9e\x71\x72\x96\xb4\x30\x3c\x1d"
"\x24\xe1\x2b\x1d\x61\x6b\x2d\x40\x9f\x2f\xfe\x5e\x06\x00\xfd\x5a\x9d\x8c\x8d\x9c\x02\xa6\xfc\x9f\x37\x2b\x9b\xa8\x48\x50\x20\x46\x61\xfd\xc7\x00\xff\xff\x00\x9e"
"\xff\xf2\x04\x1d\x06\x16\x02\x26\x00\x66\x00\x00\x00\x07\x00\xcf\x00\xbf\x00\x00\xff\xff\x00\x9e\xff\xf2\x04\x1d\x06\x16\x02\x26\x00\x66\x00\x00\x00\x07\x00\xce"
"\x01\x66\x00\x00\xff\xff\x00\x9e\xff\xf2\x04\x1d\x06\x16\x02\x26\x00\x66\x00\x00\x00\x07\x00\xdc\x00\xb6\x00\x00\x00\x01\x00\x36\x00\x00\x04\x49\x04\x5e\x00\x0c"
"\x00\x00\x21\x01\x33\x13\x16\x16\x17\x36\x36\x37\x13\x33\x01\x01\xe1\xfe\x55\xc5\xee\x1a\x2a\x13\x13\x29\x1a\xee\xc5\xfe\x55\x04\x5e\xfd\x69\x49\x91\x46\x46\x91"
"\x49\x02\x97\xfb\xa2\x00\x00\x01\x00\x46\x00\x00\x06\x46\x04\x5e\x00\x1e\x00\x00\x21\x01\x33\x13\x16\x16\x17\x36\x36\x37\x13\x33\x13\x16\x16\x17\x36\x36\x37\x13"
"\x33\x01\x23\x03\x26\x26\x27\x06\x06\x07\x03\x01\x99\xfe\xad\xbf\x88\x18\x38\x1b\x1b\x35\x1a\x86\xc0\x84\x18\x35\x1a\x1c\x37\x19\x88\xbf\xfe\xad\xb3\x91\x1c\x33"
"\x1a\x19\x35\x1b\x91\x04\x5e\xfe\x18\x57\xd9\x85\x80\xd8\x5d\x01\xe8\xfe\x18\x5a\xd7\x81\x80\xd7\x5b\x01\xe8\xfb\xa2\x01\xfa\x60\xcc\x6b\x6b\xce\x5e\xfe\x06\x00"
"\x00\x01\x00\x41\x00\x00\x04\x1d\x04\x5e\x00\x17\x00\x00\x33\x01\x01\x33\x17\x16\x16\x17\x36\x36\x37\x37\x33\x01\x01\x23\x27\x26\x26\x27\x06\x06\x07\x07\x41\x01"
"\x89\xfe\x8e\xd2\x8b\x26\x3d\x1d\x1b\x38\x27\x8e\xce\xfe\x8a\x01\x88\xd1\xa4\x25\x3a\x1c\x1a\x36\x26\xa6\x02\x3e\x02\x20\xd9\x3c\x6b\x33\x33\x6b\x3c\xd9\xfd\xd6"
"\xfd\xcc\xfb\x39\x67\x2f\x2f\x67\x39\xfb\x00\x01\x00\x36\xfe\x56\x04\x49\x04\x5e\x00\x17\x00\x00\x13\x37\x17\x16\x36\x37\x37\x01\x33\x13\x16\x16\x17\x36\x36\x37"
"\x13\x33\x01\x06\x06\x23\x22\x26\x8c\x2e\x13\x53\x78\x29\x20\xfe\x55\xc5\xee\x1a\x29\x13\x13\x29\x1a\xf0\xc4\xfe\x15\x33\xa4\x77\x30\x46\xfe\x6b\x9c\x05\x16\x39"
"\x78\x5d\x04\x64\xfd\x69\x49\x90\x46\x46\x90\x49\x02\x97\xfa\xfb\x85\x7e\x0e\x00\xff\xff\x00\x36\xfe\x56\x04\x49\x06\x02\x02\x26\x00\x6f\x00\x00\x00\x06\x00\xda"
"\xe3\x00\xff\xff\x00\x36\xfe\x56\x04\x49\x06\x16\x02\x26\x00\x6f\x00\x00\x00\x07\x00\xce\x01\x49\x00\x00\x00\x01\x00\x7e\x00\x00\x03\xed\x04\x5e\x00\x0b\x00\x00"
"\x33\x35\x01\x35\x21\x35\x21\x15\x01\x15\x21\x15\x7e\x02\x73\xfd\xa1\x03\x47\xfd\x9f\x02\x75\x86\x03\x26\x0b\xa7\x8f\xfc\xe3\x0b\xa7\x00\x00\x02\x00\xa8\x00\x00"
"\x04\x72\x05\xd2\x00\x0e\x00\x17\x00\x00\x13\x33\x11\x05\x32\x16\x16\x15\x14\x06\x06\x23\x21\x11\x23\x13\x21\x32\x36\x35\x34\x26\x23\x21\xa8\xc0\x01\x1b\xa0\xdc"
"\x73\x73\xdc\xa0\xfe\xe5\xc0\xc0\x01\x1b\x99\xa2\xa2\x99\xfe\xe5\x05\xd2\xfe\xcf\x01\x75\xc2\x76\x77\xc3\x74\xfe\xbb\x01\xeb\x89\x7b\x7b\x90\x00\x00\x02\x00\x68"
"\xff\xe8\x04\x41\x06\x2d\x00\x23\x00\x33\x00\x00\x01\x07\x16\x12\x15\x14\x02\x06\x23\x22\x26\x26\x35\x34\x36\x36\x33\x32\x16\x16\x17\x33\x26\x26\x27\x05\x27\x37"
"\x26\x26\x27\x37\x16\x16\x17\x37\x01\x32\x36\x36\x35\x34\x26\x26\x23\x22\x06\x06\x15\x14\x16\x16\x03\xc7\xca\x8b\xb9\x7b\xdd\x94\x96\xde\x79\x78\xcb\x7c\x54\x7d"
"\x56\x18\x10\x20\x7b\x69\xfe\xfa\x2f\xd1\x2b\x63\x38\x49\x44\x89\x41\xf8\xfe\xbf\x68\x8c\x48\x41\x8b\x70\x69\x8b\x45\x40\x8b\x05\x87\x62\x8e\xfe\x7d\xf0\xb4\xff"
"\x00\x88\x8a\xf2\x9c\x9e\xf1\x88\x3a\x55\x2b\x58\xcb\x62\x7f\x6e\x65\x20\x3e\x1c\x7d\x21\x59\x36\x78\xfa\x93\x62\xa6\x66\x5e\xb6\x79\x6b\xb0\x67\x62\xac\x6b\x00"
"\x00\x03\x00\x74\xff\x26\x04\xae\x06\xac\x00\x28\x00\x31\x00\x39\x00\x00\x05\x35\x26\x26\x27\x33\x16\x16\x17\x11\x27\x26\x26\x35\x34\x36\x36\x37\x35\x33\x15\x1e"
"\x02\x17\x23\x26\x26\x27\x11\x17\x1e\x03\x15\x14\x06\x06\x07\x15\x11\x36\x36\x35\x34\x26\x26\x27\x23\x27\x11\x06\x06\x15\x14\x16\x16\x02\x55\xd8\xfd\x0c\xc3\x0a"
"\xa4\x70\x3b\xb4\xc8\x73\xc6\x7e\x78\x86\xcd\x76\x04\xba\x0b\x97\x71\x3b\x3c\x91\x84\x55\x71\xd7\x99\x81\xa7\x51\x86\x50\x01\x78\x74\x8a\x52\x76\xda\xc2\x0f\xdf"
"\xb0\x70\x77\x0c\x02\x1a\x11\x33\xbe\x94\x73\xb2\x6d\x0d\xca\xc7\x09\x6b\xad\x6a\x62\x74\x0b\xfe\x07\x10\x10\x38\x5d\x8f\x68\x73\xbb\x76\x0a\xc2\x01\x6d\x0e\x8d"
"\x6b\x48\x5a\x3a\x16\xd9\x01\xd6\x10\x82\x5c\x47\x5b\x37\x00\x02\x00\x68\x00\x00\x04\x2e\x05\xd2\x00\x1c\x00\x25\x00\x00\x21\x35\x2e\x02\x35\x34\x36\x36\x37\x35"
"\x33\x15\x16\x16\x17\x07\x26\x26\x27\x11\x36\x36\x37\x17\x06\x06\x07\x15\x03\x11\x0e\x02\x15\x14\x16\x16\x02\x1f\x85\xc5\x6d\x6d\xc5\x85\x76\x91\xda\x2a\xad\x16"
"\x77\x5b\x5d\x7a\x16\xac\x2a\xdb\x94\x76\x57\x72\x37\x37\x72\xaa\x11\x96\xf6\x9f\xa1\xf8\x96\x11\xac\xaa\x0c\xa0\x87\x31\x4d\x69\x0c\xfc\xc4\x0c\x6e\x51\x31\x8a"
"\xa6\x0c\xa8\x01\x4e\x03\x34\x12\x79\xae\x63\x62\xac\x78\x00\x01\x00\x1e\x00\x00\x04\x4a\x05\xd2\x00\x19\x00\x00\x13\x01\x33\x01\x33\x01\x33\x15\x21\x07\x15\x21"
"\x15\x21\x11\x23\x11\x21\x35\x21\x35\x27\x21\x35\x21\x01\xef\x01\x42\x04\x01\x43\xd2\xfe\x8e\xfe\xfe\xbf\x03\x01\x44\xfe\xbc\xbd\xfe\xba\x01\x46\x03\xfe\xbd\x01"
"\x00\xfe\x8f\x05\xd2\xfd\x3c\x02\xc4\xfd\x16\x88\x06\x92\x88\xfe\xc0\x01\x40\x88\x92\x06\x88\x02\xea\x00\x00\x01\x00\x6e\x00\x00\x04\x73\x05\xe6\x00\x29\x00\x00"
"\x33\x35\x32\x36\x27\x03\x23\x35\x33\x27\x26\x36\x36\x33\x32\x16\x17\x07\x26\x26\x23\x22\x06\x17\x17\x21\x15\x21\x13\x16\x06\x07\x21\x32\x36\x35\x35\x33\x15\x14"
"\x06\x23\x6e\x59\x4d\x03\x09\x9a\x95\x07\x04\x6d\xce\x8e\xaa\xed\x1a\xad\x13\x85\x6b\x8f\x88\x04\x07\x01\xe3\xfe\x22\x09\x03\x4c\x36\x02\x31\x2e\x26\xa9\x7d\x86"
"\xa7\x66\x61\x01\x30\x96\xe6\x83\xd0\x79\xcb\xa9\x1c\x6b\x7e\xa6\x7a\xeb\x96\xfe\xd7\x51\x62\x1b\x27\x2d\x3e\x2f\x85\x85\x00\x01\x00\x34\xff\xec\x04\xdb\x05\xe6"
"\x00\x2c\x00\x00\x01\x07\x21\x06\x15\x14\x17\x21\x07\x21\x16\x16\x33\x32\x36\x37\x17\x06\x06\x23\x22\x00\x03\x23\x37\x33\x26\x35\x34\x37\x23\x37\x33\x12\x00\x33"
"\x32\x17\x07\x26\x26\x23\x22\x06\x07\x04\x2e\x44\xfd\xbb\x02\x02\x02\x0a\x43\xfe\x4f\x2a\xda\x90\x61\x9f\x3d\x4b\x4c\xcc\x70\xe1\xfe\xc1\x32\xc9\x35\x82\x02\x02"
"\xb7\x35\x94\x32\x01\x3f\xe1\xe8\xa4\x49\x43\xa0\x60\x90\xda\x2b\x03\xc3\x91\x24\x26\x25\x23\x93\xb5\xbc\x4a\x34\x9d\x48\x49\x01\x21\x01\x00\x93\x23\x25\x26\x24"
"\x91\x01\x01\x01\x22\x99\x9f\x3c\x4c\xbd\xb6\x00\x00\x02\x00\x7a\xff\xec\x04\x92\x05\xe6\x00\x0b\x00\x17\x00\x00\x05\x22\x00\x11\x10\x00\x33\x32\x00\x11\x10\x00"
"\x27\x32\x12\x11\x10\x02\x23\x22\x02\x11\x10\x12\x02\x86\xf9\xfe\xed\x01\x15\xf7\xf8\x01\x14\xfe\xee\xfa\xa4\xb1\xb1\xa4\xa3\xb2\xb2\x14\x01\x90\x01\x6c\x01\x6a"
"\x01\x94\xfe\x6c\xfe\x96\xfe\x94\xfe\x70\xa6\x01\x3b\x01\x1b\x01\x1d\x01\x3c\xfe\xc3\xfe\xe4\xfe\xe5\xfe\xc5\x00\x00\x01\x00\x60\x00\x00\x02\x8d\x05\xd2\x00\x07"
"\x00\x00\x01\x11\x23\x11\x23\x01\x35\x25\x02\x8d\xbb\x0a\xfe\x98\x01\x44\x05\xd2\xfa\x2e\x05\x22\xfe\xf5\xcc\xef\x00\x01\x00\x9a\x00\x00\x04\x4f\x05\xe6\x00\x1d"
"\x00\x00\x33\x35\x01\x3e\x02\x35\x34\x26\x23\x22\x06\x15\x23\x34\x36\x36\x33\x32\x16\x16\x15\x14\x06\x06\x07\x01\x15\x21\x15\x9a\x01\xef\x53\x6e\x38\xa1\x77\x7f"
"\x97\xb6\x7a\xd2\x85\x85\xcd\x75\x3a\x92\x84\xfe\xba\x02\xaf\x89\x02\x19\x5a\x88\x7b\x45\x75\x88\x98\x7e\x84\xc8\x6f\x6f\xbc\x75\x51\x99\xc2\x8c\xfe\xa5\x0c\xa7"
"\x00\x01\x00\x7d\xff\xec\x04\x77\x05\xe6\x00\x2e\x00\x00\x05\x22\x26\x26\x27\x33\x16\x16\x33\x32\x36\x35\x34\x26\x23\x23\x35\x33\x32\x36\x35\x34\x26\x23\x22\x06"
"\x06\x07\x23\x3e\x02\x33\x32\x16\x16\x15\x14\x06\x07\x15\x16\x16\x15\x14\x06\x06\x02\x7b\x92\xe2\x85\x05\xc0\x08\xb4\x7f\x8c\xb7\xb4\xa6\x79\x79\x83\xa3\x90\x7a"
"\x4c\x85\x55\x03\xb7\x04\x84\xd9\x83\x8b\xc9\x6c\x85\x72\x8f\x9e\x84\xe6\x14\x64\xb2\x76\x6a\x7b\x90\x74\x79\x99\xa5\x8b\x73\x6f\x86\x37\x66\x49\x75\xb2\x64\x70"
"\xb6\x6a\x7e\xb0\x22\x0c\x17\xc1\x8d\x7a\xc0\x6f\x00\x02\x00\x78\x00\x00\x04\xb5\x05\xd2\x00\x0a\x00\x0f\x00\x00\x13\x35\x01\x33\x11\x33\x15\x23\x11\x23\x11\x37"
"\x11\x23\x01\x15\x78\x02\x8c\xe7\xca\xca\xb6\x01\x0c\xfe\x19\x01\x2f\x9b\x04\x08\xfc\x04\xa7\xfe\xd1\x01\x2f\xa7\x03\x0e\xfc\xfe\x0c\x00\x00\x01\x00\x80\xff\xec"
"\x04\x45\x05\xd2\x00\x24\x00\x00\x05\x22\x26\x26\x27\x33\x16\x16\x33\x32\x36\x36\x35\x34\x26\x26\x23\x22\x06\x07\x27\x13\x21\x15\x21\x03\x33\x36\x36\x33\x32\x16"
"\x16\x15\x14\x06\x06\x02\x54\x83\xd0\x7c\x05\xb8\x09\xa3\x70\x5a\x8d\x50\x54\x91\x5e\x45\x8e\x2c\xb2\x58\x03\x10\xfd\x90\x33\x08\x2e\x8c\x4d\x89\xd6\x7b\x81\xe0"
"\x14\x67\xb3\x72\x64\x81\x54\x94\x5e\x60\x98\x57\x2c\x22\x16\x02\xe2\xa7\xfe\x4d\x26\x31\x81\xe2\x90\x8f\xe0\x81\x00\x02\x00\x7a\xff\xec\x04\x7c\x05\xe6\x00\x1e"
"\x00\x2e\x00\x00\x05\x22\x26\x26\x02\x35\x10\x00\x33\x32\x16\x16\x17\x23\x26\x26\x23\x22\x02\x11\x33\x36\x36\x33\x32\x16\x16\x15\x14\x06\x06\x27\x32\x36\x36\x35"
"\x34\x26\x26\x23\x22\x06\x06\x15\x14\x16\x16\x02\x86\x5d\xba\x99\x5c\x01\x26\xfd\x7d\xc6\x7e\x12\xba\x19\x8c\x74\xac\xc3\x0c\x3c\xbf\x74\x80\xd4\x7f\x7c\xe2\x98"
"\x5a\x90\x54\x51\x8e\x5a\x5a\x92\x56\x52\x90\x14\x44\xa0\x01\x12\xce\x01\x89\x01\xad\x64\xb2\x75\x61\x82\xfe\xd7\xfe\xf3\x5d\x69\x7e\xdf\x90\x8b\xe3\x87\xa7\x5a"
"\x97\x5d\x5b\x95\x58\x5c\x97\x57\x58\x97\x5d\x00\x00\x01\x00\x62\x00\x00\x04\x25\x05\xd2\x00\x07\x00\x00\x33\x01\x35\x21\x35\x21\x15\x01\xc8\x02\x96\xfd\x04\x03"
"\xc3\xfd\x6b\x05\x1f\x0c\xa7\xb1\xfa\xdf\x00\x03\x00\x7a\xff\xec\x04\x79\x05\xe6\x00\x1f\x00\x2c\x00\x38\x00\x00\x05\x22\x26\x26\x35\x34\x36\x36\x37\x35\x26\x26"
"\x35\x34\x36\x36\x33\x32\x16\x16\x15\x14\x06\x07\x15\x1e\x02\x15\x14\x06\x06\x27\x32\x36\x35\x34\x26\x26\x23\x22\x06\x15\x14\x16\x13\x32\x36\x35\x34\x26\x23\x22"
"\x06\x15\x14\x16\x02\x79\x97\xe7\x81\x4c\x84\x53\x6d\x80\x76\xce\x85\x83\xce\x77\x81\x6a\x51\x84\x4e\x83\xe7\x96\x94\xae\x54\x92\x5c\x8d\xb7\xad\x97\x76\x9a\x96"
"\x7a\x7c\x95\x98\x14\x6b\xbc\x79\x5e\xa1\x6c\x0f\x08\x1c\xba\x76\x72\xb3\x67\x67\xb3\x72\x76\xba\x1c\x08\x0f\x6c\xa1\x5e\x79\xbc\x6b\xa5\x8f\x76\x53\x7f\x49\x9f"
"\x7c\x76\x8f\x02\xbf\x8b\x71\x70\x86\x86\x70\x71\x8b\x00\x00\x02\x00\x7a\xff\xec\x04\x7c\x05\xe9\x00\x1e\x00\x2e\x00\x00\x05\x22\x26\x26\x27\x33\x16\x16\x33\x32"
"\x12\x11\x23\x06\x06\x23\x22\x26\x26\x35\x34\x36\x36\x17\x1e\x02\x12\x15\x10\x00\x03\x32\x36\x36\x35\x34\x26\x26\x23\x22\x06\x06\x15\x14\x16\x16\x02\x5b\x7f\xc6"
"\x7e\x12\xbc\x17\x8c\x76\xaa\xc5\x0c\x3c\xbe\x75\x80\xd6\x7f\x7e\xe3\x99\x5c\xb8\x98\x5c\xfe\xdc\xed\x5b\x92\x57\x53\x8f\x5c\x5a\x8f\x54\x51\x8c\x14\x64\xb4\x77"
"\x63\x84\x01\x29\x01\x0f\x5b\x6c\x7f\xdf\x8f\x8b\xe5\x87\x03\x01\x45\x9e\xfe\xf0\xce\xfe\x75\xfe\x53\x02\xbf\x5d\x98\x57\x56\x95\x5d\x59\x97\x5c\x5b\x95\x58\x00"
"\x00\x03\x00\x68\xff\xec\x05\x07\x05\xe0\x00\x23\x00\x2d\x00\x3b\x00\x00\x05\x22\x26\x26\x35\x34\x36\x36\x37\x26\x26\x35\x34\x36\x33\x32\x16\x16\x15\x14\x06\x07"
"\x07\x01\x36\x36\x35\x33\x14\x06\x07\x17\x23\x27\x06\x06\x13\x01\x07\x06\x06\x15\x14\x16\x33\x32\x03\x37\x3e\x02\x35\x34\x26\x23\x22\x06\x15\x14\x16\x02\x44\x93"
"\xd6\x73\x4c\x85\x55\x4e\x5f\xc7\xa6\x70\xa2\x58\x6f\x57\x6c\x01\x3f\x1d\x20\xad\x4d\x2b\xd0\xd9\x67\x4a\xd3\xb1\xfe\xa0\x33\x5c\x4b\x9a\x7c\xa5\xc2\x61\x1b\x40"
"\x2d\x5f\x51\x55\x68\x49\x14\x6d\xb9\x73\x5f\x8b\x77\x3f\x5e\xa6\x66\x94\xbd\x57\x91\x59\x67\x9d\x41\x50\xfe\x7d\x38\x87\x4c\x9c\xc3\x37\xfc\x7c\x49\x47\x01\x11"
"\x01\xa6\x26\x44\x75\x45\x6e\x88\x03\x03\x48\x14\x38\x4e\x34\x47\x5c\x65\x50\x43\x79\x00\x00\x02\x00\xa0\xff\xf3\x01\xad\x05\xd2\x00\x03\x00\x0f\x00\x00\x13\x03"
"\x33\x03\x03\x22\x26\x35\x34\x36\x33\x32\x16\x15\x14\x06\xcc\x0c\xcc\x0d\x58\x38\x4f\x4f\x38\x38\x4e\x4e\x01\xdf\x03\xf3\xfc\x0d\xfe\x14\x4f\x37\x38\x4f\x4f\x38"
"\x37\x4f\x00\x02\x00\xa0\xfe\x97\x01\xad\x04\x76\x00\x03\x00\x0f\x00\x00\x13\x13\x33\x13\x03\x22\x26\x35\x34\x36\x33\x32\x16\x15\x14\x06\xc1\x0d\xb3\x0c\x67\x37"
"\x4f\x4f\x37\x38\x4f\x4f\xfe\x97\x03\xf3\xfc\x0d\x04\xd2\x4f\x38\x38\x4e\x4e\x38\x38\x4f\x00\x02\x00\x52\xff\xf3\x03\xb1\x05\xe6\x00\x1f\x00\x2b\x00\x00\x01\x35"
"\x34\x36\x36\x37\x36\x36\x35\x34\x26\x23\x22\x06\x07\x23\x3e\x02\x33\x32\x16\x16\x15\x14\x06\x07\x0e\x02\x15\x15\x03\x22\x26\x35\x34\x36\x33\x32\x16\x15\x14\x06"
"\x01\x7f\x35\x64\x45\x42\x5a\x8e\x65\x58\x96\x08\xbe\x05\x77\xc2\x76\x82\xbf\x6a\x6a\x61\x40\x4f\x23\x58\x38\x4f\x4f\x38\x38\x4e\x4e\x01\xc1\x0b\x89\x95\x57\x29"
"\x28\x7b\x57\x68\x7b\x6f\x7d\x7e\xb0\x5d\x65\xb2\x72\x79\xac\x3b\x27\x49\x68\x59\x0b\xfe\x32\x4f\x37\x38\x4f\x4f\x38\x37\x4f\x00\x00\x02\x00\x66\xfe\x78\x03\xc5"
"\x04\x6b\x00\x1f\x00\x2b\x00\x00\x01\x15\x14\x06\x06\x07\x06\x06\x15\x14\x16\x33\x32\x36\x37\x33\x0e\x02\x23\x22\x26\x26\x35\x34\x36\x37\x3e\x02\x35\x35\x13\x32"
"\x16\x15\x14\x06\x23\x22\x26\x35\x34\x36\x02\x98\x35\x64\x45\x42\x5a\x8e\x65\x59\x95\x08\xbe\x05\x77\xc2\x76\x81\xc0\x6a\x6a\x61\x41\x4e\x23\x58\x38\x4f\x4f\x38"
"\x37\x4f\x4f\x02\x9d\x0b\x88\x96\x56\x2a\x28\x7b\x57\x68\x7b\x70\x7c\x7d\xb1\x5d\x66\xb1\x72\x79\xac\x3b\x28\x48\x69\x58\x0b\x01\xce\x4e\x38\x38\x4f\x4f\x38\x38"
"\x4e\x00\x00\x01\x00\xda\xfe\xe9\x02\x8b\x06\x2d\x00\x0f\x00\x00\x13\x34\x12\x12\x37\x33\x06\x02\x02\x15\x14\x12\x13\x23\x26\x02\xda\x43\x74\x4b\xaf\x4d\x71\x3c"
"\x79\x81\xaf\x7f\x83\x02\x5f\xa3\x01\x65\x01\x4b\x7b\x9d\xfe\xac\xfe\xb5\x92\xc7\xfe\x5b\xfe\xf6\xd9\x01\xc2\x00\x00\x01\x00\x60\xfe\xe9\x02\x11\x06\x2d\x00\x0f"
"\x00\x00\x13\x12\x12\x35\x34\x02\x02\x27\x33\x16\x12\x12\x15\x14\x02\x07\x60\x85\x75\x3c\x70\x4e\xaf\x4b\x75\x42\x85\x7d\xfe\xe9\x01\x12\x01\xa3\xc1\x92\x01\x4b"
"\x01\x54\x9d\x7b\xfe\xb5\xfe\x9a\xa2\xdf\xfe\x3e\xd5\x00\x00\x01\x00\xe2\xfe\xe9\x02\x70\x06\x2d\x00\x07\x00\x00\x13\x11\x21\x15\x23\x11\x33\x15\xe2\x01\x8e\xe2"
"\xe2\xfe\xe9\x07\x44\x99\xf9\xee\x99\x00\x00\x01\x00\x7b\xfe\xe9\x02\x09\x06\x2d\x00\x07\x00\x00\x13\x35\x33\x11\x23\x35\x21\x11\x7b\xe2\xe2\x01\x8e\xfe\xe9\x99"
"\x06\x12\x99\xf8\xbc\x00\x00\x01\x00\x90\xfe\xe9\x02\xee\x06\x2d\x00\x21\x00\x00\x01\x22\x26\x35\x35\x34\x26\x27\x23\x35\x33\x36\x36\x35\x35\x34\x36\x33\x15\x26"
"\x06\x15\x11\x14\x06\x07\x15\x16\x16\x15\x11\x14\x16\x33\x02\xee\xd6\xae\x52\x67\x21\x22\x66\x52\xae\xd6\x7f\x5f\x4f\x7e\x7e\x4f\x5f\x7f\xfe\xe9\xba\xcd\xe4\x6e"
"\x68\x06\xb6\x06\x66\x6e\xe6\xcd\xba\x97\x01\x75\x7f\xfe\xe2\x58\x7f\x19\x14\x1a\x81\x57\xfe\xe4\x7f\x76\x00\x01\x00\x7b\xfe\xe9\x02\xd9\x06\x2d\x00\x20\x00\x00"
"\x13\x35\x32\x36\x35\x11\x34\x36\x37\x35\x26\x26\x35\x11\x34\x26\x23\x35\x32\x16\x15\x15\x14\x16\x17\x33\x15\x06\x06\x15\x15\x14\x06\x7b\x80\x5e\x4f\x7d\x7d\x4f"
"\x5e\x80\xd6\xad\x5e\x76\x07\x7b\x60\xad\xfe\xe9\x95\x76\x7f\x01\x1c\x57\x81\x1a\x14\x1a\x7e\x58\x01\x1e\x7e\x75\x97\xba\xcd\xe6\x75\x65\x01\xb4\x01\x66\x76\xe4"
"\xcd\xba\x00\x02\x00\x7a\xfe\x75\x07\x40\x05\x9e\x00\x42\x00\x50\x00\x00\x01\x20\x00\x11\x10\x12\x24\x21\x32\x04\x16\x12\x15\x14\x0e\x02\x23\x22\x26\x26\x27\x23"
"\x06\x06\x23\x22\x26\x26\x35\x34\x36\x36\x33\x32\x16\x17\x33\x35\x33\x11\x14\x16\x33\x32\x36\x35\x34\x26\x26\x24\x23\x22\x04\x02\x15\x10\x00\x21\x32\x36\x36\x37"
"\x17\x0e\x02\x03\x32\x36\x35\x34\x26\x23\x22\x06\x06\x15\x14\x16\x16\x04\x14\xfe\x42\xfe\x24\xd7\x01\x94\x01\x1a\xce\x01\x37\xd2\x6a\x16\x45\x89\x74\x34\x7a\x5d"
"\x09\x08\x1a\x86\x71\x85\xb3\x5b\x6b\xbb\x77\x60\x81\x1b\x0a\x9e\x43\x40\x6e\x47\x53\xa8\xff\x00\xad\xe5\xfe\xba\xad\x01\x86\x01\x74\x50\x99\x78\x1d\x2b\x2e\x91"
"\xa5\x9e\x91\x7e\x87\x83\x52\x74\x3e\x32\x70\xfe\x75\x01\xdf\x01\xb9\x01\x1d\x01\x99\xdb\x85\xe3\xfe\xe2\x98\x6b\xd7\xb3\x6d\x20\x4a\x3e\x40\x61\x84\xe1\x8d\x86"
"\xd4\x7b\x46\x26\x54\xfd\x6d\x3c\x5a\xe3\xf4\x7c\xe9\xba\x6d\xb9\xfe\xa6\xf3\xfe\x8f\xfe\x6f\x1e\x25\x0a\x8c\x13\x26\x19\x02\x49\xaf\xb2\xb3\x83\x55\x8d\x54\x5c"
"\xa2\x63\x00\x02\x00\x22\x00\x00\x04\xed\x05\xd2\x00\x1b\x00\x1f\x00\x00\x21\x13\x21\x03\x23\x13\x23\x37\x33\x13\x23\x37\x33\x13\x33\x03\x21\x13\x33\x03\x33\x07"
"\x23\x03\x33\x07\x23\x03\x01\x21\x13\x21\x02\xc7\x44\xfe\x8c\x43\x97\x43\xde\x19\xde\x3c\xdb\x19\xdb\x43\x97\x43\x01\x74\x44\x97\x43\xdc\x17\xde\x3c\xdb\x19\xdb"
"\x43\xfe\x50\x01\x74\x3c\xfe\x8c\x01\x9b\xfe\x65\x01\x9b\x96\x01\x6e\x98\x01\x9b\xfe\x65\x01\x9b\xfe\x65\x98\xfe\x92\x96\xfe\x65\x02\x31\x01\x6e\x00\x02\x00\x78"
"\xff\xec\x05\x56\x04\xe7\x00\x23\x00\x33\x00\x00\x05\x22\x26\x27\x07\x27\x37\x26\x26\x35\x34\x36\x37\x27\x37\x17\x36\x36\x33\x32\x16\x17\x37\x17\x07\x16\x16\x15"
"\x14\x06\x07\x17\x07\x27\x06\x06\x27\x32\x36\x36\x35\x34\x26\x26\x23\x22\x06\x06\x15\x14\x16\x16\x02\xe2\x6a\xbd\x4d\x80\x76\x83\x33\x39\x3e\x38\x8d\x76\x8e\x4b"
"\xb6\x65\x66\xb9\x4c\x8f\x7a\x93\x37\x3d\x38\x33\x8a\x7a\x81\x4e\xc0\x6b\x78\xc3\x73\x73\xc3\x78\x77\xc5\x75\x75\xc5\x14\x47\x40\x82\x7c\x86\x4c\xba\x67\x6c\xc0"
"\x4e\x91\x7c\x90\x3a\x41\x43\x3b\x93\x7c\x94\x4e\xbe\x6b\x66\xb8\x4b\x8a\x7c\x85\x41\x49\xa2\x7f\xd4\x7f\x81\xd4\x7d\x7d\xd4\x81\x7f\xd4\x7f\x00\x00\x01\x00\x2e"
"\xff\x20\x02\xb4\x06\x18\x00\x03\x00\x00\x01\x01\x23\x01\x02\xb4\xfe\x20\xa6\x01\xe0\x06\x18\xf9\x08\x06\xf8\x00\x00\x01\x01\x06\xfe\x20\x01\xa3\x07\xb2\x00\x03"
"\x00\x00\x01\x11\x23\x11\x01\xa3\x9d\x07\xb2\xf6\x6e\x09\x92\x00\x00\x02\x00\xc0\xfe\xe8\x01\x69\x05\xd2\x00\x03\x00\x07\x00\x00\x13\x33\x11\x23\x13\x11\x23\x11"
"\xc0\xa9\xa9\xa9\xa9\x01\x93\xfd\x55\x06\xea\xfd\x59\x02\xa7\x00\x00\x01\x00\x2e\xff\x20\x02\xb4\x06\x18\x00\x03\x00\x00\x05\x01\x33\x01\x02\x0e\xfe\x20\xa6\x01"
"\xe0\xe0\x06\xf8\xf9\x08\x00\x01\x00\x90\x02\x29\x03\x1e\x02\xcf\x00\x03\x00\x00\x01\x15\x21\x35\x03\x1e\xfd\x72\x02\xcf\xa6\xa6\x00\x01\x00\x00\x02\x29\x04\x00"
"\x02\xcf\x00\x03\x00\x00\x01\x15\x21\x35\x04\x00\xfc\x00\x02\xcf\xa6\xa6\x00\x01\x00\x00\x02\x29\x08\x00\x02\xcf\x00\x03\x00\x00\x01\x15\x21\x35\x08\x00\xf8\x00"
"\x02\xcf\xa6\xa6\x00\x01\x01\x00\x01\x12\x03\x80\x03\x92\x00\x0f\x00\x00\x01\x22\x26\x26\x35\x34\x36\x36\x33\x32\x16\x16\x15\x14\x06\x06\x02\x40\x58\x92\x56\x56"
"\x92\x58\x59\x91\x56\x56\x91\x01\x12\x56\x92\x58\x59\x91\x56\x56\x91\x59\x58\x92\x56\x00\x00\x01\x00\xa0\x03\x9b\x01\xc6\x05\xd2\x00\x03\x00\x00\x13\x13\x33\x03"
"\xa0\x9c\x8a\x58\x03\x9b\x02\x37\xfd\xc9\x00\x01\x00\xa0\x03\x9b\x01\xc6\x05\xd2\x00\x03\x00\x00\x13\x13\x33\x03\xa0\x58\xce\x9c\x03\x9b\x02\x37\xfd\xc9\x00\x01"
"\x00\xd2\x03\x9b\x01\x94\x05\xd2\x00\x03\x00\x00\x13\x03\x33\x03\xe8\x16\xc2\x16\x03\x9b\x02\x37\xfd\xc9\xff\xff\x00\xd2\x03\x9b\x02\xe8\x05\xd2\x00\x26\x00\x9c"
"\x00\x00\x00\x07\x00\x9c\x01\x54\x00\x00\xff\xff\x00\xa0\x03\x9b\x03\x36\x05\xd2\x00\x26\x00\x9a\x00\x00\x00\x07\x00\x9a\x01\x70\x00\x00\xff\xff\x00\xa0\x03\x9b"
"\x03\x36\x05\xd2\x00\x26\x00\x9b\x00\x00\x00\x07\x00\x9b\x01\x70\x00\x00\xff\xff\x00\x80\xfe\x99\x01\xa6\x00\xd0\x00\x07\x00\x9b\xff\xe0\xfa\xfe\x00\x01\x00\xa0"
"\xff\xf3\x01\xae\x01\x01\x00\x0b\x00\x00\x05\x22\x26\x35\x34\x36\x33\x32\x16\x15\x14\x06\x01\x27\x38\x4f\x4f\x38\x38\x4f\x4f\x0d\x4f\x38\x38\x4f\x4f\x38\x38\x4f"
"\xff\xff\x00\xa0\xff\xf3\x06\x4a\x01\x01\x00\x26\x00\xa1\x00\x00\x00\x27\x00\xa1\x02\x4e\x00\x00\x00\x07\x00\xa1\x04\x9c\x00\x00\xff\xff\x00\xa0\xff\xf3\x01\xae"
"\x04\x2a\x02\x26\x00\xa1\x00\x00\x00\x07\x00\xa1\x00\x00\x03\x29\xff\xff\x00\x80\xfe\x99\x01\xca\x04\x2a\x00\x27\x00\x9b\xff\xe0\xfa\xfe\x00\x07\x00\xa1\x00\x1c"
"\x03\x29\xff\xff\x00\xa0\x02\x3d\x01\xae\x03\x4b\x02\x07\x00\xa1\x00\x00\x02\x4a\x00\x01\x00\x64\x00\x90\x02\xc3\x04\x40\x00\x05\x00\x00\x25\x01\x01\x33\x01\x01"
"\x01\xf5\xfe\x6f\x01\x91\xce\xfe\x76\x01\x8a\x90\x01\xd8\x01\xd8\xfe\x28\xfe\x28\x00\x01\x00\x50\x00\x90\x02\xaf\x04\x40\x00\x05\x00\x00\x37\x01\x01\x33\x01\x01"
"\x50\x01\x8a\xfe\x76\xce\x01\x91\xfe\x6f\x90\x01\xd8\x01\xd8\xfe\x28\xfe\x28\x00\xff\xff\x00\x64\x00\x90\x04\x59\x04\x40\x00\x26\x00\xa6\x00\x00\x00\x07\x00\xa6"
"\x01\x96\x00\x00\xff\xff\x00\x50\x00\x90\x04\x45\x04\x40\x00\x26\x00\xa7\x00\x00\x00\x07\x00\xa7\x01\x96\x00\x00\x00\x01\x00\xae\x00\x2c\x04\x5e\x04\x62\x00\x07"
"\x00\x00\x13\x35\x01\x15\x01\x15\x01\x15\xae\x03\xb0\xfd\x38\x02\xc8\x02\x08\x7e\x01\xdc\xc4\xfe\xae\x0c\xfe\xae\xc2\x00\x00\x01\x00\xed\x00\x2c\x04\x9d\x04\x62"
"\x00\x07\x00\x00\x01\x01\x35\x01\x35\x01\x35\x01\x04\x9d\xfc\x50\x02\xc8\xfd\x38\x03\xb0\x02\x08\xfe\x24\xc2\x01\x52\x0c\x01\x52\xc4\xfe\x24\x00\x00\x02\x00\xe2"
"\x01\x1b\x04\x6a\x03\x73\x00\x03\x00\x07\x00\x00\x13\x35\x21\x15\x01\x35\x21\x15\xe2\x03\x88\xfc\x78\x03\x88\x01\x1b\xa6\xa6\x01\xb2\xa6\xa6\x00\x00\x01\x00\xc3"
"\x00\x64\x04\x88\x04\x2a\x00\x0b\x00\x00\x25\x11\x21\x35\x21\x11\x33\x11\x21\x15\x21\x11\x02\x51\xfe\x72\x01\x8e\xa9\x01\x8e\xfe\x72\x64\x01\x94\x9f\x01\x93\xfe"
"\x6d\x9f\xfe\x6c\x00\x01\x00\xd2\x00\x70\x04\x7e\x04\x1e\x00\x0b\x00\x00\x25\x01\x01\x27\x01\x01\x37\x01\x01\x17\x01\x01\x04\x0a\xfe\x9e\xfe\x9e\x74\x01\x62\xfe"
"\x9e\x74\x01\x62\x01\x62\x74\xfe\x9e\x01\x62\x70\x01\x62\xfe\x9e\x74\x01\x62\x01\x62\x76\xfe\x9d\x01\x63\x76\xfe\x9e\xfe\x9e\x00\x00\x03\x00\xd2\x00\x48\x04\x7b"
"\x04\x47\x00\x03\x00\x0f\x00\x1b\x00\x00\x01\x15\x21\x35\x25\x22\x26\x35\x34\x36\x33\x32\x16\x15\x14\x06\x03\x22\x26\x35\x34\x36\x33\x32\x16\x15\x14\x06\x04\x7b"
"\xfc\x57\x01\xd3\x37\x4e\x4e\x37\x37\x4d\x4d\x37\x37\x4e\x4e\x37\x37\x4d\x4d\x02\x9c\xaa\xaa\xa2\x4d\x38\x36\x4e\x4e\x36\x38\x4d\xfd\x0a\x4e\x37\x36\x4d\x4d\x36"
"\x37\x4e\x00\x02\x00\xce\x00\x45\x04\x7e\x04\x61\x00\x0b\x00\x0f\x00\x00\x13\x35\x21\x11\x33\x11\x21\x15\x21\x11\x23\x11\x01\x35\x21\x15\xce\x01\x84\xa9\x01\x83"
"\xfe\x7d\xa9\xfe\x7c\x03\xb0\x02\x92\xa8\x01\x27\xfe\xd9\xa8\xfe\xda\x01\x26\xfd\xb3\xa8\xa8\x00\x00\x01\x00\xa6\x01\x90\x04\xa5\x03\x0c\x00\x1b\x00\x00\x13\x26"
"\x36\x36\x33\x32\x16\x17\x16\x16\x33\x32\x36\x35\x33\x16\x06\x06\x23\x22\x26\x27\x26\x26\x23\x22\x06\x17\xa8\x02\x53\x87\x4a\x4a\x7a\x51\x35\x40\x26\x3e\x47\xa4"
"\x02\x54\x86\x4a\x4c\x7c\x4d\x36\x3f\x26\x3a\x4c\x01\x01\xb7\x7c\x96\x43\x3e\x47\x2e\x26\x5a\x57\x7b\x96\x43\x41\x43\x2f\x25\x52\x5f\x00\x00\x01\x00\xe0\x01\x3b"
"\x04\x24\x02\xe9\x00\x05\x00\x00\x01\x11\x21\x35\x21\x11\x03\x7b\xfd\x65\x03\x44\x01\x3b\x01\x0f\x9f\xfe\x52\x00\x00\x01\x00\x00\xff\x5a\x03\xa6\x00\x00\x00\x03"
"\x00\x00\x21\x15\x21\x35\x03\xa6\xfc\x5a\xa6\xa6\x00\x01\x00\x52\x03\x2e\x03\x73\x05\xa3\x00\x07\x00\x00\x13\x01\x33\x01\x23\x03\x23\x03\x52\x01\x2d\xc7\x01\x2d"
"\xb1\xd9\x0d\xd7\x03\x2e\x02\x75\xfd\x8b\x01\xd7\xfe\x29\x00\x01\x00\x72\x02\x8c\x03\x90\x05\xd2\x00\x11\x00\x00\x01\x13\x05\x27\x25\x25\x37\x05\x03\x33\x03\x25"
"\x17\x05\x05\x07\x25\x13\x01\xb9\x0d\xfe\xf4\x48\x01\x1a\xfe\xe6\x48\x01\x0c\x0d\x90\x0c\x01\x0b\x48\xfe\xe6\x01\x1a\x48\xfe\xf5\x0c\x02\x8c\x01\x3d\xab\x7e\x92"
"\x92\x80\xab\x01\x3d\xfe\xc3\xab\x80\x92\x92\x7e\xab\xfe\xc3\x00\x00\x04\x00\x64\x01\x5a\x04\xf0\x05\xe6\x00\x13\x00\x23\x00\x32\x00\x3b\x00\x00\x01\x22\x2e\x02"
"\x35\x34\x3e\x02\x33\x32\x1e\x02\x15\x14\x0e\x02\x27\x32\x36\x36\x35\x34\x26\x26\x23\x22\x06\x06\x15\x14\x16\x16\x37\x27\x23\x15\x23\x11\x21\x32\x16\x16\x15\x14"
"\x06\x07\x17\x01\x33\x32\x36\x35\x34\x26\x23\x23\x02\xaa\x78\xd3\xa0\x5b\x5b\xa0\xd3\x78\x79\xd3\xa0\x5a\x5a\xa0\xd3\x79\x7a\xc8\x77\x77\xc8\x7a\x79\xc9\x77\x77"
"\xc9\xf5\x5e\x73\x78\x01\x10\x22\x4e\x37\x34\x23\x6d\xfe\xab\x6c\x19\x37\x38\x16\x6e\x01\x5a\x5b\xa0\xd3\x78\x78\xd3\xa0\x5b\x5b\xa0\xd3\x78\x78\xd3\xa0\x5b\x8d"
"\x77\xc8\x7a\x7a\xc8\x77\x77\xc8\x7a\x7a\xc8\x77\xae\xb6\xb6\x02\x18\x25\x4b\x3a\x38\x4f\x16\xd1\x01\x0f\x2f\x30\x30\x23\x00\x03\x00\xa8\xff\xe9\x06\xa8\x05\xe9"
"\x00\x13\x00\x27\x00\x47\x00\x00\x05\x22\x24\x26\x02\x35\x34\x12\x36\x24\x33\x32\x04\x16\x12\x15\x14\x02\x06\x04\x27\x32\x3e\x02\x35\x34\x2e\x02\x23\x22\x0e\x02"
"\x15\x14\x1e\x02\x01\x34\x36\x36\x33\x32\x16\x16\x17\x23\x26\x26\x23\x22\x06\x06\x15\x14\x16\x16\x33\x32\x36\x37\x33\x0e\x02\x23\x22\x26\x26\x03\xa8\x9f\xfe\xea"
"\xd4\x77\x77\xd4\x01\x16\x9f\x9f\x01\x16\xd4\x77\x77\xd4\xfe\xea\x9f\x7b\xd7\xa4\x5c\x5c\xa4\xd7\x7b\x7b\xd7\xa4\x5c\x5c\xa4\xd7\xfe\xd3\x74\xc5\x77\x68\xaf\x73"
"\x0e\xb0\x0f\x85\x54\x48\x78\x48\x48\x78\x48\x54\x75\x0f\xb0\x0d\x6c\xa7\x68\x77\xc5\x74\x17\x77\xd4\x01\x16\x9f\x9f\x01\x16\xd4\x77\x77\xd4\xfe\xea\x9f\x9f\xfe"
"\xea\xd4\x77\xae\x5c\xa4\xd7\x7b\x7b\xd7\xa4\x5c\x5c\xa4\xd7\x7b\x7b\xd7\xa4\x5c\x02\x51\x78\xc4\x74\x59\x98\x61\x4a\x60\x47\x78\x49\x48\x77\x47\x5f\x4b\x61\x9a"
"\x59\x75\xc4\x00\x00\x02\x00\x82\x03\x3d\x03\x23\x05\xde\x00\x0f\x00\x1b\x00\x00\x01\x22\x26\x26\x35\x34\x36\x36\x33\x32\x16\x16\x15\x14\x06\x06\x27\x32\x36\x35"
"\x34\x26\x23\x22\x06\x15\x14\x16\x01\xd4\x5d\x99\x5c\x5c\x99\x5d\x5c\x98\x5b\x5b\x98\x5c\x4d\x6c\x6c\x4d\x4e\x6d\x6d\x03\x3d\x5a\x99\x5c\x5d\x9a\x5b\x5b\x9a\x5d"
"\x5c\x99\x5a\x96\x6d\x4c\x4d\x6e\x6e\x4d\x4c\x6d\x00\x02\x00\x43\x02\x87\x03\x29\x05\xea\x00\x20\x00\x2e\x00\x00\x01\x22\x26\x35\x34\x36\x36\x37\x36\x36\x35\x35"
"\x34\x26\x23\x22\x06\x07\x27\x36\x36\x33\x32\x1e\x02\x15\x11\x23\x35\x23\x06\x06\x27\x32\x36\x35\x35\x0e\x02\x07\x06\x06\x15\x14\x16\x01\x72\x7f\xb0\x67\x9e\x54"
"\x77\x6b\x58\x56\x57\x67\x14\xa1\x2f\xcf\x72\x35\x78\x6b\x44\xa6\x09\x19\x82\x49\x6e\x7b\x0c\x54\x5e\x1d\x4f\x6a\x61\x02\x87\x83\x7c\x5f\x66\x2d\x09\x0d\x13\x2c"
"\x04\x44\x4c\x45\x2c\x27\x72\x61\x19\x3f\x72\x5a\xfd\xd3\x73\x32\x53\x86\x71\x49\x6a\x0b\x12\x0b\x04\x0a\x39\x3e\x3a\x3d\x00\x02\x00\x4e\x02\x88\x03\x8e\x05\xea"
"\x00\x0f\x00\x1b\x00\x00\x01\x22\x26\x26\x35\x34\x36\x36\x33\x32\x16\x16\x15\x14\x06\x06\x27\x32\x36\x35\x34\x26\x23\x22\x06\x15\x14\x16\x01\xee\x7d\xbc\x67\x67"
"\xbc\x7d\x7d\xbb\x68\x68\xbb\x7d\x7c\x77\x76\x7d\x7b\x77\x77\x02\x88\x6d\xc2\x81\x83\xc3\x6c\x6c\xc3\x83\x81\xc3\x6c\x8f\xab\x76\x77\xac\xab\x78\x76\xab\x00\x01"
"\x00\x6e\x00\x00\x04\x1e\x05\xd2\x00\x0e\x00\x00\x21\x11\x23\x11\x23\x22\x26\x26\x35\x34\x36\x36\x33\x21\x11\x03\x63\xb4\x54\x9f\xdc\x72\x72\xdc\x9f\x01\xc3\x05"
"\x2c\xfc\xfc\x7a\xd5\x87\x86\xd3\x7b\xfa\x2e\x00\x00\x02\x00\x7a\xfe\xd2\x04\x12\x05\xe6\x00\x37\x00\x46\x00\x00\x01\x22\x26\x27\x37\x16\x16\x33\x32\x36\x35\x34"
"\x26\x26\x27\x25\x26\x26\x35\x34\x36\x36\x37\x37\x26\x26\x35\x34\x36\x33\x32\x16\x17\x07\x26\x26\x23\x22\x06\x15\x14\x16\x16\x17\x05\x16\x16\x15\x14\x06\x07\x07"
"\x16\x15\x14\x06\x03\x16\x36\x36\x35\x34\x27\x25\x26\x06\x06\x15\x14\x16\x17\x02\x33\xab\xc2\x20\xa1\x19\x69\x6e\x5d\x72\x32\x48\x22\xfe\xe6\x61\x75\x38\x66\x46"
"\x03\x43\x44\xcc\xa6\xa3\xb2\x2b\x98\x22\x5c\x66\x60\x6a\x32\x49\x23\x01\x1a\x63\x71\x81\x63\x03\x8b\xd6\x2c\x1f\x5a\x45\x88\xfe\xe2\x20\x54\x3e\x43\x49\xfe\xd2"
"\xa5\x91\x2a\x5b\x6b\x51\x4f\x37\x4a\x34\x13\xa4\x38\xac\x5a\x3d\x71\x4c\x04\x05\x39\x72\x4f\x8e\xa5\xa2\x97\x29\x61\x67\x56\x49\x35\x4b\x34\x15\xa6\x3a\xaa\x56"
"\x5f\x95\x08\x07\x69\x93\x8e\xa5\x02\x8c\x12\x19\x52\x42\x77\x4e\xa4\x13\x1c\x53\x41\x3c\x65\x2a\x00\x01\x00\x63\x03\x82\x01\xf3\x06\xae\x00\x07\x00\x00\x01\x11"
"\x23\x11\x23\x07\x35\x37\x01\xf3\xad\x08\xdb\xcf\x06\xae\xfc\xd4\x02\x99\x81\x98\x7c\x00\x00\x01\x00\x70\x03\x82\x03\x1d\x06\xb8\x00\x1a\x00\x00\x13\x35\x01\x36"
"\x36\x35\x34\x26\x23\x22\x06\x15\x23\x34\x36\x33\x32\x16\x15\x14\x06\x06\x07\x07\x15\x21\x15\x76\x01\x54\x48\x47\x5e\x45\x47\x59\xa6\xb7\x90\x97\xb5\x26\x6e\x6e"
"\x99\x01\xb5\x03\x82\x7b\x01\x0d\x39\x4d\x2d\x36\x3f\x3f\x36\x72\x89\x85\x68\x2c\x5b\x71\x50\x6f\x07\x8b\x00\x01\x00\x67\x03\x78\x03\x34\x06\xb8\x00\x2b\x00\x00"
"\x01\x22\x26\x26\x27\x33\x16\x16\x33\x32\x36\x35\x34\x26\x23\x23\x35\x33\x32\x36\x35\x34\x26\x23\x22\x06\x07\x23\x3e\x02\x33\x32\x16\x15\x14\x06\x07\x15\x16\x16"
"\x15\x14\x06\x01\xca\x62\xa0\x5f\x02\xb0\x02\x6a\x49\x4e\x63\x6b\x5c\x4c\x4c\x4d\x64\x56\x44\x46\x63\x02\xa7\x01\x5b\x99\x5e\x92\xb0\x66\x53\x6b\x72\xcc\x03\x78"
"\x3a\x69\x46\x28\x33\x3e\x2f\x31\x3e\x7b\x3d\x30\x2d\x39\x37\x2d\x46\x6a\x3c\x85\x61\x44\x5b\x0b\x06\x0d\x62\x4d\x68\x86\x00\x01\xfe\x70\x00\x00\x03\x19\x05\xd2"
"\x00\x03\x00\x00\x21\x01\x33\x01\xfe\x70\x04\x00\xa9\xfc\x00\x05\xd2\xfa\x2e\x00\x00\x01\x00\x4b\x00\x00\x01\xb6\x03\x2c\x00\x07\x00\x00\x01\x11\x23\x11\x23\x07"
"\x35\x37\x01\xb6\xa1\x09\xc1\xa3\x03\x2c\xfc\xd4\x02\xa4\x95\xa0\x7d\x00\x00\x01\x00\x63\x00\x00\x02\x90\x03\x35\x00\x1a\x00\x00\x33\x35\x01\x36\x36\x35\x34\x26"
"\x23\x22\x06\x15\x23\x34\x36\x33\x32\x16\x15\x14\x06\x06\x07\x07\x15\x21\x15\x6a\x01\x10\x35\x3b\x4b\x2f\x32\x40\x9b\x9f\x73\x7a\x96\x20\x5a\x57\x6a\x01\x46\x6c"
"\x01\x27\x39\x55\x2e\x2f\x34\x36\x31\x6d\x7d\x84\x5d\x25\x51\x78\x60\x75\x0a\x87\x00\x01\x00\x64\xff\xf7\x02\xbf\x03\x35\x00\x2b\x00\x00\x05\x22\x26\x27\x33\x16"
"\x16\x33\x32\x36\x35\x34\x26\x23\x23\x35\x33\x32\x36\x35\x34\x26\x23\x22\x06\x07\x23\x3e\x02\x33\x32\x16\x16\x15\x14\x06\x07\x15\x16\x16\x15\x14\x06\x01\x8f\x7c"
"\xa8\x07\xa3\x07\x51\x30\x3a\x50\x48\x4d\x54\x54\x37\x45\x39\x31\x2b\x58\x04\x9a\x04\x52\x82\x4c\x55\x73\x3c\x49\x3e\x56\x53\xac\x09\x69\x58\x19\x20\x39\x2e\x34"
"\x45\x7e\x3f\x34\x2c\x35\x26\x23\x3d\x5c\x34\x40\x65\x37\x46\x5e\x0e\x0a\x0a\x67\x4e\x63\x84\x00\x00\x02\x00\x5b\x00\x00\x02\xca\x03\x2c\x00\x0a\x00\x0f\x00\x00"
"\x37\x35\x01\x33\x11\x33\x15\x23\x15\x23\x35\x37\x11\x23\x03\x15\x5b\x01\x44\xc8\x63\x63\x9a\x03\x0b\xc9\x7d\x81\x02\x2e\xfd\xd7\x86\x7d\x7d\x86\x01\x69\xfe\xa2"
"\x0b\x00\xff\xff\x00\x4b\x00\x00\x06\x66\x05\xd2\x00\x27\x00\xc1\x00\x00\x02\xa6\x00\x27\x00\xc0\x02\x4d\x00\x00\x00\x07\x00\xc2\x03\xd6\x00\x00\xff\xff\x00\x4b"
"\x00\x00\x06\x14\x05\xd2\x00\x27\x00\xc1\x00\x00\x02\xa6\x00\x27\x00\xc0\x02\x4d\x00\x00\x00\x07\x00\xc4\x03\x4a\x00\x00\xff\xff\x00\x64\x00\x00\x06\xb7\x05\xdb"
"\x00\x27\x00\xc3\x00\x00\x02\xa6\x00\x27\x00\xc0\x02\xf0\x00\x00\x00\x07\x00\xc4\x03\xed\x00\x00\x00\x05\x00\xe6\xff\xe3\x06\xf5\x05\xea\x00\x11\x00\x23\x00\x27"
"\x00\x35\x00\x43\x00\x00\x05\x22\x26\x26\x35\x35\x34\x36\x36\x33\x32\x16\x16\x15\x15\x14\x06\x06\x01\x22\x26\x26\x35\x35\x34\x36\x36\x33\x32\x16\x16\x15\x15\x14"
"\x06\x06\x03\x01\x33\x01\x25\x32\x36\x35\x35\x34\x26\x23\x22\x06\x15\x15\x14\x16\x01\x32\x36\x35\x35\x34\x26\x23\x22\x06\x15\x15\x14\x16\x05\xd2\x5f\x83\x43\x44"
"\x83\x5e\x60\x82\x41\x43\x81\xfb\xda\x5f\x83\x43\x44\x83\x5e\x60\x81\x42\x43\x81\xd6\x04\x00\xa9\xfc\x00\x03\x95\x4c\x3e\x3c\x4e\x4b\x41\x3f\xfc\x86\x4c\x3e\x3c"
"\x4e\x4b\x41\x3f\x1d\x53\x8a\x52\x4e\x52\x89\x53\x53\x89\x52\x4e\x52\x8a\x53\x03\x5c\x53\x8a\x52\x4e\x52\x89\x53\x53\x89\x52\x4e\x52\x8a\x53\xfc\xc1\x05\xd2\xfa"
"\x2e\x66\x69\x43\x4e\x42\x6a\x6a\x42\x4e\x43\x69\x03\x5c\x69\x43\x4e\x42\x6a\x6a\x42\x4e\x43\x69\xff\xff\x00\xa8\x04\xf0\x01\xfd\x06\x16\x00\x06\x00\xce\x00\x00"
"\xff\xff\x00\x96\x04\xf0\x01\xeb\x06\x16\x00\x06\x00\xcf\x00\x00\xff\xff\x01\x14\x05\x15\x03\xa6\x06\x02\x00\x06\x00\xda\x00\x00\xff\xff\x00\xd4\x05\x45\x02\xfe"
"\x05\xd3\x00\x06\x00\xd0\x00\x00\xff\xff\x00\x9b\xfe\x5e\x01\xf9\x00\x30\x00\x06\x00\xde\x00\x00\x00\x01\x00\xa8\x04\xf0\x01\xfd\x06\x16\x00\x03\x00\x00\x13\x13"
"\x33\x03\xa8\x8c\xc9\xc2\x04\xf0\x01\x26\xfe\xda\x00\x01\x00\x96\x04\xf0\x01\xeb\x06\x16\x00\x03\x00\x00\x01\x03\x33\x13\x01\x57\xc1\xc9\x8c\x04\xf0\x01\x26\xfe"
"\xda\x00\x00\x01\x00\xd4\x05\x45\x02\xfe\x05\xd3\x00\x03\x00\x00\x01\x15\x21\x35\x02\xfe\xfd\xd6\x05\xd3\x8e\x8e\x00\x01\x00\xe2\x05\x21\x03\x28\x05\xf5\x00\x14"
"\x00\x00\x01\x22\x26\x26\x23\x22\x06\x07\x23\x36\x36\x33\x32\x16\x16\x33\x32\x37\x33\x06\x06\x02\x88\x31\x5d\x4b\x1a\x1a\x19\x02\x7e\x03\x4f\x50\x34\x54\x48\x21"
"\x2e\x0a\x7b\x03\x53\x05\x21\x2a\x29\x32\x1d\x5a\x76\x2a\x2b\x51\x5e\x72\x00\x01\x00\xca\x00\x00\x06\xa2\x05\x18\x00\x14\x00\x00\x21\x01\x01\x17\x07\x06\x06\x07"
"\x36\x36\x33\x21\x15\x21\x22\x26\x27\x16\x16\x17\x17\x03\x56\xfd\x74\x02\x8c\x74\xd3\x42\xb0\x4b\x39\x73\x3a\x04\x02\xfb\xfe\x3a\x73\x39\x4b\xb0\x42\xd3\x02\x8c"
"\x02\x8c\x74\xd2\x42\x93\x3a\x0b\x11\xa6\x11\x0b\x3a\x93\x42\xd2\x00\x01\x01\x00\x00\x00\x06\xd8\x05\x18\x00\x14\x00\x00\x21\x27\x37\x36\x36\x37\x06\x06\x23\x21"
"\x35\x21\x32\x16\x17\x26\x26\x27\x27\x37\x01\x04\x4c\x74\xd3\x42\xb0\x4b\x39\x73\x3a\xfb\xfe\x04\x02\x3a\x73\x39\x4b\xb0\x42\xd3\x74\x02\x8c\x74\xd2\x42\x93\x3a"
"\x0b\x11\xa6\x11\x0b\x3a\x93\x42\xd2\x74\xfd\x74\x00\x01\x00\xca\x00\x00\x05\xe2\x05\xea\x00\x14\x00\x00\x13\x01\x01\x07\x27\x26\x26\x27\x16\x16\x15\x11\x23\x11"
"\x34\x36\x37\x06\x06\x07\x07\xca\x02\x8c\x02\x8c\x74\xd2\x42\x93\x3a\x0b\x11\xa6\x11\x0b\x3a\x93\x42\xd2\x03\x5e\x02\x8c\xfd\x74\x74\xd3\x42\xb0\x4b\x39\x73\x3a"
"\xfb\xec\x04\x14\x3a\x73\x39\x4b\xb0\x42\xd3\x00\x00\x01\x00\xca\xff\xe8\x05\xe2\x05\xd2\x00\x14\x00\x00\x09\x02\x37\x17\x16\x16\x17\x26\x26\x35\x11\x33\x11\x14"
"\x06\x07\x36\x36\x37\x37\x05\xe2\xfd\x74\xfd\x74\x74\xd2\x42\x93\x3a\x0b\x11\xa6\x11\x0b\x3a\x93\x42\xd2\x02\x74\xfd\x74\x02\x8c\x74\xd3\x42\xb0\x4b\x39\x73\x3a"
"\x04\x14\xfb\xec\x3a\x73\x39\x4b\xb0\x42\xd3\x00\x00\x01\x00\xde\x00\xad\x06\x5f\x04\xb1\x00\x05\x00\x00\x13\x37\x01\x01\x17\x01\xde\x75\x01\x7d\x03\x16\x79\xfc"
"\x71\x02\x9d\x78\xfe\x8a\x03\x12\x77\xfc\x73\x00\xff\xff\x00\x14\x00\x00\x05\x67\x05\xd2\x00\x26\x00\x0c\x1b\x00\x00\x06\x00\xe2\xe2\x00\x00\x02\x01\x14\x05\x15"
"\x03\xa6\x06\x02\x00\x0b\x00\x17\x00\x00\x01\x22\x26\x35\x34\x36\x33\x32\x16\x15\x14\x06\x21\x22\x26\x35\x34\x36\x33\x32\x16\x15\x14\x06\x01\x8b\x31\x46\x46\x31"
"\x31\x45\x45\x01\x74\x31\x46\x46\x31\x31\x45\x45\x05\x15\x46\x31\x31\x45\x45\x31\x31\x46\x46\x31\x31\x45\x45\x31\x31\x46\x00\x01\x00\x7a\x05\x15\x01\x75\x06\x03"
"\x00\x0b\x00\x00\x13\x22\x26\x35\x34\x36\x33\x32\x16\x15\x14\x06\xf7\x33\x4a\x4a\x33\x34\x4a\x4a\x05\x15\x46\x31\x32\x45\x45\x32\x31\x46\x00\x01\x00\x66\x05\x02"
"\x02\xe8\x06\x16\x00\x08\x00\x00\x01\x23\x35\x13\x33\x13\x15\x23\x27\x01\x17\xb1\xeb\xab\xec\xb3\x8e\x05\x02\x09\x01\x0b\xfe\xf5\x09\xaf\x00\x02\x00\x2a\x04\xa5"
"\x02\x38\x06\x9c\x00\x0f\x00\x1b\x00\x00\x01\x22\x26\x26\x35\x34\x36\x36\x33\x32\x16\x16\x15\x14\x06\x06\x27\x32\x36\x35\x34\x26\x23\x22\x06\x15\x14\x16\x01\x31"
"\x48\x78\x47\x47\x78\x48\x49\x77\x47\x47\x77\x49\x35\x49\x49\x35\x34\x49\x49\x04\xa5\x44\x72\x46\x46\x71\x44\x44\x71\x46\x46\x72\x44\x7e\x4a\x34\x34\x49\x49\x34"
"\x34\x4a\x00\x01\x00\x9b\xfe\x5e\x01\xf9\x00\x30\x00\x12\x00\x00\x13\x35\x33\x32\x36\x35\x34\x26\x23\x23\x37\x33\x15\x16\x16\x15\x14\x06\x23\x9b\x76\x37\x2b\x2b"
"\x37\x52\x1e\x5f\x62\x5b\x6f\x78\xfe\x5e\x69\x1d\x25\x25\x1c\xe6\x86\x04\x4d\x51\x58\x52\x00\x02\x00\x2a\x06\x05\x02\x38\x07\xfa\x00\x0f\x00\x1b\x00\x00\x01\x22"
"\x26\x26\x35\x34\x36\x36\x33\x32\x16\x16\x15\x14\x06\x06\x27\x32\x36\x35\x34\x26\x23\x22\x06\x15\x14\x16\x01\x31\x49\x77\x47\x47\x77\x49\x49\x77\x47\x47\x77\x49"
"\x34\x49\x48\x35\x34\x49\x49\x06\x05\x44\x72\x45\x46\x71\x43\x43\x71\x46\x45\x72\x44\x7e\x49\x34\x34\x49\x49\x34\x34\x49\x00\x01\x00\x06\xff\xd2\x04\x96\x06\x00"
"\x00\x03\x00\x00\x17\x27\x01\x17\x88\x82\x04\x0e\x82\x2e\x5a\x05\xd4\x5a\x00\x01\x00\x52\xff\xd3\x04\x76\x04\x8b\x00\x03\x00\x00\x17\x27\x01\x17\xbd\x6b\x03\xba"
"\x6a\x2d\x5a\x04\x5e\x5a\x00\x01\x00\x32\x02\x9c\x03\x37\x03\x36\x00\x03\x00\x00\x13\x35\x21\x15\x32\x03\x05\x02\x9c\x9a\x9a\x00\x00\x00\x00\x01\x00\x00\x71\x48"
"\x00\x01\x12\xdf\x60\x00\x00\x0c\x11\x3a\x00\x01\x00\x01\x00\x1e\x00\x01\x00\x02\x00\x1e\x00\x01\x00\x03\x00\x1e\x00\x01\x00\x04\x00\x1e\x00\x01\x00\x05\x00\x1e"
"\x00\x01\x00\x06\x00\x1e\x00\x01\x00\x07\x00\x1e\x00\x01\x00\x08\x00\x1e\x00\x01\x00\x0a\xff\xba\x00\x01\x00\x0b\xff\xba\x00\x01\x00\x13\xff\xba\x00\x01\x00\x20"
"\xff\xba\x00\x01\x00\x21\xff\xba\x00\x01\x00\x22\xff\xba\x00\x01\x00\x23\xff\xba\x00\x01\x00\x24\xff\xba\x00\x01\x00\x25\xff\xba\x00\x01\x00\x26\xff\xba\x00\x01"
"\x00\x28\xff\xba\x00\x01\x00\x2b\xff\x52\x00\x01\x00\x2c\xff\xd8\x00\x01\x00\x2d\xff\xd8\x00\x01\x00\x2e\xff\xd8\x00\x01\x00\x2f\xff\xd8\x00\x01\x00\x30\xff\xd8"
"\x00\x01\x00\x31\xff\x74\x00\x01\x00\x32\xff\x8c\x00\x01\x00\x34\xff\x69\x00\x01\x00\x35\xff\x69\x00\x01\x00\x4c\x00\x0b\x00\x01\x00\x4f\x00\x0b\x00\x01\x00\x50"
"\x00\x0b\x00\x01\x00\x51\x00\x0b\x00\x01\x00\x65\xff\xd8\x00\x01\x00\x6c\xff\x75\x00\x01\x00\x6d\xff\x75\x00\x01\x00\x6f\xff\x75\x00\x01\x00\x70\xff\x75\x00\x01"
"\x00\x71\xff\x75\x00\x01\x00\x7b\xff\xbb\x00\x01\x00\x87\xff\x80\x00\x01\x00\x8f\xff\xba\x00\x01\x00\x92\x00\x28\x00\x01\x00\x95\xff\x74\x00\x01\x00\x96\xff\xbb"
"\x00\x01\x00\x99\xff\xbb\x00\x01\x00\x9a\xfe\xf5\x00\x01\x00\x9b\xff\x2f\x00\x01\x00\x9c\xff\x5e\x00\x01\x00\x9d\xff\x5e\x00\x01\x00\x9e\xfe\xf5\x00\x01\x00\x9f"
"\xff\x2f\x00\x01\x00\xa5\xff\xbb\x00\x01\x00\xa8\xff\xbb\x00\x01\x00\xa9\xff\xbb\x00\x01\x00\xac\xff\x98\x00\x01\x00\xad\xff\xbb\x00\x01\x00\xae\xff\xbb\x00\x01"
"\x00\xaf\xff\xbb\x00\x01\x00\xb0\xff\x98\x00\x01\x00\xb1\xff\xbb\x00\x01\x00\xb2\xff\xbb\x00\x01\x00\xb4\xff\x5e\x00\x01\x00\xb5\xff\x5e\x00\x01\x00\xb6\xff\x6f"
"\x00\x01\x00\xb7\xff\xba\x00\x01\x00\xb8\xff\x5e\x00\x01\x00\xb9\xff\x69\x00\x01\x00\xba\xff\x69\x00\x01\x00\xbb\xff\x9c\x00\x01\x00\xd5\xff\xbb\x00\x02\x00\x01"
"\x00\x1e\x00\x02\x00\x02\x00\x1e\x00\x02\x00\x03\x00\x1e\x00\x02\x00\x04\x00\x1e\x00\x02\x00\x05\x00\x1e\x00\x02\x00\x06\x00\x1e\x00\x02\x00\x07\x00\x1e\x00\x02"
"\x00\x08\x00\x1e\x00\x02\x00\x0a\xff\xba\x00\x02\x00\x0b\xff\xba\x00\x02\x00\x13\xff\xba\x00\x02\x00\x20\xff\xba\x00\x02\x00\x21\xff\xba\x00\x02\x00\x22\xff\xba"
"\x00\x02\x00\x23\xff\xba\x00\x02\x00\x24\xff\xba\x00\x02\x00\x25\xff\xba\x00\x02\x00\x26\xff\xba\x00\x02\x00\x28\xff\xba\x00\x02\x00\x2b\xff\x52\x00\x02\x00\x2c"
"\xff\xd8\x00\x02\x00\x2d\xff\xd8\x00\x02\x00\x2e\xff\xd8\x00\x02\x00\x2f\xff\xd8\x00\x02\x00\x30\xff\xd8\x00\x02\x00\x31\xff\x74\x00\x02\x00\x32\xff\x8c\x00\x02"
"\x00\x34\xff\x69\x00\x02\x00\x35\xff\x69\x00\x02\x00\x4c\x00\x0b\x00\x02\x00\x4f\x00\x0b\x00\x02\x00\x50\x00\x0b\x00\x02\x00\x51\x00\x0b\x00\x02\x00\x65\xff\xd8"
"\x00\x02\x00\x6c\xff\x75\x00\x02\x00\x6d\xff\x75\x00\x02\x00\x6f\xff\x75\x00\x02\x00\x70\xff\x75\x00\x02\x00\x71\xff\x75\x00\x02\x00\x7b\xff\xbb\x00\x02\x00\x87"
"\xff\x80\x00\x02\x00\x8f\xff\xba\x00\x02\x00\x92\x00\x28\x00\x02\x00\x95\xff\x74\x00\x02\x00\x96\xff\xbb\x00\x02\x00\x99\xff\xbb\x00\x02\x00\x9a\xfe\xf5\x00\x02"
"\x00\x9b\xff\x2f\x00\x02\x00\x9c\xff\x5e\x00\x02\x00\x9d\xff\x5e\x00\x02\x00\x9e\xfe\xf5\x00\x02\x00\x9f\xff\x2f\x00\x02\x00\xa5\xff\xbb\x00\x02\x00\xa8\xff\xbb"
"\x00\x02\x00\xa9\xff\xbb\x00\x02\x00\xac\xff\x98\x00\x02\x00\xad\xff\xbb\x00\x02\x00\xae\xff\xbb\x00\x02\x00\xaf\xff\xbb\x00\x02\x00\xb0\xff\x98\x00\x02\x00\xb1"
"\xff\xbb\x00\x02\x00\xb2\xff\xbb\x00\x02\x00\xb4\xff\x5e\x00\x02\x00\xb5\xff\x5e\x00\x02\x00\xb6\xff\x6f\x00\x02\x00\xb7\xff\xba\x00\x02\x00\xb8\xff\x5e\x00\x02"
"\x00\xb9\xff\x69\x00\x02\x00\xba\xff\x69\x00\x02\x00\xbb\xff\x9c\x00\x02\x00\xd5\xff\xbb\x00\x03\x00\x01\x00\x1e\x00\x03\x00\x02\x00\x1e\x00\x03\x00\x03\x00\x1e"
"\x00\x03\x00\x04\x00\x1e\x00\x03\x00\x05\x00\x1e\x00\x03\x00\x06\x00\x1e\x00\x03\x00\x07\x00\x1e\x00\x03\x00\x08\x00\x1e\x00\x03\x00\x0a\xff\xba\x00\x03\x00\x0b"
"\xff\xba\x00\x03\x00\x13\xff\xba\x00\x03\x00\x20\xff\xba\x00\x03\x00\x21\xff\xba\x00\x03\x00\x22\xff\xba\x00\x03\x00\x23\xff\xba\x00\x03\x00\x24\xff\xba\x00\x03"
"\x00\x25\xff\xba\x00\x03\x00\x26\xff\xba\x00\x03\x00\x28\xff\xba\x00\x03\x00\x2b\xff\x52\x00\x03\x00\x2c\xff\xd8\x00\x03\x00\x2d\xff\xd8\x00\x03\x00\x2e\xff\xd8"
"\x00\x03\x00\x2f\xff\xd8\x00\x03\x00\x30\xff\xd8\x00\x03\x00\x31\xff\x74\x00\x03\x00\x32\xff\x8c\x00\x03\x00\x34\xff\x69\x00\x03\x00\x35\xff\x69\x00\x03\x00\x4c"
"\x00\x0b\x00\x03\x00\x4f\x00\x0b\x00\x03\x00\x50\x00\x0b\x00\x03\x00\x51\x00\x0b\x00\x03\x00\x65\xff\xd8\x00\x03\x00\x6c\xff\x75\x00\x03\x00\x6d\xff\x75\x00\x03"
"\x00\x6f\xff\x75\x00\x03\x00\x70\xff\x75\x00\x03\x00\x71\xff\x75\x00\x03\x00\x7b\xff\xbb\x00\x03\x00\x87\xff\x80\x00\x03\x00\x8f\xff\xba\x00\x03\x00\x92\x00\x28"
"\x00\x03\x00\x95\xff\x74\x00\x03\x00\x96\xff\xbb\x00\x03\x00\x99\xff\xbb\x00\x03\x00\x9a\xfe\xf5\x00\x03\x00\x9b\xff\x2f\x00\x03\x00\x9c\xff\x5e\x00\x03\x00\x9d"
"\xff\x5e\x00\x03\x00\x9e\xfe\xf5\x00\x03\x00\x9f\xff\x2f\x00\x03\x00\xa5\xff\xbb\x00\x03\x00\xa8\xff\xbb\x00\x03\x00\xa9\xff\xbb\x00\x03\x00\xac\xff\x98\x00\x03"
"\x00\xad\xff\xbb\x00\x03\x00\xae\xff\xbb\x00\x03\x00\xaf\xff\xbb\x00\x03\x00\xb0\xff\x98\x00\x03\x00\xb1\xff\xbb\x00\x03\x00\xb2\xff\xbb\x00\x03\x00\xb4\xff\x5e"
"\x00\x03\x00\xb5\xff\x5e\x00\x03\x00\xb6\xff\x6f\x00\x03\x00\xb7\xff\xba\x00\x03\x00\xb8\xff\x5e\x00\x03\x00\xb9\xff\x69\x00\x03\x00\xba\xff\x69\x00\x03\x00\xbb"
"\xff\x9c\x00\x03\x00\xd5\xff\xbb\x00\x04\x00\x01\x00\x1e\x00\x04\x00\x02\x00\x1e\x00\x04\x00\x03\x00\x1e\x00\x04\x00\x04\x00\x1e\x00\x04\x00\x05\x00\x1e\x00\x04"
"\x00\x06\x00\x1e\x00\x04\x00\x07\x00\x1e\x00\x04\x00\x08\x00\x1e\x00\x04\x00\x0a\xff\xba\x00\x04\x00\x0b\xff\xba\x00\x04\x00\x13\xff\xba\x00\x04\x00\x20\xff\xba"
"\x00\x04\x00\x21\xff\xba\x00\x04\x00\x22\xff\xba\x00\x04\x00\x23\xff\xba\x00\x04\x00\x24\xff\xba\x00\x04\x00\x25\xff\xba\x00\x04\x00\x26\xff\xba\x00\x04\x00\x28"
"\xff\xba\x00\x04\x00\x2b\xff\x52\x00\x04\x00\x2c\xff\xd8\x00\x04\x00\x2d\xff\xd8\x00\x04\x00\x2e\xff\xd8\x00\x04\x00\x2f\xff\xd8\x00\x04\x00\x30\xff\xd8\x00\x04"
"\x00\x31\xff\x74\x00\x04\x00\x32\xff\x8c\x00\x04\x00\x34\xff\x69\x00\x04\x00\x35\xff\x69\x00\x04\x00\x4c\x00\x0b\x00\x04\x00\x4f\x00\x0b\x00\x04\x00\x50\x00\x0b"
"\x00\x04\x00\x51\x00\x0b\x00\x04\x00\x65\xff\xd8\x00\x04\x00\x6c\xff\x75\x00\x04\x00\x6d\xff\x75\x00\x04\x00\x6f\xff\x75\x00\x04\x00\x70\xff\x75\x00\x04\x00\x71"
"\xff\x75\x00\x04\x00\x7b\xff\xbb\x00\x04\x00\x87\xff\x80\x00\x04\x00\x8f\xff\xba\x00\x04\x00\x92\x00\x28\x00\x04\x00\x95\xff\x74\x00\x04\x00\x96\xff\xbb\x00\x04"
"\x00\x99\xff\xbb\x00\x04\x00\x9a\xfe\xf5\x00\x04\x00\x9b\xff\x2f\x00\x04\x00\x9c\xff\x5e\x00\x04\x00\x9d\xff\x5e\x00\x04\x00\x9e\xfe\xf5\x00\x04\x00\x9f\xff\x2f"
"\x00\x04\x00\xa5\xff\xbb\x00\x04\x00\xa8\xff\xbb\x00\x04\x00\xa9\xff\xbb\x00\x04\x00\xac\xff\x98\x00\x04\x00\xad\xff\xbb\x00\x04\x00\xae\xff\xbb\x00\x04\x00\xaf"
"\xff\xbb\x00\x04\x00\xb0\xff\x98\x00\x04\x00\xb1\xff\xbb\x00\x04\x00\xb2\xff\xbb\x00\x04\x00\xb4\xff\x5e\x00\x04\x00\xb5\xff\x5e\x00\x04\x00\xb6\xff\x6f\x00\x04"
"\x00\xb7\xff\xba\x00\x04\x00\xb8\xff\x5e\x00\x04\x00\xb9\xff\x69\x00\x04\x00\xba\xff\x69\x00\x04\x00\xbb\xff\x9c\x00\x04\x00\xd5\xff\xbb\x00\x05\x00\x01\x00\x1e"
"\x00\x05\x00\x02\x00\x1e\x00\x05\x00\x03\x00\x1e\x00\x05\x00\x04\x00\x1e\x00\x05\x00\x05\x00\x1e\x00\x05\x00\x06\x00\x1e\x00\x05\x00\x07\x00\x1e\x00\x05\x00\x08"
"\x00\x1e\x00\x05\x00\x0a\xff\xba\x00\x05\x00\x0b\xff\xba\x00\x05\x00\x13\xff\xba\x00\x05\x00\x20\xff\xba\x00\x05\x00\x21\xff\xba\x00\x05\x00\x22\xff\xba\x00\x05"
"\x00\x23\xff\xba\x00\x05\x00\x24\xff\xba\x00\x05\x00\x25\xff\xba\x00\x05\x00\x26\xff\xba\x00\x05\x00\x28\xff\xba\x00\x05\x00\x2b\xff\x52\x00\x05\x00\x2c\xff\xd8"
"\x00\x05\x00\x2d\xff\xd8\x00\x05\x00\x2e\xff\xd8\x00\x05\x00\x2f\xff\xd8\x00\x05\x00\x30\xff\xd8\x00\x05\x00\x31\xff\x74\x00\x05\x00\x32\xff\x8c\x00\x05\x00\x34"
"\xff\x69\x00\x05\x00\x35\xff\x69\x00\x05\x00\x4c\x00\x0b\x00\x05\x00\x4f\x00\x0b\x00\x05\x00\x50\x00\x0b\x00\x05\x00\x51\x00\x0b\x00\x05\x00\x65\xff\xd8\x00\x05"
"\x00\x6c\xff\x75\x00\x05\x00\x6d\xff\x75\x00\x05\x00\x6f\xff\x75\x00\x05\x00\x70\xff\x75\x00\x05\x00\x71\xff\x75\x00\x05\x00\x7b\xff\xbb\x00\x05\x00\x87\xff\x80"
"\x00\x05\x00\x8f\xff\xba\x00\x05\x00\x92\x00\x28\x00\x05\x00\x95\xff\x74\x00\x05\x00\x96\xff\xbb\x00\x05\x00\x99\xff\xbb\x00\x05\x00\x9a\xfe\xf5\x00\x05\x00\x9b"
"\xff\x2f\x00\x05\x00\x9c\xff\x5e\x00\x05\x00\x9d\xff\x5e\x00\x05\x00\x9e\xfe\xf5\x00\x05\x00\x9f\xff\x2f\x00\x05\x00\xa5\xff\xbb\x00\x05\x00\xa8\xff\xbb\x00\x05"
"\x00\xa9\xff\xbb\x00\x05\x00\xac\xff\x98\x00\x05\x00\xad\xff\xbb\x00\x05\x00\xae\xff\xbb\x00\x05\x00\xaf\xff\xbb\x00\x05\x00\xb0\xff\x98\x00\x05\x00\xb1\xff\xbb"
"\x00\x05\x00\xb2\xff\xbb\x00\x05\x00\xb4\xff\x5e\x00\x05\x00\xb5\xff\x5e\x00\x05\x00\xb6\xff\x6f\x00\x05\x00\xb7\xff\xba\x00\x05\x00\xb8\xff\x5e\x00\x05\x00\xb9"
"\xff\x69\x00\x05\x00\xba\xff\x69\x00\x05\x00\xbb\xff\x9c\x00\x05\x00\xd5\xff\xbb\x00\x06\x00\x01\x00\x1e\x00\x06\x00\x02\x00\x1e\x00\x06\x00\x03\x00\x1e\x00\x06"
"\x00\x04\x00\x1e\x00\x06\x00\x05\x00\x1e\x00\x06\x00\x06\x00\x1e\x00\x06\x00\x07\x00\x1e\x00\x06\x00\x08\x00\x1e\x00\x06\x00\x0a\xff\xba\x00\x06\x00\x0b\xff\xba"
"\x00\x06\x00\x13\xff\xba\x00\x06\x00\x20\xff\xba\x00\x06\x00\x21\xff\xba\x00\x06\x00\x22\xff\xba\x00\x06\x00\x23\xff\xba\x00\x06\x00\x24\xff\xba\x00\x06\x00\x25"
"\xff\xba\x00\x06\x00\x26\xff\xba\x00\x06\x00\x28\xff\xba\x00\x06\x00\x2b\xff\x52\x00\x06\x00\x2c\xff\xd8\x00\x06\x00\x2d\xff\xd8\x00\x06\x00\x2e\xff\xd8\x00\x06"
"\x00\x2f\xff\xd8\x00\x06\x00\x30\xff\xd8\x00\x06\x00\x31\xff\x74\x00\x06\x00\x32\xff\x8c\x00\x06\x00\x34\xff\x69\x00\x06\x00\x35\xff\x69\x00\x06\x00\x4c\x00\x0b"
"\x00\x06\x00\x4f\x00\x0b\x00\x06\x00\x50\x00\x0b\x00\x06\x00\x51\x00\x0b\x00\x06\x00\x65\xff\xd8\x00\x06\x00\x6c\xff\x75\x00\x06\x00\x6d\xff\x75\x00\x06\x00\x6f"
"\xff\x75\x00\x06\x00\x70\xff\x75\x00\x06\x00\x71\xff\x75\x00\x06\x00\x7b\xff\xbb\x00\x06\x00\x87\xff\x80\x00\x06\x00\x8f\xff\xba\x00\x06\x00\x92\x00\x28\x00\x06"
"\x00\x95\xff\x74\x00\x06\x00\x96\xff\xbb\x00\x06\x00\x99\xff\xbb\x00\x06\x00\x9a\xfe\xf5\x00\x06\x00\x9b\xff\x2f\x00\x06\x00\x9c\xff\x5e\x00\x06\x00\x9d\xff\x5e"
"\x00\x06\x00\x9e\xfe\xf5\x00\x06\x00\x9f\xff\x2f\x00\x06\x00\xa5\xff\xbb\x00\x06\x00\xa8\xff\xbb\x00\x06\x00\xa9\xff\xbb\x00\x06\x00\xac\xff\x98\x00\x06\x00\xad"
"\xff\xbb\x00\x06\x00\xae\xff\xbb\x00\x06\x00\xaf\xff\xbb\x00\x06\x00\xb0\xff\x98\x00\x06\x00\xb1\xff\xbb\x00\x06\x00\xb2\xff\xbb\x00\x06\x00\xb4\xff\x5e\x00\x06"
"\x00\xb5\xff\x5e\x00\x06\x00\xb6\xff\x6f\x00\x06\x00\xb7\xff\xba\x00\x06\x00\xb8\xff\x5e\x00\x06\x00\xb9\xff\x69\x00\x06\x00\xba\xff\x69\x00\x06\x00\xbb\xff\x9c"
"\x00\x06\x00\xd5\xff\xbb\x00\x07\x00\x01\x00\x1e\x00\x07\x00\x02\x00\x1e\x00\x07\x00\x03\x00\x1e\x00\x07\x00\x04\x00\x1e\x00\x07\x00\x05\x00\x1e\x00\x07\x00\x06"
"\x00\x1e\x00\x07\x00\x07\x00\x1e\x00\x07\x00\x08\x00\x1e\x00\x07\x00\x0a\xff\xba\x00\x07\x00\x0b\xff\xba\x00\x07\x00\x13\xff\xba\x00\x07\x00\x20\xff\xba\x00\x07"
"\x00\x21\xff\xba\x00\x07\x00\x22\xff\xba\x00\x07\x00\x23\xff\xba\x00\x07\x00\x24\xff\xba\x00\x07\x00\x25\xff\xba\x00\x07\x00\x26\xff\xba\x00\x07\x00\x28\xff\xba"
"\x00\x07\x00\x2b\xff\x52\x00\x07\x00\x2c\xff\xd8\x00\x07\x00\x2d\xff\xd8\x00\x07\x00\x2e\xff\xd8\x00\x07\x00\x2f\xff\xd8\x00\x07\x00\x30\xff\xd8\x00\x07\x00\x31"
"\xff\x74\x00\x07\x00\x32\xff\x8c\x00\x07\x00\x34\xff\x69\x00\x07\x00\x35\xff\x69\x00\x07\x00\x4c\x00\x0b\x00\x07\x00\x4f\x00\x0b\x00\x07\x00\x50\x00\x0b\x00\x07"
"\x00\x51\x00\x0b\x00\x07\x00\x65\xff\xd8\x00\x07\x00\x6c\xff\x75\x00\x07\x00\x6d\xff\x75\x00\x07\x00\x6f\xff\x75\x00\x07\x00\x70\xff\x75\x00\x07\x00\x71\xff\x75"
"\x00\x07\x00\x7b\xff\xbb\x00\x07\x00\x87\xff\x80\x00\x07\x00\x8f\xff\xba\x00\x07\x00\x92\x00\x28\x00\x07\x00\x95\xff\x74\x00\x07\x00\x96\xff\xbb\x00\x07\x00\x99"
"\xff\xbb\x00\x07\x00\x9a\xfe\xf5\x00\x07\x00\x9b\xff\x2f\x00\x07\x00\x9c\xff\x5e\x00\x07\x00\x9d\xff\x5e\x00\x07\x00\x9e\xfe\xf5\x00\x07\x00\x9f\xff\x2f\x00\x07"
"\x00\xa5\xff\xbb\x00\x07\x00\xa8\xff\xbb\x00\x07\x00\xa9\xff\xbb\x00\x07\x00\xac\xff\x98\x00\x07\x00\xad\xff\xbb\x00\x07\x00\xae\xff\xbb\x00\x07\x00\xaf\xff\xbb"
"\x00\x07\x00\xb0\xff\x98\x00\x07\x00\xb1\xff\xbb\x00\x07\x00\xb2\xff\xbb\x00\x07\x00\xb4\xff\x5e\x00\x07\x00\xb5\xff\x5e\x00\x07\x00\xb6\xff\x6f\x00\x07\x00\xb7"
"\xff\xba\x00\x07\x00\xb8\xff\x5e\x00\x07\x00\xb9\xff\x69\x00\x07\x00\xba\xff\x69\x00\x07\x00\xbb\xff\x9c\x00\x07\x00\xd5\xff\xbb\x00\x08\x00\x4e\x00\x97\x00\x09"
"\x00\x2b\xff\x8c\x00\x09\x00\x4e\x00\x45\x00\x09\x00\x9a\xff\x80\x00\x09\x00\x9e\xff\x80\x00\x0a\x00\x01\xff\xd8\x00\x0a\x00\x02\xff\xd8\x00\x0a\x00\x03\xff\xd8"
"\x00\x0a\x00\x04\xff\xd8\x00\x0a\x00\x05\xff\xd8\x00\x0a\x00\x06\xff\xd8\x00\x0a\x00\x07\xff\xd8\x00\x0a\x00\x08\xff\xd8\x00\x0a\x00\x33\xff\xf5\x00\x0a\x00\x4e"
"\x00\x45\x00\x0a\x00\xb3\xff\xaf\x00\x0b\x00\x01\xff\xd8\x00\x0b\x00\x02\xff\xd8\x00\x0b\x00\x03\xff\xd8\x00\x0b\x00\x04\xff\xd8\x00\x0b\x00\x05\xff\xd8\x00\x0b"
"\x00\x06\xff\xd8\x00\x0b\x00\x07\xff\xd8\x00\x0b\x00\x08\xff\xd8\x00\x0b\x00\x33\xff\xf5\x00\x0b\x00\x4e\x00\x45\x00\x0b\x00\xb3\xff\xaf\x00\x0c\x00\x01\xff\xba"
"\x00\x0c\x00\x02\xff\xba\x00\x0c\x00\x03\xff\xba\x00\x0c\x00\x04\xff\xba\x00\x0c\x00\x05\xff\xba\x00\x0c\x00\x06\xff\xba\x00\x0c\x00\x07\xff\xba\x00\x0c\x00\x08"
"\xff\xba\x00\x0c\x00\x2b\xff\xc3\x00\x0c\x00\x31\xff\xbb\x00\x0c\x00\x33\xff\xba\x00\x0c\x00\x34\xff\xbb\x00\x0c\x00\x35\xff\xbb\x00\x0c\x00\x92\xff\xaf\x00\x0c"
"\x00\x95\xff\xbb\x00\x0c\x00\x9a\xff\xbb\x00\x0c\x00\x9e\xff\xbb\x00\x0c\x00\xa0\xff\xa6\x00\x0c\x00\xa1\xff\xa6\x00\x0c\x00\xa2\xff\xa6\x00\x0c\x00\xb3\xff\xaf"
"\x00\x0c\x00\xb6\xff\xf5\x00\x0d\x00\x4e\x00\x97\x00\x0e\x00\x4e\x00\x97\x00\x0f\x00\x4e\x00\x97\x00\x10\x00\x4e\x00\x97\x00\x11\x00\x4e\x00\x97\x00\x12\x00\x01"
"\xff\x46\x00\x12\x00\x02\xff\x46\x00\x12\x00\x03\xff\x46\x00\x12\x00\x04\xff\x46\x00\x12\x00\x05\xff\x46\x00\x12\x00\x06\xff\x46\x00\x12\x00\x07\xff\x46\x00\x12"
"\x00\x08\xff\x46\x00\x12\x00\x1a\xff\x75\x00\x12\x00\x37\xff\xce\x00\x12\x00\x38\xff\xce\x00\x12\x00\x39\xff\xce\x00\x12\x00\x3a\xff\xce\x00\x12\x00\x3b\xff\xce"
"\x00\x12\x00\x3c\xff\xce\x00\x12\x00\x3d\xff\xce\x00\x12\x00\x3e\xff\xce\x00\x12\x00\x41\xff\xaf\x00\x12\x00\x42\xff\xaf\x00\x12\x00\x43\xff\xaf\x00\x12\x00\x44"
"\xff\xaf\x00\x12\x00\x45\xff\xaf\x00\x12\x00\x46\xff\xaf\x00\x12\x00\x47\xff\xaf\x00\x12\x00\x48\xff\xaf\x00\x12\x00\x4a\xff\xaf\x00\x12\x00\x56\xff\xc4\x00\x12"
"\x00\x57\xff\xc4\x00\x12\x00\x58\xff\xc4\x00\x12\x00\x59\xff\xaf\x00\x12\x00\x5a\xff\xaf\x00\x12\x00\x5b\xff\xaf\x00\x12\x00\x5c\xff\xaf\x00\x12\x00\x5d\xff\xaf"
"\x00\x12\x00\x5e\xff\xaf\x00\x12\x00\x5f\xff\xaf\x00\x12\x00\x60\xff\xc4\x00\x12\x00\x61\xff\xaf\x00\x12\x00\x62\xff\xc4\x00\x12\x00\x66\xff\xbb\x00\x12\x00\x67"
"\xff\xbb\x00\x12\x00\x68\xff\xbb\x00\x12\x00\x69\xff\xbb\x00\x12\x00\x6a\xff\xbb\x00\x12\x00\x6b\xff\xbb\x00\x12\x00\x6c\xff\xbb\x00\x12\x00\x6f\xff\xbb\x00\x12"
"\x00\x70\xff\xbb\x00\x12\x00\x71\xff\xbb\x00\x12\x00\x72\xff\xbb\x00\x12\x00\x74\xff\xaf\x00\x12\x00\x76\xff\xaf\x00\x12\x00\xa0\xff\xaf\x00\x12\x00\xa1\xff\xbb"
"\x00\x12\x00\xa2\xff\x52\x00\x12\x00\xb3\xff\xbb\x00\x13\x00\x01\xff\xd2\x00\x13\x00\x02\xff\xd2\x00\x13\x00\x03\xff\xd2\x00\x13\x00\x04\xff\xd2\x00\x13\x00\x05"
"\xff\xd2\x00\x13\x00\x06\xff\xd2\x00\x13\x00\x07\xff\xd2\x00\x13\x00\x08\xff\xd2\x00\x13\x00\x2b\xff\xc3\x00\x13\x00\x31\xff\xd2\x00\x13\x00\x33\xff\xf5\x00\x13"
"\x00\x34\xff\xd2\x00\x13\x00\x35\xff\xd2\x00\x13\x00\x4e\x00\x45\x00\x13\x00\x95\xff\xd2\x00\x14\x00\x4e\x00\x78\x00\x14\x00\x65\x00\x1e\x00\x14\x00\x6c\x00\x0a"
"\x00\x14\x00\x6f\x00\x0a\x00\x14\x00\x70\x00\x0a\x00\x14\x00\x71\x00\x0a\x00\x14\x00\xd9\x00\x45\x00\x15\x00\x4e\x00\x78\x00\x15\x00\x65\x00\x1e\x00\x15\x00\x6c"
"\x00\x0a\x00\x15\x00\x6f\x00\x0a\x00\x15\x00\x70\x00\x0a\x00\x15\x00\x71\x00\x0a\x00\x15\x00\xd9\x00\x45\x00\x16\x00\x4e\x00\x28\x00\x17\x00\x4e\x00\x78\x00\x17"
"\x00\x65\x00\x1e\x00\x17\x00\x6c\x00\x0a\x00\x17\x00\x6f\x00\x0a\x00\x17\x00\x70\x00\x0a\x00\x17\x00\x71\x00\x0a\x00\x17\x00\xd9\x00\x45\x00\x18\x00\x4e\x00\x78"
"\x00\x18\x00\x65\x00\x1e\x00\x18\x00\x6c\x00\x0a\x00\x18\x00\x6f\x00\x0a\x00\x18\x00\x70\x00\x0a\x00\x18\x00\x71\x00\x0a\x00\x18\x00\xd9\x00\x45\x00\x19\x00\x4e"
"\x00\x28\x00\x1a\x00\x01\xff\xd8\x00\x1a\x00\x02\xff\xd8\x00\x1a\x00\x03\xff\xd8\x00\x1a\x00\x04\xff\xd8\x00\x1a\x00\x05\xff\xd8\x00\x1a\x00\x06\xff\xd8\x00\x1a"
"\x00\x07\xff\xd8\x00\x1a\x00\x08\xff\xd8\x00\x1a\x00\x92\xff\x8c\x00\x1a\x00\xa0\xff\xbb\x00\x1a\x00\xa1\xff\xbb\x00\x1a\x00\xa2\xff\xbb\x00\x1a\x00\xb3\xff\x98"
"\x00\x1b\x00\x0a\xff\xbb\x00\x1b\x00\x0b\xff\xbb\x00\x1b\x00\x13\xff\xbb\x00\x1b\x00\x20\xff\xbb\x00\x1b\x00\x21\xff\xbb\x00\x1b\x00\x22\xff\xbb\x00\x1b\x00\x23"
"\xff\xbb\x00\x1b\x00\x24\xff\xbb\x00\x1b\x00\x25\xff\xbb\x00\x1b\x00\x26\xff\xbb\x00\x1b\x00\x28\xff\xbb\x00\x1b\x00\x2a\xff\xec\x00\x1b\x00\x41\xff\xaf\x00\x1b"
"\x00\x42\xff\xaf\x00\x1b\x00\x43\xff\xaf\x00\x1b\x00\x44\xff\xaf\x00\x1b\x00\x45\xff\xaf\x00\x1b\x00\x46\xff\xaf\x00\x1b\x00\x47\xff\xaf\x00\x1b\x00\x48\xff\xaf"
"\x00\x1b\x00\x4a\xff\xaf\x00\x1b\x00\x4c\x00\x20\x00\x1b\x00\x4e\x00\xae\x00\x1b\x00\x4f\x00\x20\x00\x1b\x00\x50\x00\x20\x00\x1b\x00\x51\x00\x20\x00\x1b\x00\x59"
"\xff\xaf\x00\x1b\x00\x5a\xff\xaf\x00\x1b\x00\x5b\xff\xaf\x00\x1b\x00\x5c\xff\xaf\x00\x1b\x00\x5d\xff\xaf\x00\x1b\x00\x5e\xff\xaf\x00\x1b\x00\x5f\xff\xaf\x00\x1b"
"\x00\x61\xff\xaf\x00\x1b\x00\x66\xff\xbb\x00\x1b\x00\x67\xff\xbb\x00\x1b\x00\x68\xff\xbb\x00\x1b\x00\x69\xff\xbb\x00\x1b\x00\x6a\xff\xbb\x00\x1b\x00\x6b\xff\xbb"
"\x00\x1b\x00\x6c\xff\xaf\x00\x1b\x00\x6d\xff\x80\x00\x1b\x00\x6f\xff\xaf\x00\x1b\x00\x70\xff\xaf\x00\x1b\x00\x71\xff\xaf\x00\x1b\x00\x74\xff\xaf\x00\x1b\x00\x75"
"\xff\xec\x00\x1b\x00\x76\xff\xaf\x00\x1b\x00\x8f\xff\xbb\x00\x1b\x00\x96\xff\x23\x00\x1b\x00\x99\xff\xbb\x00\x1b\x00\xa5\xff\xa3\x00\x1b\x00\xa8\xff\x98\x00\x1b"
"\x00\xaa\xff\x75\x00\x1b\x00\xac\xff\xbb\x00\x1b\x00\xad\xff\x23\x00\x1b\x00\xae\xff\xbb\x00\x1b\x00\xaf\xff\x23\x00\x1b\x00\xb0\xff\xbb\x00\x1b\x00\xb1\xff\x23"
"\x00\x1b\x00\xb2\xff\x98\x00\x1b\x00\xb6\xff\xe2\x00\x1b\x00\xb7\xff\xbb\x00\x1b\x00\xd5\xff\x23\x00\x1c\x00\x0a\xff\xc6\x00\x1c\x00\x0b\xff\xc6\x00\x1c\x00\x13"
"\xff\xc6\x00\x1c\x00\x20\xff\xc6\x00\x1c\x00\x21\xff\xc6\x00\x1c\x00\x22\xff\xc6\x00\x1c\x00\x23\xff\xc6\x00\x1c\x00\x24\xff\xc6\x00\x1c\x00\x25\xff\xc6\x00\x1c"
"\x00\x26\xff\xc6\x00\x1c\x00\x28\xff\xc6\x00\x1c\x00\x2b\xff\x3b\x00\x1c\x00\x31\xff\x75\x00\x1c\x00\x34\xff\xbb\x00\x1c\x00\x35\xff\xbb\x00\x1c\x00\x65\xff\xd2"
"\x00\x1c\x00\x6c\xff\x75\x00\x1c\x00\x6f\xff\x75\x00\x1c\x00\x70\xff\x75\x00\x1c\x00\x71\xff\x75\x00\x1c\x00\x7b\xff\xa3\x00\x1c\x00\x8f\xff\xc6\x00\x1c\x00\x95"
"\xff\x75\x00\x1c\x00\x96\xff\x98\x00\x1c\x00\x99\xff\xbb\x00\x1c\x00\x9a\xff\x52\x00\x1c\x00\x9b\xff\xb0\x00\x1c\x00\x9c\xff\x46\x00\x1c\x00\x9d\xff\x46\x00\x1c"
"\x00\x9e\xff\x52\x00\x1c\x00\x9f\xff\xb0\x00\x1c\x00\xa5\xff\x80\x00\x1c\x00\xa8\xff\x80\x00\x1c\x00\xad\xff\x52\x00\x1c\x00\xae\xff\xbb\x00\x1c\x00\xaf\xff\x52"
"\x00\x1c\x00\xb1\xff\xaf\x00\x1c\x00\xb2\xfe\xf5\x00\x1c\x00\xb4\xfe\xf5\x00\x1c\x00\xb5\xff\xaf\x00\x1c\x00\xb6\xff\x5b\x00\x1c\x00\xb7\xff\xc6\x00\x1c\x00\xb8"
"\xff\xa3\x00\x1c\x00\xb9\xff\x3b\x00\x1c\x00\xba\xff\x3b\x00\x1c\x00\xbb\xff\x4c\x00\x1c\x00\xd5\xff\x52\x00\x1d\x00\x4e\x00\x78\x00\x1d\x00\x65\x00\x1e\x00\x1d"
"\x00\x6c\x00\x0a\x00\x1d\x00\x6f\x00\x0a\x00\x1d\x00\x70\x00\x0a\x00\x1d\x00\x71\x00\x0a\x00\x1d\x00\xd9\x00\x45\x00\x1e\x00\x4e\x00\x78\x00\x1e\x00\x65\x00\x1e"
"\x00\x1e\x00\x6c\x00\x0a\x00\x1e\x00\x6f\x00\x0a\x00\x1e\x00\x70\x00\x0a\x00\x1e\x00\x71\x00\x0a\x00\x1e\x00\xd9\x00\x45\x00\x1f\x00\x4e\x00\x78\x00\x1f\x00\x65"
"\x00\x1e\x00\x1f\x00\x6c\x00\x0a\x00\x1f\x00\x6f\x00\x0a\x00\x1f\x00\x70\x00\x0a\x00\x1f\x00\x71\x00\x0a\x00\x1f\x00\xd9\x00\x45\x00\x20\x00\x01\xff\xba\x00\x20"
"\x00\x02\xff\xba\x00\x20\x00\x03\xff\xba\x00\x20\x00\x04\xff\xba\x00\x20\x00\x05\xff\xba\x00\x20\x00\x06\xff\xba\x00\x20\x00\x07\xff\xba\x00\x20\x00\x08\xff\xba"
"\x00\x20\x00\x2b\xff\xc3\x00\x20\x00\x31\xff\xbb\x00\x20\x00\x33\xff\xba\x00\x20\x00\x34\xff\xbb\x00\x20\x00\x35\xff\xbb\x00\x20\x00\x92\xff\xaf\x00\x20\x00\x95"
"\xff\xbb\x00\x20\x00\x9a\xff\xbb\x00\x20\x00\x9e\xff\xbb\x00\x20\x00\xa0\xff\xa6\x00\x20\x00\xa1\xff\xa6\x00\x20\x00\xa2\xff\xa6\x00\x20\x00\xb3\xff\xaf\x00\x20"
"\x00\xb6\xff\xf5\x00\x21\x00\x01\xff\xba\x00\x21\x00\x02\xff\xba\x00\x21\x00\x03\xff\xba\x00\x21\x00\x04\xff\xba\x00\x21\x00\x05\xff\xba\x00\x21\x00\x06\xff\xba"
"\x00\x21\x00\x07\xff\xba\x00\x21\x00\x08\xff\xba\x00\x21\x00\x2b\xff\xc3\x00\x21\x00\x31\xff\xbb\x00\x21\x00\x33\xff\xba\x00\x21\x00\x34\xff\xbb\x00\x21\x00\x35"
"\xff\xbb\x00\x21\x00\x92\xff\xaf\x00\x21\x00\x95\xff\xbb\x00\x21\x00\x9a\xff\xbb\x00\x21\x00\x9e\xff\xbb\x00\x21\x00\xa0\xff\xa6\x00\x21\x00\xa1\xff\xa6\x00\x21"
"\x00\xa2\xff\xa6\x00\x21\x00\xb3\xff\xaf\x00\x21\x00\xb6\xff\xf5\x00\x22\x00\x01\xff\xba\x00\x22\x00\x02\xff\xba\x00\x22\x00\x03\xff\xba\x00\x22\x00\x04\xff\xba"
"\x00\x22\x00\x05\xff\xba\x00\x22\x00\x06\xff\xba\x00\x22\x00\x07\xff\xba\x00\x22\x00\x08\xff\xba\x00\x22\x00\x2b\xff\xc3\x00\x22\x00\x31\xff\xbb\x00\x22\x00\x33"
"\xff\xba\x00\x22\x00\x34\xff\xbb\x00\x22\x00\x35\xff\xbb\x00\x22\x00\x92\xff\xaf\x00\x22\x00\x95\xff\xbb\x00\x22\x00\x9a\xff\xbb\x00\x22\x00\x9e\xff\xbb\x00\x22"
"\x00\xa0\xff\xa6\x00\x22\x00\xa1\xff\xa6\x00\x22\x00\xa2\xff\xa6\x00\x22\x00\xb3\xff\xaf\x00\x22\x00\xb6\xff\xf5\x00\x23\x00\x01\xff\xba\x00\x23\x00\x02\xff\xba"
"\x00\x23\x00\x03\xff\xba\x00\x23\x00\x04\xff\xba\x00\x23\x00\x05\xff\xba\x00\x23\x00\x06\xff\xba\x00\x23\x00\x07\xff\xba\x00\x23\x00\x08\xff\xba\x00\x23\x00\x2b"
"\xff\xc3\x00\x23\x00\x31\xff\xbb\x00\x23\x00\x33\xff\xba\x00\x23\x00\x34\xff\xbb\x00\x23\x00\x35\xff\xbb\x00\x23\x00\x92\xff\xaf\x00\x23\x00\x95\xff\xbb\x00\x23"
"\x00\x9a\xff\xbb\x00\x23\x00\x9e\xff\xbb\x00\x23\x00\xa0\xff\xa6\x00\x23\x00\xa1\xff\xa6\x00\x23\x00\xa2\xff\xa6\x00\x23\x00\xb3\xff\xaf\x00\x23\x00\xb6\xff\xf5"
"\x00\x24\x00\x01\xff\xba\x00\x24\x00\x02\xff\xba\x00\x24\x00\x03\xff\xba\x00\x24\x00\x04\xff\xba\x00\x24\x00\x05\xff\xba\x00\x24\x00\x06\xff\xba\x00\x24\x00\x07"
"\xff\xba\x00\x24\x00\x08\xff\xba\x00\x24\x00\x2b\xff\xc3\x00\x24\x00\x31\xff\xbb\x00\x24\x00\x33\xff\xba\x00\x24\x00\x34\xff\xbb\x00\x24\x00\x35\xff\xbb\x00\x24"
"\x00\x92\xff\xaf\x00\x24\x00\x95\xff\xbb\x00\x24\x00\x9a\xff\xbb\x00\x24\x00\x9e\xff\xbb\x00\x24\x00\xa0\xff\xa6\x00\x24\x00\xa1\xff\xa6\x00\x24\x00\xa2\xff\xa6"
"\x00\x24\x00\xb3\xff\xaf\x00\x24\x00\xb6\xff\xf5\x00\x25\x00\x01\xff\xba\x00\x25\x00\x02\xff\xba\x00\x25\x00\x03\xff\xba\x00\x25\x00\x04\xff\xba\x00\x25\x00\x05"
"\xff\xba\x00\x25\x00\x06\xff\xba\x00\x25\x00\x07\xff\xba\x00\x25\x00\x08\xff\xba\x00\x25\x00\x2b\xff\xc3\x00\x25\x00\x31\xff\xbb\x00\x25\x00\x33\xff\xba\x00\x25"
"\x00\x34\xff\xbb\x00\x25\x00\x35\xff\xbb\x00\x25\x00\x92\xff\xaf\x00\x25\x00\x95\xff\xbb\x00\x25\x00\x9a\xff\xbb\x00\x25\x00\x9e\xff\xbb\x00\x25\x00\xa0\xff\xa6"
"\x00\x25\x00\xa1\xff\xa6\x00\x25\x00\xa2\xff\xa6\x00\x25\x00\xb3\xff\xaf\x00\x25\x00\xb6\xff\xf5\x00\x26\x00\x01\xff\xba\x00\x26\x00\x02\xff\xba\x00\x26\x00\x03"
"\xff\xba\x00\x26\x00\x04\xff\xba\x00\x26\x00\x05\xff\xba\x00\x26\x00\x06\xff\xba\x00\x26\x00\x07\xff\xba\x00\x26\x00\x08\xff\xba\x00\x26\x00\x2b\xff\xc3\x00\x26"
"\x00\x31\xff\xbb\x00\x26\x00\x33\xff\xba\x00\x26\x00\x34\xff\xbb\x00\x26\x00\x35\xff\xbb\x00\x26\x00\x92\xff\xaf\x00\x26\x00\x95\xff\xbb\x00\x26\x00\x9a\xff\xbb"
"\x00\x26\x00\x9e\xff\xbb\x00\x26\x00\xa0\xff\xa6\x00\x26\x00\xa1\xff\xa6\x00\x26\x00\xa2\xff\xa6\x00\x26\x00\xb3\xff\xaf\x00\x26\x00\xb6\xff\xf5\x00\x27\x00\x01"
"\xff\x69\x00\x27\x00\x02\xff\x69\x00\x27\x00\x03\xff\x69\x00\x27\x00\x04\xff\x69\x00\x27\x00\x05\xff\x69\x00\x27\x00\x06\xff\x69\x00\x27\x00\x07\xff\x69\x00\x27"
"\x00\x08\xff\x69\x00\x27\x00\x1a\xff\x3b\x00\x27\x00\x41\xff\xf5\x00\x27\x00\x42\xff\xf5\x00\x27\x00\x43\xff\xf5\x00\x27\x00\x44\xff\xf5\x00\x27\x00\x45\xff\xf5"
"\x00\x27\x00\x46\xff\xf5\x00\x27\x00\x47\xff\xf5\x00\x27\x00\x48\xff\xf5\x00\x27\x00\x4a\xff\xf5\x00\x27\x00\x59\xff\xf5\x00\x27\x00\x5a\xff\xf5\x00\x27\x00\x5b"
"\xff\xf5\x00\x27\x00\x5c\xff\xf5\x00\x27\x00\x5d\xff\xf5\x00\x27\x00\x5e\xff\xf5\x00\x27\x00\x5f\xff\xf5\x00\x27\x00\x61\xff\xf5\x00\x27\x00\x74\xff\xf5\x00\x27"
"\x00\x76\xff\xf5\x00\x27\x00\x84\xff\xbb\x00\x27\x00\x96\xff\xa3\x00\x27\x00\xa0\xff\xaf\x00\x27\x00\xa1\xff\xbb\x00\x27\x00\xa2\xff\x3b\x00\x27\x00\xa5\xff\xa3"
"\x00\x27\x00\xad\xff\xa3\x00\x27\x00\xaf\xff\xa3\x00\x27\x00\xb1\xff\xa3\x00\x27\x00\xb2\xff\xa3\x00\x27\x00\xd5\xff\xa3\x00\x28\x00\x01\xff\xba\x00\x28\x00\x02"
"\xff\xba\x00\x28\x00\x03\xff\xba\x00\x28\x00\x04\xff\xba\x00\x28\x00\x05\xff\xba\x00\x28\x00\x06\xff\xba\x00\x28\x00\x07\xff\xba\x00\x28\x00\x08\xff\xba\x00\x28"
"\x00\x2b\xff\xc3\x00\x28\x00\x31\xff\xbb\x00\x28\x00\x33\xff\xba\x00\x28\x00\x34\xff\xbb\x00\x28\x00\x35\xff\xbb\x00\x28\x00\x92\xff\xaf\x00\x28\x00\x95\xff\xbb"
"\x00\x28\x00\x9a\xff\xbb\x00\x28\x00\x9e\xff\xbb\x00\x28\x00\xa0\xff\xa6\x00\x28\x00\xa1\xff\xa6\x00\x28\x00\xa2\xff\xa6\x00\x28\x00\xb3\xff\xaf\x00\x28\x00\xb6"
"\xff\xf5\x00\x29\x00\x31\xff\xde\x00\x29\x00\x34\xff\xcf\x00\x29\x00\x35\xff\xcf\x00\x29\x00\x37\xff\xf6\x00\x29\x00\x38\xff\xf6\x00\x29\x00\x39\xff\xf6\x00\x29"
"\x00\x3a\xff\xf6\x00\x29\x00\x3b\xff\xf6\x00\x29\x00\x3c\xff\xf6\x00\x29\x00\x3d\xff\xf6\x00\x29\x00\x3e\xff\xf6\x00\x29\x00\x41\xff\xe2\x00\x29\x00\x42\xff\xe2"
"\x00\x29\x00\x43\xff\xe2\x00\x29\x00\x44\xff\xe2\x00\x29\x00\x45\xff\xe2\x00\x29\x00\x46\xff\xe2\x00\x29\x00\x47\xff\xe2\x00\x29\x00\x48\xff\xe2\x00\x29\x00\x4a"
"\xff\xe2\x00\x29\x00\x4e\x00\x5d\x00\x29\x00\x59\xff\xe2\x00\x29\x00\x5a\xff\xe2\x00\x29\x00\x5b\xff\xe2\x00\x29\x00\x5c\xff\xe2\x00\x29\x00\x5d\xff\xe2\x00\x29"
"\x00\x5e\xff\xe2\x00\x29\x00\x5f\xff\xe2\x00\x29\x00\x61\xff\xe2\x00\x29\x00\x74\xff\xe2\x00\x29\x00\x76\xff\xe2\x00\x29\x00\x95\xff\xde\x00\x2a\x00\x2b\xff\xf6"
"\x00\x2a\x00\x33\xff\xec\x00\x2a\x00\x4e\x00\x5d\x00\x2b\x00\x01\xff\x52\x00\x2b\x00\x02\xff\x52\x00\x2b\x00\x03\xff\x52\x00\x2b\x00\x04\xff\x52\x00\x2b\x00\x05"
"\xff\x52\x00\x2b\x00\x06\xff\x52\x00\x2b\x00\x07\xff\x52\x00\x2b\x00\x08\xff\x52\x00\x2b\x00\x0a\xff\xc3\x00\x2b\x00\x0b\xff\xc3\x00\x2b\x00\x13\xff\xc3\x00\x2b"
"\x00\x1a\xff\x46\x00\x2b\x00\x20\xff\xc3\x00\x2b\x00\x21\xff\xc3\x00\x2b\x00\x22\xff\xc3\x00\x2b\x00\x23\xff\xc3\x00\x2b\x00\x24\xff\xc3\x00\x2b\x00\x25\xff\xc3"
"\x00\x2b\x00\x26\xff\xc3\x00\x2b\x00\x28\xff\xc3\x00\x2b\x00\x34\x00\x28\x00\x2b\x00\x35\x00\x28\x00\x2b\x00\x37\xff\x6a\x00\x2b\x00\x38\xff\x6a\x00\x2b\x00\x39"
"\xff\x6a\x00\x2b\x00\x3a\xff\xaf\x00\x2b\x00\x3b\xff\x6a\x00\x2b\x00\x3c\xff\x6a\x00\x2b\x00\x3d\xff\xaf\x00\x2b\x00\x3e\xff\x6a\x00\x2b\x00\x41\xff\x60\x00\x2b"
"\x00\x42\xff\x60\x00\x2b\x00\x43\xff\x60\x00\x2b\x00\x44\xff\x60\x00\x2b\x00\x45\xff\x98\x00\x2b\x00\x46\xff\x60\x00\x2b\x00\x47\xff\x60\x00\x2b\x00\x48\xff\x60"
"\x00\x2b\x00\x4a\xff\x60\x00\x2b\x00\x4e\x00\xba\x00\x2b\x00\x56\xff\x8c\x00\x2b\x00\x57\xff\x8c\x00\x2b\x00\x58\xff\x8c\x00\x2b\x00\x59\xff\x60\x00\x2b\x00\x5a"
"\xff\x98\x00\x2b\x00\x5b\xff\x98\x00\x2b\x00\x5c\xff\x60\x00\x2b\x00\x5d\xff\x60\x00\x2b\x00\x5e\xff\x60\x00\x2b\x00\x5f\xff\x60\x00\x2b\x00\x60\xff\x8c\x00\x2b"
"\x00\x61\xff\x60\x00\x2b\x00\x62\xff\x8c\x00\x2b\x00\x63\xff\x69\x00\x2b\x00\x65\xff\x2f\x00\x2b\x00\x66\xff\x69\x00\x2b\x00\x67\xff\x98\x00\x2b\x00\x68\xff\x2f"
"\x00\x2b\x00\x69\xff\x69\x00\x2b\x00\x6a\xff\x69\x00\x2b\x00\x6b\xff\x69\x00\x2b\x00\x6c\xff\x80\x00\x2b\x00\x6d\xff\x80\x00\x2b\x00\x6e\xff\x80\x00\x2b\x00\x6f"
"\xff\x80\x00\x2b\x00\x70\xff\xbb\x00\x2b\x00\x71\xff\x80\x00\x2b\x00\x72\xff\xa3\x00\x2b\x00\x74\xff\x60\x00\x2b\x00\x76\xff\x60\x00\x2b\x00\x7a\xff\xbb\x00\x2b"
"\x00\x7e\xff\x75\x00\x2b\x00\x80\xff\xbb\x00\x2b\x00\x81\xff\x5e\x00\x2b\x00\x84\xff\xbb\x00\x2b\x00\x8f\xff\xc3\x00\x2b\x00\x92\xff\x98\x00\x2b\x00\x96\xff\x69"
"\x00\x2b\x00\x99\xff\xbb\x00\x2b\x00\xa0\xff\xbb\x00\x2b\x00\xa1\xff\xbb\x00\x2b\x00\xa2\xff\x52\x00\x2b\x00\xa3\xff\xbb\x00\x2b\x00\xa4\xff\xbb\x00\x2b\x00\xa5"
"\xff\x5e\x00\x2b\x00\xa8\xfe\xf5\x00\x2b\x00\xa9\xff\x98\x00\x2b\x00\xaa\xff\x5e\x00\x2b\x00\xac\xff\xbb\x00\x2b\x00\xad\xff\x69\x00\x2b\x00\xae\xff\xbb\x00\x2b"
"\x00\xaf\xff\x69\x00\x2b\x00\xb0\xff\xbb\x00\x2b\x00\xb1\xff\x69\x00\x2b\x00\xb2\xff\x69\x00\x2b\x00\xb3\xff\x8c\x00\x2b\x00\xb7\xff\xc3\x00\x2b\x00\xd5\xff\x69"
"\x00\x2c\x00\x01\xff\xd8\x00\x2c\x00\x02\xff\xd8\x00\x2c\x00\x03\xff\xd8\x00\x2c\x00\x04\xff\xd8\x00\x2c\x00\x05\xff\xd8\x00\x2c\x00\x06\xff\xd8\x00\x2c\x00\x07"
"\xff\xd8\x00\x2c\x00\x08\xff\xd8\x00\x2c\x00\x92\xff\x8c\x00\x2c\x00\xa0\xff\xbb\x00\x2c\x00\xa1\xff\xbb\x00\x2c\x00\xa2\xff\xbb\x00\x2c\x00\xb3\xff\x98\x00\x2d"
"\x00\x01\xff\xd8\x00\x2d\x00\x02\xff\xd8\x00\x2d\x00\x03\xff\xd8\x00\x2d\x00\x04\xff\xd8\x00\x2d\x00\x05\xff\xd8\x00\x2d\x00\x06\xff\xd8\x00\x2d\x00\x07\xff\xd8"
"\x00\x2d\x00\x08\xff\xd8\x00\x2d\x00\x92\xff\x8c\x00\x2d\x00\xa0\xff\xbb\x00\x2d\x00\xa1\xff\xbb\x00\x2d\x00\xa2\xff\xbb\x00\x2d\x00\xb3\xff\x98\x00\x2e\x00\x01"
"\xff\xd8\x00\x2e\x00\x02\xff\xd8\x00\x2e\x00\x03\xff\xd8\x00\x2e\x00\x04\xff\xd8\x00\x2e\x00\x05\xff\xd8\x00\x2e\x00\x06\xff\xd8\x00\x2e\x00\x07\xff\xd8\x00\x2e"
"\x00\x08\xff\xd8\x00\x2e\x00\x92\xff\x8c\x00\x2e\x00\xa0\xff\xbb\x00\x2e\x00\xa1\xff\xbb\x00\x2e\x00\xa2\xff\xbb\x00\x2e\x00\xb3\xff\x98\x00\x2f\x00\x01\xff\xd8"
"\x00\x2f\x00\x02\xff\xd8\x00\x2f\x00\x03\xff\xd8\x00\x2f\x00\x04\xff\xd8\x00\x2f\x00\x05\xff\xd8\x00\x2f\x00\x06\xff\xd8\x00\x2f\x00\x07\xff\xd8\x00\x2f\x00\x08"
"\xff\xd8\x00\x2f\x00\x92\xff\x8c\x00\x2f\x00\xa0\xff\xbb\x00\x2f\x00\xa1\xff\xbb\x00\x2f\x00\xa2\xff\xbb\x00\x2f\x00\xb3\xff\x98\x00\x30\x00\x01\xff\xd8\x00\x30"
"\x00\x02\xff\xd8\x00\x30\x00\x03\xff\xd8\x00\x30\x00\x04\xff\xd8\x00\x30\x00\x05\xff\xd8\x00\x30\x00\x06\xff\xd8\x00\x30\x00\x07\xff\xd8\x00\x30\x00\x08\xff\xd8"
"\x00\x30\x00\x92\xff\x8c\x00\x30\x00\xa0\xff\xbb\x00\x30\x00\xa1\xff\xbb\x00\x30\x00\xa2\xff\xbb\x00\x30\x00\xb3\xff\x98\x00\x31\x00\x01\xff\x74\x00\x31\x00\x02"
"\xff\x74\x00\x31\x00\x03\xff\x74\x00\x31\x00\x04\xff\x74\x00\x31\x00\x05\xff\x74\x00\x31\x00\x06\xff\x74\x00\x31\x00\x07\xff\x74\x00\x31\x00\x08\xff\x74\x00\x31"
"\x00\x0a\xff\xbb\x00\x31\x00\x0b\xff\xbb\x00\x31\x00\x13\xff\xbb\x00\x31\x00\x1a\xff\x3b\x00\x31\x00\x20\xff\xbb\x00\x31\x00\x21\xff\xbb\x00\x31\x00\x22\xff\xbb"
"\x00\x31\x00\x23\xff\xbb\x00\x31\x00\x24\xff\xbb\x00\x31\x00\x25\xff\xbb\x00\x31\x00\x26\xff\xbb\x00\x31\x00\x28\xff\xbb\x00\x31\x00\x31\x00\x1e\x00\x31\x00\x37"
"\xff\x98\x00\x31\x00\x38\xff\x98\x00\x31\x00\x39\xff\x98\x00\x31\x00\x3a\xff\xaf\x00\x31\x00\x3b\xff\x98\x00\x31\x00\x3c\xff\x98\x00\x31\x00\x3d\xff\x98\x00\x31"
"\x00\x3e\xff\x98\x00\x31\x00\x41\xff\x98\x00\x31\x00\x42\xff\x98\x00\x31\x00\x43\xff\x98\x00\x31\x00\x44\xff\x98\x00\x31\x00\x45\xff\x98\x00\x31\x00\x46\xff\x98"
"\x00\x31\x00\x47\xff\x98\x00\x31\x00\x48\xff\x98\x00\x31\x00\x4a\xff\x98\x00\x31\x00\x4e\x00\xae\x00\x31\x00\x59\xff\x98\x00\x31\x00\x5a\xff\x98\x00\x31\x00\x5b"
"\xff\xa3\x00\x31\x00\x5c\xff\x98\x00\x31\x00\x5d\xff\x98\x00\x31\x00\x5e\xff\x98\x00\x31\x00\x5f\xff\x98\x00\x31\x00\x61\xff\x98\x00\x31\x00\x63\xff\xa3\x00\x31"
"\x00\x74\xff\x98\x00\x31\x00\x76\xff\x98\x00\x31\x00\x7a\xff\xec\x00\x31\x00\x7e\xff\xbb\x00\x31\x00\x80\xff\xec\x00\x31\x00\x84\xff\x98\x00\x31\x00\x8f\xff\xbb"
"\x00\x31\x00\x92\xff\x9c\x00\x31\x00\x95\x00\x1e\x00\x31\x00\x96\xff\x98\x00\x31\x00\x99\xff\xaf\x00\x31\x00\xa0\xff\x3b\x00\x31\x00\xa1\xff\x3b\x00\x31\x00\xa2"
"\xff\x3b\x00\x31\x00\xa3\xff\x80\x00\x31\x00\xa4\xff\x80\x00\x31\x00\xa5\xff\xaf\x00\x31\x00\xa8\xff\x8c\x00\x31\x00\xaa\xff\x69\x00\x31\x00\xac\xff\x80\x00\x31"
"\x00\xad\xff\x98\x00\x31\x00\xae\xff\xaf\x00\x31\x00\xaf\xff\x98\x00\x31\x00\xb0\xff\x80\x00\x31\x00\xb1\xff\x98\x00\x31\x00\xb2\xff\x80\x00\x31\x00\xb3\xff\x5e"
"\x00\x31\x00\xb7\xff\xbb\x00\x31\x00\xd5\xff\x98\x00\x32\x00\x01\xff\x8c\x00\x32\x00\x02\xff\x8c\x00\x32\x00\x03\xff\x8c\x00\x32\x00\x04\xff\x8c\x00\x32\x00\x05"
"\xff\x8c\x00\x32\x00\x06\xff\x8c\x00\x32\x00\x07\xff\x8c\x00\x32\x00\x08\xff\x8c\x00\x32\x00\x1a\xff\x80\x00\x32\x00\x32\x00\x32\x00\x32\x00\x37\xff\x98\x00\x32"
"\x00\x38\xff\x98\x00\x32\x00\x39\xff\x98\x00\x32\x00\x3a\xff\x98\x00\x32\x00\x3b\xff\x98\x00\x32\x00\x3c\xff\x98\x00\x32\x00\x3d\xff\x98\x00\x32\x00\x3e\xff\x98"
"\x00\x32\x00\x41\xff\x98\x00\x32\x00\x42\xff\x98\x00\x32\x00\x43\xff\x98\x00\x32\x00\x44\xff\x98\x00\x32\x00\x45\xff\x98\x00\x32\x00\x46\xff\x98\x00\x32\x00\x47"
"\xff\x98\x00\x32\x00\x48\xff\x98\x00\x32\x00\x4a\xff\x98\x00\x32\x00\x56\xff\xba\x00\x32\x00\x57\xff\xba\x00\x32\x00\x58\xff\xba\x00\x32\x00\x59\xff\x98\x00\x32"
"\x00\x5a\xff\x98\x00\x32\x00\x5b\xff\x98\x00\x32\x00\x5c\xff\x98\x00\x32\x00\x5d\xff\x98\x00\x32\x00\x5e\xff\x98\x00\x32\x00\x5f\xff\x98\x00\x32\x00\x60\xff\xba"
"\x00\x32\x00\x61\xff\x98\x00\x32\x00\x62\xff\xba\x00\x32\x00\x63\xff\xbb\x00\x32\x00\x74\xff\x98\x00\x32\x00\x76\xff\x98\x00\x32\x00\x7e\xff\xbb\x00\x32\x00\x84"
"\xff\x98\x00\x32\x00\x96\xff\x98\x00\x32\x00\xa0\xff\x3b\x00\x32\x00\xa1\xff\x3b\x00\x32\x00\xa2\xff\x3b\x00\x32\x00\xa3\xff\x98\x00\x32\x00\xa4\xff\x98\x00\x32"
"\x00\xa5\xff\xbb\x00\x32\x00\xa8\xff\x8c\x00\x32\x00\xaa\xff\x69\x00\x32\x00\xac\xff\x80\x00\x32\x00\xad\xff\x98\x00\x32\x00\xaf\xff\x98\x00\x32\x00\xb0\xff\x80"
"\x00\x32\x00\xb1\xff\x98\x00\x32\x00\xb2\xff\x98\x00\x32\x00\xd5\xff\x98\x00\x33\x00\x0a\xff\xba\x00\x33\x00\x0b\xff\xba\x00\x33\x00\x13\xff\xba\x00\x33\x00\x20"
"\xff\xba\x00\x33\x00\x21\xff\xba\x00\x33\x00\x22\xff\xba\x00\x33\x00\x23\xff\xba\x00\x33\x00\x24\xff\xba\x00\x33\x00\x25\xff\xba\x00\x33\x00\x26\xff\xba\x00\x33"
"\x00\x28\xff\xba\x00\x33\x00\x2a\xff\xec\x00\x33\x00\x2b\xff\xaf\x00\x33\x00\x37\xff\x8c\x00\x33\x00\x38\xff\x8c\x00\x33\x00\x39\xff\x8c\x00\x33\x00\x3a\xff\x8c"
"\x00\x33\x00\x3b\xff\x8c\x00\x33\x00\x3c\xff\x8c\x00\x33\x00\x3d\xff\x8c\x00\x33\x00\x3e\xff\x8c\x00\x33\x00\x41\xff\xc6\x00\x33\x00\x42\xff\xc6\x00\x33\x00\x43"
"\xff\xc6\x00\x33\x00\x44\xff\xc6\x00\x33\x00\x45\xff\xc6\x00\x33\x00\x46\xff\xc6\x00\x33\x00\x47\xff\xc6\x00\x33\x00\x48\xff\xc6\x00\x33\x00\x4a\xff\xc6\x00\x33"
"\x00\x59\xff\xc6\x00\x33\x00\x5a\xff\xc6\x00\x33\x00\x5b\xff\xc6\x00\x33\x00\x5c\xff\xc6\x00\x33\x00\x5d\xff\xc6\x00\x33\x00\x5e\xff\xc6\x00\x33\x00\x5f\xff\xc6"
"\x00\x33\x00\x61\xff\xc6\x00\x33\x00\x74\xff\xc6\x00\x33\x00\x75\xff\xec\x00\x33\x00\x76\xff\xc6\x00\x33\x00\x7a\xff\xba\x00\x33\x00\x7d\xff\xd8\x00\x33\x00\x7e"
"\xff\xaf\x00\x33\x00\x80\xff\xba\x00\x33\x00\x82\xff\xd8\x00\x33\x00\x8f\xff\xba\x00\x33\x00\x96\xff\xba\x00\x33\x00\x99\xff\xa3\x00\x33\x00\xa5\xff\xa3\x00\x33"
"\x00\xa8\xff\xaf\x00\x33\x00\xaa\xff\x8c\x00\x33\x00\xac\xff\x98\x00\x33\x00\xad\xff\xba\x00\x33\x00\xae\xff\xa3\x00\x33\x00\xaf\xff\xba\x00\x33\x00\xb0\xff\x98"
"\x00\x33\x00\xb1\xff\xba\x00\x33\x00\xb2\xff\x98\x00\x33\x00\xb6\xff\xf2\x00\x33\x00\xb7\xff\xba\x00\x33\x00\xd5\xff\xba\x00\x34\x00\x01\xff\x69\x00\x34\x00\x02"
"\xff\x69\x00\x34\x00\x03\xff\x69\x00\x34\x00\x04\xff\x69\x00\x34\x00\x05\xff\x69\x00\x34\x00\x06\xff\x69\x00\x34\x00\x07\xff\x69\x00\x34\x00\x08\xff\x69\x00\x34"
"\x00\x0a\xff\xbb\x00\x34\x00\x0b\xff\xbb\x00\x34\x00\x13\xff\xbb\x00\x34\x00\x1a\xff\xbb\x00\x34\x00\x20\xff\xbb\x00\x34\x00\x21\xff\xbb\x00\x34\x00\x22\xff\xbb"
"\x00\x34\x00\x23\xff\xbb\x00\x34\x00\x24\xff\xbb\x00\x34\x00\x25\xff\xbb\x00\x34\x00\x26\xff\xbb\x00\x34\x00\x28\xff\xbb\x00\x34\x00\x2b\x00\x28\x00\x34\x00\x37"
"\xff\x6f\x00\x34\x00\x38\xff\x6f\x00\x34\x00\x39\xff\x6f\x00\x34\x00\x3a\xff\x9c\x00\x34\x00\x3b\xff\x6f\x00\x34\x00\x3c\xff\x6f\x00\x34\x00\x3d\xff\x6f\x00\x34"
"\x00\x3e\xff\x6f\x00\x34\x00\x41\xff\x63\x00\x34\x00\x42\xff\x63\x00\x34\x00\x43\xff\x63\x00\x34\x00\x44\xff\x63\x00\x34\x00\x45\xff\x63\x00\x34\x00\x46\xff\x63"
"\x00\x34\x00\x47\xff\x63\x00\x34\x00\x48\xff\x63\x00\x34\x00\x4a\xff\x63\x00\x34\x00\x4c\xff\xc6\x00\x34\x00\x4f\xff\xc6\x00\x34\x00\x50\xff\xc6\x00\x34\x00\x51"
"\xff\xc6\x00\x34\x00\x56\xff\xb0\x00\x34\x00\x57\xff\xb0\x00\x34\x00\x58\xff\xb0\x00\x34\x00\x59\xff\x63\x00\x34\x00\x5a\xff\x63\x00\x34\x00\x5b\xff\x63\x00\x34"
"\x00\x5c\xff\x63\x00\x34\x00\x5d\xff\x63\x00\x34\x00\x5e\xff\x63\x00\x34\x00\x5f\xff\x63\x00\x34\x00\x60\xff\xb0\x00\x34\x00\x61\xff\x63\x00\x34\x00\x62\xff\xb0"
"\x00\x34\x00\x63\xff\x75\x00\x34\x00\x66\xff\xaf\x00\x34\x00\x67\xff\xaf\x00\x34\x00\x68\xff\xaf\x00\x34\x00\x69\xff\xaf\x00\x34\x00\x6a\xff\xaf\x00\x34\x00\x6b"
"\xff\xaf\x00\x34\x00\x74\xff\x63\x00\x34\x00\x76\xff\x63\x00\x34\x00\x7e\xff\x75\x00\x34\x00\x84\xff\x80\x00\x34\x00\x8f\xff\xbb\x00\x34\x00\x96\xff\x5e\x00\x34"
"\x00\x99\xff\xaf\x00\x34\x00\xa0\xff\xbb\x00\x34\x00\xa1\xff\xbb\x00\x34\x00\xa2\xff\x3b\x00\x34\x00\xa3\xff\x80\x00\x34\x00\xa4\xff\x80\x00\x34\x00\xa5\xff\x98"
"\x00\x34\x00\xa8\xff\x46\x00\x34\x00\xa9\xff\x80\x00\x34\x00\xaa\xff\x2f\x00\x34\x00\xac\xff\x3b\x00\x34\x00\xad\xff\x5e\x00\x34\x00\xae\xff\xa3\x00\x34\x00\xaf"
"\xff\x5e\x00\x34\x00\xb0\xff\x3b\x00\x34\x00\xb1\xff\x5e\x00\x34\x00\xb2\xff\x98\x00\x34\x00\xb6\xff\xef\x00\x34\x00\xb7\xff\xbb\x00\x34\x00\xd5\xff\x5e\x00\x35"
"\x00\x01\xff\x69\x00\x35\x00\x02\xff\x69\x00\x35\x00\x03\xff\x69\x00\x35\x00\x04\xff\x69\x00\x35\x00\x05\xff\x69\x00\x35\x00\x06\xff\x69\x00\x35\x00\x07\xff\x69"
"\x00\x35\x00\x08\xff\x69\x00\x35\x00\x0a\xff\xbb\x00\x35\x00\x0b\xff\xbb\x00\x35\x00\x13\xff\xbb\x00\x35\x00\x1a\xff\xbb\x00\x35\x00\x20\xff\xbb\x00\x35\x00\x21"
"\xff\xbb\x00\x35\x00\x22\xff\xbb\x00\x35\x00\x23\xff\xbb\x00\x35\x00\x24\xff\xbb\x00\x35\x00\x25\xff\xbb\x00\x35\x00\x26\xff\xbb\x00\x35\x00\x28\xff\xbb\x00\x35"
"\x00\x2b\x00\x28\x00\x35\x00\x37\xff\x6f\x00\x35\x00\x38\xff\x6f\x00\x35\x00\x39\xff\x6f\x00\x35\x00\x3a\xff\x9c\x00\x35\x00\x3b\xff\x6f\x00\x35\x00\x3c\xff\x6f"
"\x00\x35\x00\x3d\xff\x6f\x00\x35\x00\x3e\xff\x6f\x00\x35\x00\x41\xff\x63\x00\x35\x00\x42\xff\x63\x00\x35\x00\x43\xff\x63\x00\x35\x00\x44\xff\x63\x00\x35\x00\x45"
"\xff\x63\x00\x35\x00\x46\xff\x63\x00\x35\x00\x47\xff\x63\x00\x35\x00\x48\xff\x63\x00\x35\x00\x4a\xff\x63\x00\x35\x00\x4c\xff\xc6\x00\x35\x00\x4f\xff\xc6\x00\x35"
"\x00\x50\xff\xc6\x00\x35\x00\x51\xff\xc6\x00\x35\x00\x56\xff\xb0\x00\x35\x00\x57\xff\xb0\x00\x35\x00\x58\xff\xb0\x00\x35\x00\x59\xff\x63\x00\x35\x00\x5a\xff\x63"
"\x00\x35\x00\x5b\xff\x63\x00\x35\x00\x5c\xff\x63\x00\x35\x00\x5d\xff\x63\x00\x35\x00\x5e\xff\x63\x00\x35\x00\x5f\xff\x63\x00\x35\x00\x60\xff\xb0\x00\x35\x00\x61"
"\xff\x63\x00\x35\x00\x62\xff\xb0\x00\x35\x00\x63\xff\x75\x00\x35\x00\x66\xff\xaf\x00\x35\x00\x67\xff\xaf\x00\x35\x00\x68\xff\xaf\x00\x35\x00\x69\xff\xaf\x00\x35"
"\x00\x6a\xff\xaf\x00\x35\x00\x6b\xff\xaf\x00\x35\x00\x74\xff\x63\x00\x35\x00\x76\xff\x63\x00\x35\x00\x7e\xff\x75\x00\x35\x00\x84\xff\x80\x00\x35\x00\x8f\xff\xbb"
"\x00\x35\x00\x96\xff\x5e\x00\x35\x00\x99\xff\xaf\x00\x35\x00\xa0\xff\xbb\x00\x35\x00\xa1\xff\xbb\x00\x35\x00\xa2\xff\x3b\x00\x35\x00\xa3\xff\x80\x00\x35\x00\xa4"
"\xff\x80\x00\x35\x00\xa5\xff\x98\x00\x35\x00\xa8\xff\x46\x00\x35\x00\xa9\xff\x80\x00\x35\x00\xaa\xff\x2f\x00\x35\x00\xac\xff\x3b\x00\x35\x00\xad\xff\x5e\x00\x35"
"\x00\xae\xff\xa3\x00\x35\x00\xaf\xff\x5e\x00\x35\x00\xb0\xff\x3b\x00\x35\x00\xb1\xff\x5e\x00\x35\x00\xb2\xff\x98\x00\x35\x00\xb6\xff\xef\x00\x35\x00\xb7\xff\xbb"
"\x00\x35\x00\xd5\xff\x5e\x00\x36\x00\x0a\xff\xbb\x00\x36\x00\x0b\xff\xbb\x00\x36\x00\x13\xff\xbb\x00\x36\x00\x20\xff\xbb\x00\x36\x00\x21\xff\xbb\x00\x36\x00\x22"
"\xff\xbb\x00\x36\x00\x23\xff\xbb\x00\x36\x00\x24\xff\xbb\x00\x36\x00\x25\xff\xbb\x00\x36\x00\x26\xff\xbb\x00\x36\x00\x28\xff\xbb\x00\x36\x00\x4e\x00\xae\x00\x36"
"\x00\x8f\xff\xbb\x00\x36\x00\x96\xff\xaf\x00\x36\x00\xa5\xff\xbb\x00\x36\x00\xa8\xff\xbb\x00\x36\x00\xaa\xff\x80\x00\x36\x00\xad\xff\xaf\x00\x36\x00\xaf\xff\xaf"
"\x00\x36\x00\xb1\xff\xaf\x00\x36\x00\xb2\xff\xaf\x00\x36\x00\xb7\xff\xbb\x00\x36\x00\xd5\xff\xaf\x00\x37\x00\x2b\xff\x74\x00\x37\x00\x31\xff\x98\x00\x37\x00\x32"
"\xff\x98\x00\x37\x00\x34\xff\x69\x00\x37\x00\x35\xff\x69\x00\x37\x00\x6c\xff\xe2\x00\x37\x00\x6f\xff\xe2\x00\x37\x00\x70\xff\xe2\x00\x37\x00\x71\xff\xe2\x00\x37"
"\x00\x7b\xff\xaf\x00\x37\x00\x95\xff\x98\x00\x37\x00\x9a\xff\xa3\x00\x37\x00\x9b\xff\xd8\x00\x37\x00\x9e\xff\xa3\x00\x37\x00\x9f\xff\xd8\x00\x37\x00\xb6\xff\xef"
"\x00\x38\x00\x2b\xff\x74\x00\x38\x00\x31\xff\x98\x00\x38\x00\x32\xff\x98\x00\x38\x00\x34\xff\x69\x00\x38\x00\x35\xff\x69\x00\x38\x00\x6c\xff\xe2\x00\x38\x00\x6f"
"\xff\xe2\x00\x38\x00\x70\xff\xe2\x00\x38\x00\x71\xff\xe2\x00\x38\x00\x7b\xff\xaf\x00\x38\x00\x95\xff\x98\x00\x38\x00\x9a\xff\xa3\x00\x38\x00\x9b\xff\xd8\x00\x38"
"\x00\x9e\xff\xa3\x00\x38\x00\x9f\xff\xd8\x00\x38\x00\xb6\xff\xef\x00\x39\x00\x2b\xff\x74\x00\x39\x00\x31\xff\x98\x00\x39\x00\x32\xff\x98\x00\x39\x00\x34\xff\x69"
"\x00\x39\x00\x35\xff\x69\x00\x39\x00\x6c\xff\xe2\x00\x39\x00\x6f\xff\xe2\x00\x39\x00\x70\xff\xe2\x00\x39\x00\x71\xff\xe2\x00\x39\x00\x7b\xff\xaf\x00\x39\x00\x95"
"\xff\x98\x00\x39\x00\x9a\xff\xa3\x00\x39\x00\x9b\xff\xd8\x00\x39\x00\x9e\xff\xa3\x00\x39\x00\x9f\xff\xd8\x00\x39\x00\xb6\xff\xef\x00\x3a\x00\x2b\xff\x74\x00\x3a"
"\x00\x31\xff\x98\x00\x3a\x00\x32\xff\x98\x00\x3a\x00\x34\xff\x69\x00\x3a\x00\x35\xff\x69\x00\x3a\x00\x6c\xff\xe2\x00\x3a\x00\x6f\xff\xe2\x00\x3a\x00\x70\xff\xe2"
"\x00\x3a\x00\x71\xff\xe2\x00\x3a\x00\x7b\xff\xaf\x00\x3a\x00\x95\xff\x98\x00\x3a\x00\x9a\xff\xa3\x00\x3a\x00\x9b\xff\xd8\x00\x3a\x00\x9e\xff\xa3\x00\x3a\x00\x9f"
"\xff\xd8\x00\x3a\x00\xb6\xff\xef\x00\x3b\x00\x2b\xff\x74\x00\x3b\x00\x31\xff\x98\x00\x3b\x00\x32\xff\x98\x00\x3b\x00\x34\xff\x69\x00\x3b\x00\x35\xff\x69\x00\x3b"
"\x00\x6c\xff\xe2\x00\x3b\x00\x6f\xff\xe2\x00\x3b\x00\x70\xff\xe2\x00\x3b\x00\x71\xff\xe2\x00\x3b\x00\x7b\xff\xaf\x00\x3b\x00\x95\xff\x98\x00\x3b\x00\x9a\xff\xa3"
"\x00\x3b\x00\x9b\xff\xd8\x00\x3b\x00\x9e\xff\xa3\x00\x3b\x00\x9f\xff\xd8\x00\x3b\x00\xb6\xff\xef\x00\x3c\x00\x2b\xff\x74\x00\x3c\x00\x31\xff\x98\x00\x3c\x00\x32"
"\xff\x98\x00\x3c\x00\x34\xff\x69\x00\x3c\x00\x35\xff\x69\x00\x3c\x00\x6c\xff\xe2\x00\x3c\x00\x6f\xff\xe2\x00\x3c\x00\x70\xff\xe2\x00\x3c\x00\x71\xff\xe2\x00\x3c"
"\x00\x7b\xff\xaf\x00\x3c\x00\x95\xff\x98\x00\x3c\x00\x9a\xff\xa3\x00\x3c\x00\x9b\xff\xd8\x00\x3c\x00\x9e\xff\xa3\x00\x3c\x00\x9f\xff\xd8\x00\x3c\x00\xb6\xff\xef"
"\x00\x3d\x00\x2b\xff\x74\x00\x3d\x00\x31\xff\x98\x00\x3d\x00\x32\xff\x98\x00\x3d\x00\x34\xff\x69\x00\x3d\x00\x35\xff\x69\x00\x3d\x00\x6c\xff\xe2\x00\x3d\x00\x6f"
"\xff\xe2\x00\x3d\x00\x70\xff\xe2\x00\x3d\x00\x71\xff\xe2\x00\x3d\x00\x7b\xff\xaf\x00\x3d\x00\x95\xff\x98\x00\x3d\x00\x9a\xff\xa3\x00\x3d\x00\x9b\xff\xd8\x00\x3d"
"\x00\x9e\xff\xa3\x00\x3d\x00\x9f\xff\xd8\x00\x3d\x00\xb6\xff\xef\x00\x3e\x00\x2b\xff\x5e\x00\x3f\x00\x01\xff\xbb\x00\x3f\x00\x02\xff\xbb\x00\x3f\x00\x03\xff\xbb"
"\x00\x3f\x00\x04\xff\xbb\x00\x3f\x00\x05\xff\xbb\x00\x3f\x00\x06\xff\xbb\x00\x3f\x00\x07\xff\xbb\x00\x3f\x00\x08\xff\xbb\x00\x3f\x00\x2b\xff\x60\x00\x3f\x00\x31"
"\xff\x98\x00\x3f\x00\x32\xff\x98\x00\x3f\x00\x33\xff\xc6\x00\x3f\x00\x34\xff\x52\x00\x3f\x00\x35\xff\x52\x00\x3f\x00\x37\x00\x14\x00\x3f\x00\x38\x00\x14\x00\x3f"
"\x00\x39\x00\x14\x00\x3f\x00\x3a\x00\x14\x00\x3f\x00\x3b\x00\x14\x00\x3f\x00\x3c\x00\x14\x00\x3f\x00\x3d\x00\x14\x00\x3f\x00\x3e\x00\x14\x00\x3f\x00\x6c\xff\xd8"
"\x00\x3f\x00\x6d\xff\xdb\x00\x3f\x00\x6e\xff\xd2\x00\x3f\x00\x6f\xff\xd8\x00\x3f\x00\x70\xff\xd8\x00\x3f\x00\x71\xff\xd8\x00\x3f\x00\x72\xff\xe2\x00\x3f\x00\x7b"
"\xff\xbb\x00\x3f\x00\x8a\xff\xe9\x00\x3f\x00\x8c\xff\xe9\x00\x3f\x00\x8e\xff\xe9\x00\x3f\x00\x95\xff\x98\x00\x3f\x00\x9a\xff\x80\x00\x3f\x00\x9b\xff\xce\x00\x3f"
"\x00\x9c\xff\xe2\x00\x3f\x00\x9d\xff\xe2\x00\x3f\x00\x9e\xff\x80\x00\x3f\x00\x9f\xff\xce\x00\x3f\x00\xb6\xff\xe9\x00\x3f\x00\xb9\xff\xbb\x00\x3f\x00\xba\xff\xbb"
"\x00\x40\x00\x01\xff\xbb\x00\x40\x00\x02\xff\xbb\x00\x40\x00\x03\xff\xbb\x00\x40\x00\x04\xff\xbb\x00\x40\x00\x05\xff\xbb\x00\x40\x00\x06\xff\xbb\x00\x40\x00\x07"
"\xff\xbb\x00\x40\x00\x08\xff\xbb\x00\x40\x00\x2b\xff\x60\x00\x40\x00\x31\xff\x98\x00\x40\x00\x32\xff\x98\x00\x40\x00\x33\xff\xc6\x00\x40\x00\x34\xff\x52\x00\x40"
"\x00\x35\xff\x52\x00\x40\x00\x37\x00\x14\x00\x40\x00\x38\x00\x14\x00\x40\x00\x39\x00\x14\x00\x40\x00\x3a\x00\x14\x00\x40\x00\x3b\x00\x14\x00\x40\x00\x3c\x00\x14"
"\x00\x40\x00\x3d\x00\x14\x00\x40\x00\x3e\x00\x14\x00\x40\x00\x6c\xff\xd8\x00\x40\x00\x6d\xff\xdb\x00\x40\x00\x6e\xff\xd2\x00\x40\x00\x6f\xff\xd8\x00\x40\x00\x70"
"\xff\xd8\x00\x40\x00\x71\xff\xd8\x00\x40\x00\x72\xff\xe2\x00\x40\x00\x7b\xff\xbb\x00\x40\x00\x8a\xff\xe9\x00\x40\x00\x8c\xff\xe9\x00\x40\x00\x8e\xff\xe9\x00\x40"
"\x00\x95\xff\x98\x00\x40\x00\x9a\xff\x80\x00\x40\x00\x9b\xff\xce\x00\x40\x00\x9c\xff\xe2\x00\x40\x00\x9d\xff\xe2\x00\x40\x00\x9e\xff\x80\x00\x40\x00\x9f\xff\xce"
"\x00\x40\x00\xb6\xff\xe9\x00\x40\x00\xb9\xff\xbb\x00\x40\x00\xba\xff\xbb\x00\x41\x00\x01\xff\xbb\x00\x41\x00\x02\xff\xbb\x00\x41\x00\x03\xff\xbb\x00\x41\x00\x04"
"\xff\xbb\x00\x41\x00\x05\xff\xbb\x00\x41\x00\x06\xff\xbb\x00\x41\x00\x07\xff\xbb\x00\x41\x00\x08\xff\xbb\x00\x41\x00\x2b\xff\x60\x00\x41\x00\x31\xff\x98\x00\x41"
"\x00\x32\xff\x98\x00\x41\x00\x33\xff\xc6\x00\x41\x00\x34\xff\x52\x00\x41\x00\x35\xff\x52\x00\x41\x00\x37\x00\x14\x00\x41\x00\x38\x00\x14\x00\x41\x00\x39\x00\x14"
"\x00\x41\x00\x3a\x00\x14\x00\x41\x00\x3b\x00\x14\x00\x41\x00\x3c\x00\x14\x00\x41\x00\x3d\x00\x14\x00\x41\x00\x3e\x00\x14\x00\x41\x00\x6c\xff\xd8\x00\x41\x00\x6d"
"\xff\xdb\x00\x41\x00\x6e\xff\xd2\x00\x41\x00\x6f\xff\xd8\x00\x41\x00\x70\xff\xd8\x00\x41\x00\x71\xff\xd8\x00\x41\x00\x72\xff\xe2\x00\x41\x00\x7b\xff\xbb\x00\x41"
"\x00\x8a\xff\xe9\x00\x41\x00\x8c\xff\xe9\x00\x41\x00\x8e\xff\xe9\x00\x41\x00\x95\xff\x98\x00\x41\x00\x9a\xff\x80\x00\x41\x00\x9b\xff\xce\x00\x41\x00\x9c\xff\xe2"
"\x00\x41\x00\x9d\xff\xe2\x00\x41\x00\x9e\xff\x80\x00\x41\x00\x9f\xff\xce\x00\x41\x00\xb6\xff\xe9\x00\x41\x00\xb9\xff\xbb\x00\x41\x00\xba\xff\xbb\x00\x42\x00\x01"
"\xff\xbb\x00\x42\x00\x02\xff\xbb\x00\x42\x00\x03\xff\xbb\x00\x42\x00\x04\xff\xbb\x00\x42\x00\x05\xff\xbb\x00\x42\x00\x06\xff\xbb\x00\x42\x00\x07\xff\xbb\x00\x42"
"\x00\x08\xff\xbb\x00\x42\x00\x2b\xff\x60\x00\x42\x00\x31\xff\x98\x00\x42\x00\x32\xff\x98\x00\x42\x00\x33\xff\xc6\x00\x42\x00\x34\xff\x52\x00\x42\x00\x35\xff\x52"
"\x00\x42\x00\x37\x00\x14\x00\x42\x00\x38\x00\x14\x00\x42\x00\x39\x00\x14\x00\x42\x00\x3a\x00\x14\x00\x42\x00\x3b\x00\x14\x00\x42\x00\x3c\x00\x14\x00\x42\x00\x3d"
"\x00\x14\x00\x42\x00\x3e\x00\x14\x00\x42\x00\x6c\xff\xd8\x00\x42\x00\x6d\xff\xdb\x00\x42\x00\x6e\xff\xd2\x00\x42\x00\x6f\xff\xd8\x00\x42\x00\x70\xff\xd8\x00\x42"
"\x00\x71\xff\xd8\x00\x42\x00\x72\xff\xe2\x00\x42\x00\x7b\xff\xbb\x00\x42\x00\x8a\xff\xe9\x00\x42\x00\x8c\xff\xe9\x00\x42\x00\x8e\xff\xe9\x00\x42\x00\x95\xff\x98"
"\x00\x42\x00\x9a\xff\x80\x00\x42\x00\x9b\xff\xce\x00\x42\x00\x9c\xff\xe2\x00\x42\x00\x9d\xff\xe2\x00\x42\x00\x9e\xff\x80\x00\x42\x00\x9f\xff\xce\x00\x42\x00\xb6"
"\xff\xe9\x00\x42\x00\xb9\xff\xbb\x00\x42\x00\xba\xff\xbb\x00\x43\x00\x4e\x00\x78\x00\x43\x00\x65\x00\x1e\x00\x43\x00\x6c\x00\x0a\x00\x43\x00\x6f\x00\x0a\x00\x43"
"\x00\x70\x00\x0a\x00\x43\x00\x71\x00\x0a\x00\x43\x00\xd9\x00\x45\x00\x44\x00\x01\xff\xbb\x00\x44\x00\x02\xff\xbb\x00\x44\x00\x03\xff\xbb\x00\x44\x00\x04\xff\xbb"
"\x00\x44\x00\x05\xff\xbb\x00\x44\x00\x06\xff\xbb\x00\x44\x00\x07\xff\xbb\x00\x44\x00\x08\xff\xbb\x00\x44\x00\x2b\xff\x60\x00\x44\x00\x31\xff\x98\x00\x44\x00\x32"
"\xff\x98\x00\x44\x00\x33\xff\xc6\x00\x44\x00\x34\xff\x52\x00\x44\x00\x35\xff\x52\x00\x44\x00\x37\x00\x14\x00\x44\x00\x38\x00\x14\x00\x44\x00\x39\x00\x14\x00\x44"
"\x00\x3a\x00\x14\x00\x44\x00\x3b\x00\x14\x00\x44\x00\x3c\x00\x14\x00\x44\x00\x3d\x00\x14\x00\x44\x00\x3e\x00\x14\x00\x44\x00\x6c\xff\xd8\x00\x44\x00\x6d\xff\xdb"
"\x00\x44\x00\x6e\xff\xd2\x00\x44\x00\x6f\xff\xd8\x00\x44\x00\x70\xff\xd8\x00\x44\x00\x71\xff\xd8\x00\x44\x00\x72\xff\xe2\x00\x44\x00\x7b\xff\xbb\x00\x44\x00\x8a"
"\xff\xe9\x00\x44\x00\x8c\xff\xe9\x00\x44\x00\x8e\xff\xe9\x00\x44\x00\x95\xff\x98\x00\x44\x00\x9a\xff\x80\x00\x44\x00\x9b\xff\xce\x00\x44\x00\x9c\xff\xe2\x00\x44"
"\x00\x9d\xff\xe2\x00\x44\x00\x9e\xff\x80\x00\x44\x00\x9f\xff\xce\x00\x44\x00\xb6\xff\xe9\x00\x44\x00\xb9\xff\xbb\x00\x44\x00\xba\xff\xbb\x00\x45\x00\x01\xff\xbb"
"\x00\x45\x00\x02\xff\xbb\x00\x45\x00\x03\xff\xbb\x00\x45\x00\x04\xff\xbb\x00\x45\x00\x05\xff\xbb\x00\x45\x00\x06\xff\xbb\x00\x45\x00\x07\xff\xbb\x00\x45\x00\x08"
"\xff\xbb\x00\x45\x00\x2b\xff\x60\x00\x45\x00\x31\xff\x98\x00\x45\x00\x32\xff\x98\x00\x45\x00\x33\xff\xc6\x00\x45\x00\x34\xff\x52\x00\x45\x00\x35\xff\x52\x00\x45"
"\x00\x37\x00\x14\x00\x45\x00\x38\x00\x14\x00\x45\x00\x39\x00\x14\x00\x45\x00\x3a\x00\x14\x00\x45\x00\x3b\x00\x14\x00\x45\x00\x3c\x00\x14\x00\x45\x00\x3d\x00\x14"
"\x00\x45\x00\x3e\x00\x14\x00\x45\x00\x6c\xff\xd8\x00\x45\x00\x6d\xff\xdb\x00\x45\x00\x6e\xff\xd2\x00\x45\x00\x6f\xff\xd8\x00\x45\x00\x70\xff\xd8\x00\x45\x00\x71"
"\xff\xd8\x00\x45\x00\x72\xff\xe2\x00\x45\x00\x7b\xff\xbb\x00\x45\x00\x8a\xff\xe9\x00\x45\x00\x8c\xff\xe9\x00\x45\x00\x8e\xff\xe9\x00\x45\x00\x95\xff\x98\x00\x45"
"\x00\x9a\xff\x80\x00\x45\x00\x9b\xff\xce\x00\x45\x00\x9c\xff\xe2\x00\x45\x00\x9d\xff\xe2\x00\x45\x00\x9e\xff\x80\x00\x45\x00\x9f\xff\xce\x00\x45\x00\xb6\xff\xe9"
"\x00\x45\x00\xb9\xff\xbb\x00\x45\x00\xba\xff\xbb\x00\x46\x00\x01\xff\xbb\x00\x46\x00\x02\xff\xbb\x00\x46\x00\x03\xff\xbb\x00\x46\x00\x04\xff\xbb\x00\x46\x00\x05"
"\xff\xbb\x00\x46\x00\x06\xff\xbb\x00\x46\x00\x07\xff\xbb\x00\x46\x00\x08\xff\xbb\x00\x46\x00\x2b\xff\x60\x00\x46\x00\x31\xff\x98\x00\x46\x00\x32\xff\x98\x00\x46"
"\x00\x33\xff\xc6\x00\x46\x00\x34\xff\x52\x00\x46\x00\x35\xff\x52\x00\x46\x00\x37\x00\x14\x00\x46\x00\x38\x00\x14\x00\x46\x00\x39\x00\x14\x00\x46\x00\x3a\x00\x14"
"\x00\x46\x00\x3b\x00\x14\x00\x46\x00\x3c\x00\x14\x00\x46\x00\x3d\x00\x14\x00\x46\x00\x3e\x00\x14\x00\x46\x00\x6c\xff\xd8\x00\x46\x00\x6d\xff\xdb\x00\x46\x00\x6e"
"\xff\xd2\x00\x46\x00\x6f\xff\xd8\x00\x46\x00\x70\xff\xd8\x00\x46\x00\x71\xff\xd8\x00\x46\x00\x72\xff\xe2\x00\x46\x00\x7b\xff\xbb\x00\x46\x00\x8a\xff\xe9\x00\x46"
"\x00\x8c\xff\xe9\x00\x46\x00\x8e\xff\xe9\x00\x46\x00\x95\xff\x98\x00\x46\x00\x9a\xff\x80\x00\x46\x00\x9b\xff\xce\x00\x46\x00\x9c\xff\xe2\x00\x46\x00\x9d\xff\xe2"
"\x00\x46\x00\x9e\xff\x80\x00\x46\x00\x9f\xff\xce\x00\x46\x00\xb6\xff\xe9\x00\x46\x00\xb9\xff\xbb\x00\x46\x00\xba\xff\xbb\x00\x47\x00\x01\xff\xbb\x00\x47\x00\x02"
"\xff\xbb\x00\x47\x00\x03\xff\xbb\x00\x47\x00\x04\xff\xbb\x00\x47\x00\x05\xff\xbb\x00\x47\x00\x06\xff\xbb\x00\x47\x00\x07\xff\xbb\x00\x47\x00\x08\xff\xbb\x00\x47"
"\x00\x2b\xff\x60\x00\x47\x00\x31\xff\x98\x00\x47\x00\x32\xff\x98\x00\x47\x00\x33\xff\xc6\x00\x47\x00\x34\xff\x52\x00\x47\x00\x35\xff\x52\x00\x47\x00\x37\x00\x14"
"\x00\x47\x00\x38\x00\x14\x00\x47\x00\x39\x00\x14\x00\x47\x00\x3a\x00\x14\x00\x47\x00\x3b\x00\x14\x00\x47\x00\x3c\x00\x14\x00\x47\x00\x3d\x00\x14\x00\x47\x00\x3e"
"\x00\x14\x00\x47\x00\x6c\xff\xd8\x00\x47\x00\x6d\xff\xdb\x00\x47\x00\x6e\xff\xd2\x00\x47\x00\x6f\xff\xd8\x00\x47\x00\x70\xff\xd8\x00\x47\x00\x71\xff\xd8\x00\x47"
"\x00\x72\xff\xe2\x00\x47\x00\x7b\xff\xbb\x00\x47\x00\x8a\xff\xe9\x00\x47\x00\x8c\xff\xe9\x00\x47\x00\x8e\xff\xe9\x00\x47\x00\x95\xff\x98\x00\x47\x00\x9a\xff\x80"
"\x00\x47\x00\x9b\xff\xce\x00\x47\x00\x9c\xff\xe2\x00\x47\x00\x9d\xff\xe2\x00\x47\x00\x9e\xff\x80\x00\x47\x00\x9f\xff\xce\x00\x47\x00\xb6\xff\xe9\x00\x47\x00\xb9"
"\xff\xbb\x00\x47\x00\xba\xff\xbb\x00\x48\x00\x01\xff\xbb\x00\x48\x00\x02\xff\xbb\x00\x48\x00\x03\xff\xbb\x00\x48\x00\x04\xff\xbb\x00\x48\x00\x05\xff\xbb\x00\x48"
"\x00\x06\xff\xbb\x00\x48\x00\x07\xff\xbb\x00\x48\x00\x08\xff\xbb\x00\x48\x00\x2b\xff\x60\x00\x48\x00\x31\xff\x98\x00\x48\x00\x32\xff\x98\x00\x48\x00\x33\xff\xc6"
"\x00\x48\x00\x34\xff\x52\x00\x48\x00\x35\xff\x52\x00\x48\x00\x37\x00\x14\x00\x48\x00\x38\x00\x14\x00\x48\x00\x39\x00\x14\x00\x48\x00\x3a\x00\x14\x00\x48\x00\x3b"
"\x00\x14\x00\x48\x00\x3c\x00\x14\x00\x48\x00\x3d\x00\x14\x00\x48\x00\x3e\x00\x14\x00\x48\x00\x6c\xff\xd8\x00\x48\x00\x6d\xff\xdb\x00\x48\x00\x6e\xff\xd2\x00\x48"
"\x00\x6f\xff\xd8\x00\x48\x00\x70\xff\xd8\x00\x48\x00\x71\xff\xd8\x00\x48\x00\x72\xff\xe2\x00\x48\x00\x7b\xff\xbb\x00\x48\x00\x8a\xff\xe9\x00\x48\x00\x8c\xff\xe9"
"\x00\x48\x00\x8e\xff\xe9\x00\x48\x00\x95\xff\x98\x00\x48\x00\x9a\xff\x80\x00\x48\x00\x9b\xff\xce\x00\x48\x00\x9c\xff\xe2\x00\x48\x00\x9d\xff\xe2\x00\x48\x00\x9e"
"\xff\x80\x00\x48\x00\x9f\xff\xce\x00\x48\x00\xb6\xff\xe9\x00\x48\x00\xb9\xff\xbb\x00\x48\x00\xba\xff\xbb\x00\x49\x00\x01\xff\xbb\x00\x49\x00\x02\xff\xbb\x00\x49"
"\x00\x03\xff\xbb\x00\x49\x00\x04\xff\xbb\x00\x49\x00\x05\xff\xbb\x00\x49\x00\x06\xff\xbb\x00\x49\x00\x07\xff\xbb\x00\x49\x00\x08\xff\xbb\x00\x49\x00\x1a\xff\x80"
"\x00\x49\x00\x34\x00\x14\x00\x49\x00\x35\x00\x14\x00\x49\x00\x37\xff\xe0\x00\x49\x00\x38\xff\xe0\x00\x49\x00\x39\xff\xe0\x00\x49\x00\x3a\xff\xe0\x00\x49\x00\x3b"
"\xff\xe0\x00\x49\x00\x3c\xff\xe0\x00\x49\x00\x3d\xff\xe0\x00\x49\x00\x3e\xff\xe0\x00\x49\x00\x41\xff\xc4\x00\x49\x00\x42\xff\xc4\x00\x49\x00\x43\xff\xc4\x00\x49"
"\x00\x44\xff\xc4\x00\x49\x00\x45\xff\xc4\x00\x49\x00\x46\xff\xc4\x00\x49\x00\x47\xff\xc4\x00\x49\x00\x48\xff\xc4\x00\x49\x00\x49\xff\xb0\x00\x49\x00\x4a\xff\xc4"
"\x00\x49\x00\x4e\x00\xd1\x00\x49\x00\x59\xff\xc4\x00\x49\x00\x5a\xff\xc4\x00\x49\x00\x5b\xff\xc4\x00\x49\x00\x5c\xff\xc4\x00\x49\x00\x5d\xff\xc4\x00\x49\x00\x5e"
"\xff\xc4\x00\x49\x00\x5f\xff\xc4\x00\x49\x00\x61\xff\xc4\x00\x49\x00\x63\xff\xd2\x00\x49\x00\x65\xff\xba\x00\x49\x00\x6d\x00\x1e\x00\x49\x00\x74\xff\xc4\x00\x49"
"\x00\x76\xff\xc4\x00\x49\x00\x7e\xff\x80\x00\x49\x00\x92\xff\xc6\x00\x49\x00\x96\xff\xc6\x00\x49\x00\x99\xff\xd2\x00\x49\x00\xa0\xff\x8c\x00\x49\x00\xa1\xff\x8c"
"\x00\x49\x00\xa2\xff\x8c\x00\x49\x00\xa5\xff\xc6\x00\x49\x00\xa8\xff\xaf\x00\x49\x00\xad\xff\xc6\x00\x49\x00\xae\xff\xd2\x00\x49\x00\xaf\xff\xc6\x00\x49\x00\xb1"
"\xff\xc6\x00\x49\x00\xb2\xff\xc6\x00\x49\x00\xb3\xff\xe3\x00\x49\x00\xd5\xff\xc6\x00\x4a\x00\x2b\xff\x98\x00\x4b\x00\x2b\xff\x74\x00\x4b\x00\x31\xff\x98\x00\x4b"
"\x00\x32\xff\x98\x00\x4b\x00\x34\xff\x69\x00\x4b\x00\x35\xff\x69\x00\x4b\x00\x6c\xff\xe2\x00\x4b\x00\x6f\xff\xe2\x00\x4b\x00\x70\xff\xe2\x00\x4b\x00\x71\xff\xe2"
"\x00\x4b\x00\x7b\xff\xaf\x00\x4b\x00\x95\xff\x98\x00\x4b\x00\x9a\xff\xa3\x00\x4b\x00\x9b\xff\xd8\x00\x4b\x00\x9e\xff\xa3\x00\x4b\x00\x9f\xff\xd8\x00\x4b\x00\xb6"
"\xff\xef\x00\x4c\x00\x4e\x00\x82\x00\x4e\x00\x09\x00\x78\x00\x4e\x00\x0c\x00\x78\x00\x4e\x00\x0d\x00\x78\x00\x4e\x00\x0e\x00\x78\x00\x4e\x00\x0f\x00\x78\x00\x4e"
"\x00\x10\x00\x78\x00\x4e\x00\x11\x00\x78\x00\x4e\x00\x12\x00\x78\x00\x4e\x00\x14\x00\x78\x00\x4e\x00\x15\x00\x78\x00\x4e\x00\x16\x00\x28\x00\x4e\x00\x17\x00\x78"
"\x00\x4e\x00\x18\x00\x78\x00\x4e\x00\x19\x00\x28\x00\x4e\x00\x1b\x00\x78\x00\x4e\x00\x1c\x00\x78\x00\x4e\x00\x1d\x00\x78\x00\x4e\x00\x1e\x00\x78\x00\x4e\x00\x1f"
"\x00\x78\x00\x4e\x00\x27\x00\x78\x00\x4e\x00\x29\x00\x78\x00\x4e\x00\x2b\x00\xba\x00\x4e\x00\x31\x00\xae\x00\x4e\x00\x36\x00\xba\x00\x4e\x00\x3f\x00\x78\x00\x4e"
"\x00\x40\x00\x78\x00\x4e\x00\x49\x00\x51\x00\x4e\x00\x4b\x00\x78\x00\x4e\x00\x4c\x00\x82\x00\x4e\x00\x4e\x01\x54\x00\x4e\x00\x4f\x00\x45\x00\x4e\x00\x50\x00\x82"
"\x00\x4e\x00\x51\x00\x45\x00\x4e\x00\x53\x00\x82\x00\x4e\x00\x54\x00\x78\x00\x4e\x00\x55\x00\x78\x00\x4e\x00\x56\x00\x45\x00\x4e\x00\x57\x00\x45\x00\x4e\x00\x58"
"\x00\x45\x00\x4e\x00\x60\x00\x45\x00\x4e\x00\x62\x00\x45\x00\x4e\x00\x64\x00\x78\x00\x4e\x00\x65\x00\x68\x00\x4e\x00\x73\x00\x78\x00\x4e\x00\x7b\x00\x5d\x00\x4e"
"\x00\x81\x00\xba\x00\x4e\x00\x93\x00\x78\x00\x4e\x00\x95\x00\xae\x00\x4f\x00\x4e\x00\x82\x00\x50\x00\x4e\x00\x82\x00\x51\x00\x4e\x00\x45\x00\x53\x00\x4e\x00\x82"
"\x00\x54\x00\x2b\xff\x8c\x00\x54\x00\x41\xff\xd2\x00\x54\x00\x42\xff\xd2\x00\x54\x00\x43\xff\xd2\x00\x54\x00\x44\xff\xd2\x00\x54\x00\x45\xff\xd2\x00\x54\x00\x46"
"\xff\xd2\x00\x54\x00\x47\xff\xd2\x00\x54\x00\x48\xff\xd2\x00\x54\x00\x4a\xff\xd2\x00\x54\x00\x59\xff\xd2\x00\x54\x00\x5a\xff\xd2\x00\x54\x00\x5b\xff\xd2\x00\x54"
"\x00\x5c\xff\xd2\x00\x54\x00\x5d\xff\xd2\x00\x54\x00\x5e\xff\xd2\x00\x54\x00\x5f\xff\xd2\x00\x54\x00\x61\xff\xd2\x00\x54\x00\x74\xff\xd2\x00\x54\x00\x76\xff\xd2"
"\x00\x54\x00\x7e\xff\xa3\x00\x54\x00\x96\xff\xa3\x00\x54\x00\xa5\xff\xa3\x00\x54\x00\xa8\xff\x98\x00\x54\x00\xaa\xff\x52\x00\x54\x00\xad\xff\xa3\x00\x54\x00\xaf"
"\xff\xa3\x00\x54\x00\xb1\xff\xa3\x00\x54\x00\xb2\xff\x75\x00\x54\x00\xd5\xff\xa3\x00\x55\x00\x4e\x00\x78\x00\x55\x00\x65\x00\x1e\x00\x55\x00\x6c\x00\x0a\x00\x55"
"\x00\x6f\x00\x0a\x00\x55\x00\x70\x00\x0a\x00\x55\x00\x71\x00\x0a\x00\x55\x00\xd9\x00\x45\x00\x56\x00\x2b\xff\x74\x00\x56\x00\x31\xff\x98\x00\x56\x00\x32\xff\x98"
"\x00\x56\x00\x34\xff\x69\x00\x56\x00\x35\xff\x69\x00\x56\x00\x6c\xff\xe2\x00\x56\x00\x6f\xff\xe2\x00\x56\x00\x70\xff\xe2\x00\x56\x00\x71\xff\xe2\x00\x56\x00\x7b"
"\xff\xaf\x00\x56\x00\x95\xff\x98\x00\x56\x00\x9a\xff\xa3\x00\x56\x00\x9b\xff\xd8\x00\x56\x00\x9e\xff\xa3\x00\x56\x00\x9f\xff\xd8\x00\x56\x00\xb6\xff\xef\x00\x57"
"\x00\x2b\xff\x74\x00\x57\x00\x31\xff\x98\x00\x57\x00\x32\xff\x98\x00\x57\x00\x34\xff\x69\x00\x57\x00\x35\xff\x69\x00\x57\x00\x6c\xff\xe2\x00\x57\x00\x6f\xff\xe2"
"\x00\x57\x00\x70\xff\xe2\x00\x57\x00\x71\xff\xe2\x00\x57\x00\x7b\xff\xaf\x00\x57\x00\x95\xff\x98\x00\x57\x00\x9a\xff\xa3\x00\x57\x00\x9b\xff\xd8\x00\x57\x00\x9e"
"\xff\xa3\x00\x57\x00\x9f\xff\xd8\x00\x57\x00\xb6\xff\xef\x00\x58\x00\x2b\xff\x98\x00\x58\x00\x31\xff\x98\x00\x58\x00\x32\xff\x98\x00\x58\x00\x34\xff\x69\x00\x58"
"\x00\x35\xff\x69\x00\x58\x00\x6c\xff\xe2\x00\x58\x00\x6f\xff\xe2\x00\x58\x00\x70\xff\xe2\x00\x58\x00\x71\xff\xe2\x00\x58\x00\x7b\xff\xaf\x00\x58\x00\x95\xff\x98"
"\x00\x58\x00\x9a\xff\xa3\x00\x58\x00\x9b\xff\xd8\x00\x58\x00\x9e\xff\xa3\x00\x58\x00\x9f\xff\xd8\x00\x58\x00\xb6\xff\xef\x00\x59\x00\x01\xff\xbb\x00\x59\x00\x02"
"\xff\xbb\x00\x59\x00\x03\xff\xbb\x00\x59\x00\x04\xff\xbb\x00\x59\x00\x05\xff\xbb\x00\x59\x00\x06\xff\xbb\x00\x59\x00\x07\xff\xbb\x00\x59\x00\x08\xff\xbb\x00\x59"
"\x00\x2b\xff\x60\x00\x59\x00\x31\xff\x98\x00\x59\x00\x32\xff\x98\x00\x59\x00\x33\xff\xc6\x00\x59\x00\x34\xff\x52\x00\x59\x00\x35\xff\x52\x00\x59\x00\x37\x00\x14"
"\x00\x59\x00\x38\x00\x14\x00\x59\x00\x39\x00\x14\x00\x59\x00\x3a\x00\x14\x00\x59\x00\x3b\x00\x14\x00\x59\x00\x3c\x00\x14\x00\x59\x00\x3d\x00\x14\x00\x59\x00\x3e"
"\x00\x14\x00\x59\x00\x6c\xff\xd8\x00\x59\x00\x6d\xff\xdb\x00\x59\x00\x6e\xff\xd2\x00\x59\x00\x6f\xff\xd8\x00\x59\x00\x70\xff\xd8\x00\x59\x00\x71\xff\xd8\x00\x59"
"\x00\x72\xff\xe2\x00\x59\x00\x7b\xff\xbb\x00\x59\x00\x8a\xff\xe9\x00\x59\x00\x8c\xff\xe9\x00\x59\x00\x8e\xff\xe9\x00\x59\x00\x95\xff\x98\x00\x59\x00\x9a\xff\x80"
"\x00\x59\x00\x9b\xff\xce\x00\x59\x00\x9c\xff\xe2\x00\x59\x00\x9d\xff\xe2\x00\x59\x00\x9e\xff\x80\x00\x59\x00\x9f\xff\xce\x00\x59\x00\xb6\xff\xe9\x00\x59\x00\xb9"
"\xff\xbb\x00\x59\x00\xba\xff\xbb\x00\x5a\x00\x01\xff\xbb\x00\x5a\x00\x02\xff\xbb\x00\x5a\x00\x03\xff\xbb\x00\x5a\x00\x04\xff\xbb\x00\x5a\x00\x05\xff\xbb\x00\x5a"
"\x00\x06\xff\xbb\x00\x5a\x00\x07\xff\xbb\x00\x5a\x00\x08\xff\xbb\x00\x5a\x00\x2b\xff\x98\x00\x5a\x00\x31\xff\x98\x00\x5a\x00\x32\xff\x98\x00\x5a\x00\x33\xff\xc6"
"\x00\x5a\x00\x34\xff\x52\x00\x5a\x00\x35\xff\x52\x00\x5a\x00\x37\x00\x14\x00\x5a\x00\x38\x00\x14\x00\x5a\x00\x39\x00\x14\x00\x5a\x00\x3a\x00\x14\x00\x5a\x00\x3b"
"\x00\x14\x00\x5a\x00\x3c\x00\x14\x00\x5a\x00\x3d\x00\x14\x00\x5a\x00\x3e\x00\x14\x00\x5a\x00\x6c\xff\xd8\x00\x5a\x00\x6d\xff\xdb\x00\x5a\x00\x6e\xff\xd2\x00\x5a"
"\x00\x6f\xff\xd8\x00\x5a\x00\x70\xff\xd8\x00\x5a\x00\x71\xff\xd8\x00\x5a\x00\x72\xff\xe2\x00\x5a\x00\x7b\xff\xbb\x00\x5a\x00\x8a\xff\xe9\x00\x5a\x00\x8c\xff\xe9"
"\x00\x5a\x00\x8e\xff\xe9\x00\x5a\x00\x95\xff\x98\x00\x5a\x00\x9a\xff\x80\x00\x5a\x00\x9b\xff\xce\x00\x5a\x00\x9c\xff\xe2\x00\x5a\x00\x9d\xff\xe2\x00\x5a\x00\x9e"
"\xff\x80\x00\x5a\x00\x9f\xff\xce\x00\x5a\x00\xb6\xff\xe9\x00\x5a\x00\xb9\xff\xbb\x00\x5a\x00\xba\xff\xbb\x00\x5b\x00\x01\xff\xbb\x00\x5b\x00\x02\xff\xbb\x00\x5b"
"\x00\x03\xff\xbb\x00\x5b\x00\x04\xff\xbb\x00\x5b\x00\x05\xff\xbb\x00\x5b\x00\x06\xff\xbb\x00\x5b\x00\x07\xff\xbb\x00\x5b\x00\x08\xff\xbb\x00\x5b\x00\x2b\xff\x98"
"\x00\x5b\x00\x31\xff\x98\x00\x5b\x00\x32\xff\x98\x00\x5b\x00\x33\xff\xc6\x00\x5b\x00\x34\xff\x52\x00\x5b\x00\x35\xff\x52\x00\x5b\x00\x37\x00\x14\x00\x5b\x00\x38"
"\x00\x14\x00\x5b\x00\x39\x00\x14\x00\x5b\x00\x3a\x00\x14\x00\x5b\x00\x3b\x00\x14\x00\x5b\x00\x3c\x00\x14\x00\x5b\x00\x3d\x00\x14\x00\x5b\x00\x3e\x00\x14\x00\x5b"
"\x00\x6c\xff\xd8\x00\x5b\x00\x6d\xff\xdb\x00\x5b\x00\x6e\xff\xd2\x00\x5b\x00\x6f\xff\xd8\x00\x5b\x00\x70\xff\xd8\x00\x5b\x00\x71\xff\xd8\x00\x5b\x00\x72\xff\xe2"
"\x00\x5b\x00\x7b\xff\xbb\x00\x5b\x00\x8a\xff\xe9\x00\x5b\x00\x8c\xff\xe9\x00\x5b\x00\x8e\xff\xe9\x00\x5b\x00\x95\xff\x98\x00\x5b\x00\x9a\xff\x80\x00\x5b\x00\x9b"
"\xff\xce\x00\x5b\x00\x9c\xff\xe2\x00\x5b\x00\x9d\xff\xe2\x00\x5b\x00\x9e\xff\x80\x00\x5b\x00\x9f\xff\xce\x00\x5b\x00\xb6\xff\xe9\x00\x5b\x00\xb9\xff\xbb\x00\x5b"
"\x00\xba\xff\xbb\x00\x5c\x00\x01\xff\xbb\x00\x5c\x00\x02\xff\xbb\x00\x5c\x00\x03\xff\xbb\x00\x5c\x00\x04\xff\xbb\x00\x5c\x00\x05\xff\xbb\x00\x5c\x00\x06\xff\xbb"
"\x00\x5c\x00\x07\xff\xbb\x00\x5c\x00\x08\xff\xbb\x00\x5c\x00\x2b\xff\x60\x00\x5c\x00\x31\xff\x98\x00\x5c\x00\x32\xff\x98\x00\x5c\x00\x33\xff\xc6\x00\x5c\x00\x34"
"\xff\x52\x00\x5c\x00\x35\xff\x52\x00\x5c\x00\x37\x00\x14\x00\x5c\x00\x38\x00\x14\x00\x5c\x00\x39\x00\x14\x00\x5c\x00\x3a\x00\x14\x00\x5c\x00\x3b\x00\x14\x00\x5c"
"\x00\x3c\x00\x14\x00\x5c\x00\x3d\x00\x14\x00\x5c\x00\x3e\x00\x14\x00\x5c\x00\x6c\xff\xd8\x00\x5c\x00\x6d\xff\xdb\x00\x5c\x00\x6e\xff\xd2\x00\x5c\x00\x6f\xff\xd8"
"\x00\x5c\x00\x70\xff\xd8\x00\x5c\x00\x71\xff\xd8\x00\x5c\x00\x72\xff\xe2\x00\x5c\x00\x7b\xff\xbb\x00\x5c\x00\x8a\xff\xe9\x00\x5c\x00\x8c\xff\xe9\x00\x5c\x00\x8e"
"\xff\xe9\x00\x5c\x00\x95\xff\x98\x00\x5c\x00\x9a\xff\x80\x00\x5c\x00\x9b\xff\xce\x00\x5c\x00\x9c\xff\xe2\x00\x5c\x00\x9d\xff\xe2\x00\x5c\x00\x9e\xff\x80\x00\x5c"
"\x00\x9f\xff\xce\x00\x5c\x00\xb6\xff\xe9\x00\x5c\x00\xb9\xff\xbb\x00\x5c\x00\xba\xff\xbb\x00\x5d\x00\x01\xff\xbb\x00\x5d\x00\x02\xff\xbb\x00\x5d\x00\x03\xff\xbb"
"\x00\x5d\x00\x04\xff\xbb\x00\x5d\x00\x05\xff\xbb\x00\x5d\x00\x06\xff\xbb\x00\x5d\x00\x07\xff\xbb\x00\x5d\x00\x08\xff\xbb\x00\x5d\x00\x2b\xff\x60\x00\x5d\x00\x31"
"\xff\x98\x00\x5d\x00\x32\xff\x98\x00\x5d\x00\x33\xff\xc6\x00\x5d\x00\x34\xff\x52\x00\x5d\x00\x35\xff\x52\x00\x5d\x00\x37\x00\x14\x00\x5d\x00\x38\x00\x14\x00\x5d"
"\x00\x39\x00\x14\x00\x5d\x00\x3a\x00\x14\x00\x5d\x00\x3b\x00\x14\x00\x5d\x00\x3c\x00\x14\x00\x5d\x00\x3d\x00\x14\x00\x5d\x00\x3e\x00\x14\x00\x5d\x00\x6c\xff\xd8"
"\x00\x5d\x00\x6d\xff\xdb\x00\x5d\x00\x6e\xff\xd2\x00\x5d\x00\x6f\xff\xd8\x00\x5d\x00\x70\xff\xd8\x00\x5d\x00\x71\xff\xd8\x00\x5d\x00\x72\xff\xe2\x00\x5d\x00\x7b"
"\xff\xbb\x00\x5d\x00\x8a\xff\xe9\x00\x5d\x00\x8c\xff\xe9\x00\x5d\x00\x8e\xff\xe9\x00\x5d\x00\x95\xff\x98\x00\x5d\x00\x9a\xff\x80\x00\x5d\x00\x9b\xff\xce\x00\x5d"
"\x00\x9c\xff\xe2\x00\x5d\x00\x9d\xff\xe2\x00\x5d\x00\x9e\xff\x80\x00\x5d\x00\x9f\xff\xce\x00\x5d\x00\xb6\xff\xe9\x00\x5d\x00\xb9\xff\xbb\x00\x5d\x00\xba\xff\xbb"
"\x00\x5e\x00\x01\xff\xbb\x00\x5e\x00\x02\xff\xbb\x00\x5e\x00\x03\xff\xbb\x00\x5e\x00\x04\xff\xbb\x00\x5e\x00\x05\xff\xbb\x00\x5e\x00\x06\xff\xbb\x00\x5e\x00\x07"
"\xff\xbb\x00\x5e\x00\x08\xff\xbb\x00\x5e\x00\x2b\xff\x60\x00\x5e\x00\x31\xff\x98\x00\x5e\x00\x32\xff\x98\x00\x5e\x00\x33\xff\xc6\x00\x5e\x00\x34\xff\x52\x00\x5e"
"\x00\x35\xff\x52\x00\x5e\x00\x37\x00\x14\x00\x5e\x00\x38\x00\x14\x00\x5e\x00\x39\x00\x14\x00\x5e\x00\x3a\x00\x14\x00\x5e\x00\x3b\x00\x14\x00\x5e\x00\x3c\x00\x14"
"\x00\x5e\x00\x3d\x00\x14\x00\x5e\x00\x3e\x00\x14\x00\x5e\x00\x6c\xff\xd8\x00\x5e\x00\x6d\xff\xdb\x00\x5e\x00\x6e\xff\xd2\x00\x5e\x00\x6f\xff\xd8\x00\x5e\x00\x70"
"\xff\xd8\x00\x5e\x00\x71\xff\xd8\x00\x5e\x00\x72\xff\xe2\x00\x5e\x00\x7b\xff\xbb\x00\x5e\x00\x8a\xff\xe9\x00\x5e\x00\x8c\xff\xe9\x00\x5e\x00\x8e\xff\xe9\x00\x5e"
"\x00\x95\xff\x98\x00\x5e\x00\x9a\xff\x80\x00\x5e\x00\x9b\xff\xce\x00\x5e\x00\x9c\xff\xe2\x00\x5e\x00\x9d\xff\xe2\x00\x5e\x00\x9e\xff\x80\x00\x5e\x00\x9f\xff\xce"
"\x00\x5e\x00\xb6\xff\xe9\x00\x5e\x00\xb9\xff\xbb\x00\x5e\x00\xba\xff\xbb\x00\x5f\x00\x01\xff\xbb\x00\x5f\x00\x02\xff\xbb\x00\x5f\x00\x03\xff\xbb\x00\x5f\x00\x04"
"\xff\xbb\x00\x5f\x00\x05\xff\xbb\x00\x5f\x00\x06\xff\xbb\x00\x5f\x00\x07\xff\xbb\x00\x5f\x00\x08\xff\xbb\x00\x5f\x00\x2b\xff\x60\x00\x5f\x00\x31\xff\x98\x00\x5f"
"\x00\x32\xff\x98\x00\x5f\x00\x33\xff\xc6\x00\x5f\x00\x34\xff\x52\x00\x5f\x00\x35\xff\x52\x00\x5f\x00\x37\x00\x14\x00\x5f\x00\x38\x00\x14\x00\x5f\x00\x39\x00\x14"
"\x00\x5f\x00\x3a\x00\x14\x00\x5f\x00\x3b\x00\x14\x00\x5f\x00\x3c\x00\x14\x00\x5f\x00\x3d\x00\x14\x00\x5f\x00\x3e\x00\x14\x00\x5f\x00\x6c\xff\xd8\x00\x5f\x00\x6d"
"\xff\xdb\x00\x5f\x00\x6e\xff\xd2\x00\x5f\x00\x6f\xff\xd8\x00\x5f\x00\x70\xff\xd8\x00\x5f\x00\x71\xff\xd8\x00\x5f\x00\x72\xff\xe2\x00\x5f\x00\x7b\xff\xbb\x00\x5f"
"\x00\x8a\xff\xe9\x00\x5f\x00\x8c\xff\xe9\x00\x5f\x00\x8e\xff\xe9\x00\x5f\x00\x95\xff\x98\x00\x5f\x00\x9a\xff\x80\x00\x5f\x00\x9b\xff\xce\x00\x5f\x00\x9c\xff\xe2"
"\x00\x5f\x00\x9d\xff\xe2\x00\x5f\x00\x9e\xff\x80\x00\x5f\x00\x9f\xff\xce\x00\x5f\x00\xb6\xff\xe9\x00\x5f\x00\xb9\xff\xbb\x00\x5f\x00\xba\xff\xbb\x00\x60\x00\x01"
"\xff\xbb\x00\x60\x00\x02\xff\xbb\x00\x60\x00\x03\xff\xbb\x00\x60\x00\x04\xff\xbb\x00\x60\x00\x05\xff\xbb\x00\x60\x00\x06\xff\xbb\x00\x60\x00\x07\xff\xbb\x00\x60"
"\x00\x08\xff\xbb\x00\x60\x00\x2b\xff\x60\x00\x60\x00\x31\xff\x98\x00\x60\x00\x32\xff\x98\x00\x60\x00\x33\xff\xc6\x00\x60\x00\x34\xff\x52\x00\x60\x00\x35\xff\x52"
"\x00\x60\x00\x37\x00\x14\x00\x60\x00\x38\x00\x14\x00\x60\x00\x39\x00\x14\x00\x60\x00\x3a\x00\x14\x00\x60\x00\x3b\x00\x14\x00\x60\x00\x3c\x00\x14\x00\x60\x00\x3d"
"\x00\x14\x00\x60\x00\x3e\x00\x14\x00\x60\x00\x6c\xff\xd8\x00\x60\x00\x6d\xff\xdb\x00\x60\x00\x6e\xff\xd2\x00\x60\x00\x6f\xff\xd8\x00\x60\x00\x70\xff\xd8\x00\x60"
"\x00\x71\xff\xd8\x00\x60\x00\x72\xff\xe2\x00\x60\x00\x7b\xff\xbb\x00\x60\x00\x8a\xff\xe9\x00\x60\x00\x8c\xff\xe9\x00\x60\x00\x8e\xff\xe9\x00\x60\x00\x95\xff\x98"
"\x00\x60\x00\x9a\xff\x80\x00\x60\x00\x9b\xff\xce\x00\x60\x00\x9c\xff\xe2\x00\x60\x00\x9d\xff\xe2\x00\x60\x00\x9e\xff\x80\x00\x60\x00\x9f\xff\xce\x00\x60\x00\xb6"
"\xff\xe9\x00\x60\x00\xb9\xff\xbb\x00\x60\x00\xba\xff\xbb\x00\x61\x00\x2b\xff\x98\x00\x62\x00\x01\xff\xaf\x00\x62\x00\x02\xff\xaf\x00\x62\x00\x03\xff\xaf\x00\x62"
"\x00\x04\xff\xaf\x00\x62\x00\x05\xff\xaf\x00\x62\x00\x06\xff\xaf\x00\x62\x00\x07\xff\xaf\x00\x62\x00\x08\xff\xaf\x00\x62\x00\x09\x00\x20\x00\x62\x00\x0c\x00\x20"
"\x00\x62\x00\x0d\x00\x20\x00\x62\x00\x0e\x00\x20\x00\x62\x00\x0f\x00\x20\x00\x62\x00\x10\x00\x20\x00\x62\x00\x11\x00\x20\x00\x62\x00\x12\x00\x20\x00\x62\x00\x14"
"\x00\x20\x00\x62\x00\x15\x00\x20\x00\x62\x00\x17\x00\x20\x00\x62\x00\x18\x00\x20\x00\x62\x00\x1a\xff\x8c\x00\x62\x00\x1b\x00\x20\x00\x62\x00\x1c\x00\x20\x00\x62"
"\x00\x1d\x00\x20\x00\x62\x00\x1e\x00\x20\x00\x62\x00\x1f\x00\x20\x00\x62\x00\x27\x00\x20\x00\x62\x00\x29\x00\x20\x00\x62\x00\x2b\xff\x8c\x00\x62\x00\x36\xff\xbb"
"\x00\x62\x00\x3f\x00\x20\x00\x62\x00\x40\x00\x20\x00\x62\x00\x41\xff\xde\x00\x62\x00\x42\xff\xde\x00\x62\x00\x43\xff\xde\x00\x62\x00\x44\xff\xde\x00\x62\x00\x45"
"\xff\xde\x00\x62\x00\x46\xff\xde\x00\x62\x00\x47\xff\xde\x00\x62\x00\x48\xff\xde\x00\x62\x00\x49\x00\x20\x00\x62\x00\x4a\xff\xde\x00\x62\x00\x4b\x00\x20\x00\x62"
"\x00\x4c\x00\x14\x00\x62\x00\x4e\x00\x45\x00\x62\x00\x4f\x00\x14\x00\x62\x00\x50\x00\x14\x00\x62\x00\x51\x00\x14\x00\x62\x00\x53\x00\x20\x00\x62\x00\x54\x00\x20"
"\x00\x62\x00\x55\x00\x20\x00\x62\x00\x56\x00\x20\x00\x62\x00\x57\x00\x20\x00\x62\x00\x58\x00\x20\x00\x62\x00\x59\xff\xde\x00\x62\x00\x5a\xff\xde\x00\x62\x00\x5b"
"\xff\xde\x00\x62\x00\x5c\xff\xde\x00\x62\x00\x5d\xff\xde\x00\x62\x00\x5e\xff\xde\x00\x62\x00\x5f\xff\xde\x00\x62\x00\x60\x00\x20\x00\x62\x00\x61\xff\xde\x00\x62"
"\x00\x62\x00\x20\x00\x62\x00\x64\x00\x20\x00\x62\x00\x65\x00\x20\x00\x62\x00\x6c\x00\x20\x00\x62\x00\x6d\x00\x11\x00\x62\x00\x6e\x00\x20\x00\x62\x00\x6f\x00\x20"
"\x00\x62\x00\x70\x00\x20\x00\x62\x00\x71\x00\x20\x00\x62\x00\x73\x00\x20\x00\x62\x00\x74\xff\xde\x00\x62\x00\x76\xff\xde\x00\x62\x00\x92\xff\xbb\x00\x62\x00\x93"
"\x00\x20\x00\x62\x00\x96\xff\xaf\x00\x62\x00\x9a\xff\xaf\x00\x62\x00\x9b\x00\x20\x00\x62\x00\x9e\xff\xaf\x00\x62\x00\x9f\x00\x20\x00\x62\x00\xa0\xff\x80\x00\x62"
"\x00\xa1\xff\x80\x00\x62\x00\xa2\xff\x80\x00\x62\x00\xa5\xff\xaf\x00\x62\x00\xaa\xff\xaf\x00\x62\x00\xad\xff\xaf\x00\x62\x00\xaf\xff\xaf\x00\x62\x00\xb1\xff\xaf"
"\x00\x62\x00\xb2\xff\xbb\x00\x62\x00\xd5\xff\xaf\x00\x63\x00\x2b\xff\x69\x00\x63\x00\x31\xff\xa3\x00\x63\x00\x32\xff\xbb\x00\x63\x00\x34\xff\x69\x00\x63\x00\x35"
"\xff\x69\x00\x63\x00\x95\xff\xa3\x00\x63\x00\x9a\xff\x98\x00\x63\x00\x9e\xff\x98\x00\x63\x00\xb6\xff\xef\x00\x64\x00\x2b\xff\x8c\x00\x64\x00\x4e\x00\x45\x00\x64"
"\x00\x9a\xff\x75\x00\x64\x00\x9e\xff\x75\x00\x65\x00\x2b\xff\xbb\x00\x65\x00\x31\xff\xec\x00\x65\x00\x32\xff\xec\x00\x65\x00\x34\xff\xe0\x00\x65\x00\x35\xff\xe0"
"\x00\x65\x00\x37\x00\x0a\x00\x65\x00\x38\x00\x0a\x00\x65\x00\x39\x00\x0a\x00\x65\x00\x3a\x00\x0a\x00\x65\x00\x3b\x00\x0a\x00\x65\x00\x3c\x00\x0a\x00\x65\x00\x3d"
"\x00\x0a\x00\x65\x00\x3e\x00\x0a\x00\x65\x00\x41\xff\xec\x00\x65\x00\x42\xff\xec\x00\x65\x00\x43\xff\xec\x00\x65\x00\x44\xff\xec\x00\x65\x00\x45\xff\xec\x00\x65"
"\x00\x46\xff\xec\x00\x65\x00\x47\xff\xec\x00\x65\x00\x48\xff\xec\x00\x65\x00\x49\xff\xce\x00\x65\x00\x4a\xff\xec\x00\x65\x00\x53\x00\x14\x00\x65\x00\x59\xff\xec"
"\x00\x65\x00\x5a\xff\xec\x00\x65\x00\x5b\xff\xec\x00\x65\x00\x5c\xff\xec\x00\x65\x00\x5d\xff\xec\x00\x65\x00\x5e\xff\xec\x00\x65\x00\x5f\xff\xec\x00\x65\x00\x61"
"\xff\xec\x00\x65\x00\x63\xff\xec\x00\x65\x00\x6c\x00\x28\x00\x65\x00\x6d\x00\x1e\x00\x65\x00\x6f\x00\x28\x00\x65\x00\x70\x00\x28\x00\x65\x00\x71\x00\x28\x00\x65"
"\x00\x74\xff\xec\x00\x65\x00\x76\xff\xec\x00\x65\x00\x7e\xff\xe3\x00\x65\x00\x95\xff\xec\x00\x65\x00\x96\xff\xd8\x00\x65\x00\x99\xff\xe9\x00\x65\x00\x9a\xff\xaf"
"\x00\x65\x00\x9e\xff\xaf\x00\x65\x00\xa5\xff\xd8\x00\x65\x00\xaa\xff\xc6\x00\x65\x00\xad\xff\xd8\x00\x65\x00\xae\xff\xe9\x00\x65\x00\xaf\xff\xd8\x00\x65\x00\xb1"
"\xff\xd8\x00\x65\x00\xb2\xff\xd8\x00\x65\x00\xd5\xff\xd8\x00\x66\x00\x2b\xff\x98\x00\x66\x00\x34\xff\x8c\x00\x66\x00\x35\xff\x8c\x00\x66\x00\x92\xff\xbb\x00\x66"
"\x00\x96\xff\xaf\x00\x66\x00\x9a\xff\xaf\x00\x66\x00\x9b\x00\x1d\x00\x66\x00\x9e\xff\xaf\x00\x66\x00\x9f\x00\x1d\x00\x66\x00\xa5\xff\xaf\x00\x66\x00\xaa\xff\xaf"
"\x00\x66\x00\xad\xff\xaf\x00\x66\x00\xaf\xff\xaf\x00\x66\x00\xb1\xff\xaf\x00\x66\x00\xb2\xff\xbb\x00\x66\x00\xb3\xff\xbb\x00\x66\x00\xd5\xff\xaf\x00\x67\x00\x2b"
"\xff\x98\x00\x67\x00\x34\xff\x8c\x00\x67\x00\x35\xff\x8c\x00\x67\x00\x92\xff\xbb\x00\x67\x00\x96\xff\xaf\x00\x67\x00\x9a\xff\xaf\x00\x67\x00\x9b\x00\x1d\x00\x67"
"\x00\x9e\xff\xaf\x00\x67\x00\x9f\x00\x1d\x00\x67\x00\xa5\xff\xaf\x00\x67\x00\xaa\xff\xaf\x00\x67\x00\xad\xff\xaf\x00\x67\x00\xaf\xff\xaf\x00\x67\x00\xb1\xff\xaf"
"\x00\x67\x00\xb2\xff\xbb\x00\x67\x00\xb3\xff\xbb\x00\x67\x00\xd5\xff\xaf\x00\x68\x00\x2b\xff\x98\x00\x68\x00\x34\xff\x8c\x00\x68\x00\x35\xff\x8c\x00\x68\x00\x92"
"\xff\xbb\x00\x68\x00\x96\xff\xaf\x00\x68\x00\x9a\xff\x98\x00\x68\x00\x9b\x00\x1d\x00\x68\x00\x9e\xff\x98\x00\x68\x00\x9f\x00\x1d\x00\x68\x00\xa5\xff\xaf\x00\x68"
"\x00\xaa\xff\xaf\x00\x68\x00\xad\xff\xaf\x00\x68\x00\xaf\xff\xaf\x00\x68\x00\xb1\xff\xaf\x00\x68\x00\xb2\xff\xbb\x00\x68\x00\xb3\xff\xbb\x00\x68\x00\xd5\xff\xaf"
"\x00\x69\x00\x2b\xff\x98\x00\x69\x00\x34\xff\x8c\x00\x69\x00\x35\xff\x8c\x00\x69\x00\x92\xff\xbb\x00\x69\x00\x96\xff\xaf\x00\x69\x00\x9a\xff\xaf\x00\x69\x00\x9b"
"\x00\x1d\x00\x69\x00\x9e\xff\xaf\x00\x69\x00\x9f\x00\x1d\x00\x69\x00\xa5\xff\xaf\x00\x69\x00\xaa\xff\xaf\x00\x69\x00\xad\xff\xaf\x00\x69\x00\xaf\xff\xaf\x00\x69"
"\x00\xb1\xff\xaf\x00\x69\x00\xb2\xff\xbb\x00\x69\x00\xb3\xff\xbb\x00\x69\x00\xd5\xff\xaf\x00\x6a\x00\x2b\xff\x98\x00\x6a\x00\x34\xff\x8c\x00\x6a\x00\x35\xff\x8c"
"\x00\x6a\x00\x92\xff\xbb\x00\x6a\x00\x96\xff\xaf\x00\x6a\x00\x9a\xff\xaf\x00\x6a\x00\x9b\x00\x1d\x00\x6a\x00\x9e\xff\xaf\x00\x6a\x00\x9f\x00\x1d\x00\x6a\x00\xa5"
"\xff\xaf\x00\x6a\x00\xaa\xff\xaf\x00\x6a\x00\xad\xff\xaf\x00\x6a\x00\xaf\xff\xaf\x00\x6a\x00\xb1\xff\xaf\x00\x6a\x00\xb2\xff\xbb\x00\x6a\x00\xb3\xff\xbb\x00\x6a"
"\x00\xd5\xff\xaf\x00\x6b\x00\x2b\xff\x98\x00\x6b\x00\x34\xff\x8c\x00\x6b\x00\x35\xff\x8c\x00\x6b\x00\x92\xff\xbb\x00\x6b\x00\x96\xff\xaf\x00\x6b\x00\x9a\xff\xaf"
"\x00\x6b\x00\x9b\x00\x1d\x00\x6b\x00\x9e\xff\xaf\x00\x6b\x00\x9f\x00\x1d\x00\x6b\x00\xa5\xff\xaf\x00\x6b\x00\xaa\xff\xaf\x00\x6b\x00\xad\xff\xaf\x00\x6b\x00\xaf"
"\xff\xaf\x00\x6b\x00\xb1\xff\xaf\x00\x6b\x00\xb2\xff\xbb\x00\x6b\x00\xb3\xff\xbb\x00\x6b\x00\xd5\xff\xaf\x00\x6c\x00\x01\xff\x75\x00\x6c\x00\x02\xff\x75\x00\x6c"
"\x00\x03\xff\x75\x00\x6c\x00\x04\xff\x75\x00\x6c\x00\x05\xff\x75\x00\x6c\x00\x06\xff\x75\x00\x6c\x00\x07\xff\x75\x00\x6c\x00\x08\xff\x75\x00\x6c\x00\x09\x00\x0a"
"\x00\x6c\x00\x0c\x00\x0a\x00\x6c\x00\x0d\x00\x0a\x00\x6c\x00\x0e\x00\x0a\x00\x6c\x00\x0f\x00\x0a\x00\x6c\x00\x10\x00\x0a\x00\x6c\x00\x11\x00\x0a\x00\x6c\x00\x12"
"\x00\x0a\x00\x6c\x00\x14\x00\x0a\x00\x6c\x00\x15\x00\x0a\x00\x6c\x00\x17\x00\x0a\x00\x6c\x00\x18\x00\x0a\x00\x6c\x00\x1a\xff\x80\x00\x6c\x00\x1b\x00\x0a\x00\x6c"
"\x00\x1c\x00\x0a\x00\x6c\x00\x1d\x00\x0a\x00\x6c\x00\x1e\x00\x0a\x00\x6c\x00\x1f\x00\x0a\x00\x6c\x00\x27\x00\x0a\x00\x6c\x00\x29\x00\x0a\x00\x6c\x00\x2b\xff\xbb"
"\x00\x6c\x00\x34\xff\xbb\x00\x6c\x00\x35\xff\xbb\x00\x6c\x00\x37\xff\xf6\x00\x6c\x00\x38\xff\xf6\x00\x6c\x00\x39\xff\xf6\x00\x6c\x00\x3a\xff\xf6\x00\x6c\x00\x3b"
"\xff\xf6\x00\x6c\x00\x3c\xff\xf6\x00\x6c\x00\x3d\xff\xf6\x00\x6c\x00\x3e\xff\xf6\x00\x6c\x00\x3f\x00\x0a\x00\x6c\x00\x40\x00\x0a\x00\x6c\x00\x41\xff\xd8\x00\x6c"
"\x00\x42\xff\xd8\x00\x6c\x00\x43\xff\xd8\x00\x6c\x00\x44\xff\xd8\x00\x6c\x00\x45\xff\xd8\x00\x6c\x00\x46\xff\xd8\x00\x6c\x00\x47\xff\xd8\x00\x6c\x00\x48\xff\xd8"
"\x00\x6c\x00\x49\x00\x1e\x00\x6c\x00\x4a\xff\xd8\x00\x6c\x00\x4b\x00\x0a\x00\x6c\x00\x54\x00\x0a\x00\x6c\x00\x55\x00\x0a\x00\x6c\x00\x59\xff\xd8\x00\x6c\x00\x5a"
"\xff\xd8\x00\x6c\x00\x5b\xff\xd8\x00\x6c\x00\x5c\xff\xd8\x00\x6c\x00\x5d\xff\xd8\x00\x6c\x00\x5e\xff\xd8\x00\x6c\x00\x5f\xff\xd8\x00\x6c\x00\x61\xff\xd8\x00\x6c"
"\x00\x64\x00\x0a\x00\x6c\x00\x65\x00\x1e\x00\x6c\x00\x73\x00\x0a\x00\x6c\x00\x74\xff\xd8\x00\x6c\x00\x76\xff\xd8\x00\x6c\x00\x92\xff\x8c\x00\x6c\x00\x93\x00\x0a"
"\x00\x6c\x00\x96\xff\xaf\x00\x6c\x00\xa0\xff\xa6\x00\x6c\x00\xa1\xff\xa6\x00\x6c\x00\xa2\xff\x69\x00\x6c\x00\xa5\xff\xaf\x00\x6c\x00\xa8\xff\xaf\x00\x6c\x00\xaa"
"\xff\xbb\x00\x6c\x00\xac\xff\xaf\x00\x6c\x00\xad\xff\xaf\x00\x6c\x00\xaf\xff\xaf\x00\x6c\x00\xb0\xff\xaf\x00\x6c\x00\xb1\xff\xaf\x00\x6c\x00\xb2\xff\xaf\x00\x6c"
"\x00\xb3\xff\x5e\x00\x6c\x00\xd5\xff\xaf\x00\x6d\x00\x01\xff\x75\x00\x6d\x00\x02\xff\x75\x00\x6d\x00\x03\xff\x75\x00\x6d\x00\x04\xff\x75\x00\x6d\x00\x05\xff\x75"
"\x00\x6d\x00\x06\xff\x75\x00\x6d\x00\x07\xff\x75\x00\x6d\x00\x08\xff\x75\x00\x6d\x00\x1a\xff\x8c\x00\x6d\x00\x2b\xff\x98\x00\x6d\x00\x36\xff\xbb\x00\x6d\x00\x41"
"\xff\xdb\x00\x6d\x00\x42\xff\xdb\x00\x6d\x00\x43\xff\xdb\x00\x6d\x00\x44\xff\xdb\x00\x6d\x00\x45\xff\xdb\x00\x6d\x00\x46\xff\xdb\x00\x6d\x00\x47\xff\xdb\x00\x6d"
"\x00\x48\xff\xdb\x00\x6d\x00\x4a\xff\xdb\x00\x6d\x00\x59\xff\xdb\x00\x6d\x00\x5a\xff\xdb\x00\x6d\x00\x5b\xff\xdb\x00\x6d\x00\x5c\xff\xdb\x00\x6d\x00\x5d\xff\xdb"
"\x00\x6d\x00\x5e\xff\xdb\x00\x6d\x00\x5f\xff\xdb\x00\x6d\x00\x61\xff\xdb\x00\x6d\x00\x74\xff\xdb\x00\x6d\x00\x76\xff\xdb\x00\x6d\x00\x84\xff\xbb\x00\x6d\x00\xa0"
"\xff\x69\x00\x6d\x00\xa1\xff\x69\x00\x6d\x00\xa2\xff\x69\x00\x6d\x00\xa8\xff\xbb\x00\x6e\x00\x2b\xff\x80\x00\x6e\x00\x41\xff\xd2\x00\x6e\x00\x42\xff\xd2\x00\x6e"
"\x00\x43\xff\xd2\x00\x6e\x00\x44\xff\xd2\x00\x6e\x00\x45\xff\xd2\x00\x6e\x00\x46\xff\xd2\x00\x6e\x00\x47\xff\xd2\x00\x6e\x00\x48\xff\xd2\x00\x6e\x00\x49\x00\x28"
"\x00\x6e\x00\x4a\xff\xd2\x00\x6e\x00\x59\xff\xd2\x00\x6e\x00\x5a\xff\xd2\x00\x6e\x00\x5b\xff\xd2\x00\x6e\x00\x5c\xff\xd2\x00\x6e\x00\x5d\xff\xd2\x00\x6e\x00\x5e"
"\xff\xd2\x00\x6e\x00\x5f\xff\xd2\x00\x6e\x00\x61\xff\xd2\x00\x6e\x00\x65\x00\x28\x00\x6e\x00\x74\xff\xd2\x00\x6e\x00\x76\xff\xd2\x00\x6e\x00\x96\xff\xd2\x00\x6e"
"\x00\xa5\xff\xd2\x00\x6e\x00\xa8\xff\xbb\x00\x6e\x00\xac\xff\xbb\x00\x6e\x00\xad\xff\xd2\x00\x6e\x00\xaf\xff\xd2\x00\x6e\x00\xb0\xff\xbb\x00\x6e\x00\xb1\xff\xd2"
"\x00\x6e\x00\xb2\xff\xd2\x00\x6e\x00\xd5\xff\xd2\x00\x6f\x00\x01\xff\x75\x00\x6f\x00\x02\xff\x75\x00\x6f\x00\x03\xff\x75\x00\x6f\x00\x04\xff\x75\x00\x6f\x00\x05"
"\xff\x75\x00\x6f\x00\x06\xff\x75\x00\x6f\x00\x07\xff\x75\x00\x6f\x00\x08\xff\x75\x00\x6f\x00\x09\x00\x0a\x00\x6f\x00\x0c\x00\x0a\x00\x6f\x00\x0d\x00\x0a\x00\x6f"
"\x00\x0e\x00\x0a\x00\x6f\x00\x0f\x00\x0a\x00\x6f\x00\x10\x00\x0a\x00\x6f\x00\x11\x00\x0a\x00\x6f\x00\x12\x00\x0a\x00\x6f\x00\x14\x00\x0a\x00\x6f\x00\x15\x00\x0a"
"\x00\x6f\x00\x17\x00\x0a\x00\x6f\x00\x18\x00\x0a\x00\x6f\x00\x1a\xff\x80\x00\x6f\x00\x1b\x00\x0a\x00\x6f\x00\x1c\x00\x0a\x00\x6f\x00\x1d\x00\x0a\x00\x6f\x00\x1e"
"\x00\x0a\x00\x6f\x00\x1f\x00\x0a\x00\x6f\x00\x27\x00\x0a\x00\x6f\x00\x29\x00\x0a\x00\x6f\x00\x2b\xff\xbb\x00\x6f\x00\x34\xff\xbb\x00\x6f\x00\x35\xff\xbb\x00\x6f"
"\x00\x37\xff\xf6\x00\x6f\x00\x38\xff\xf6\x00\x6f\x00\x39\xff\xf6\x00\x6f\x00\x3a\xff\xf6\x00\x6f\x00\x3b\xff\xf6\x00\x6f\x00\x3c\xff\xf6\x00\x6f\x00\x3d\xff\xf6"
"\x00\x6f\x00\x3e\xff\xf6\x00\x6f\x00\x3f\x00\x0a\x00\x6f\x00\x40\x00\x0a\x00\x6f\x00\x41\xff\xd8\x00\x6f\x00\x42\xff\xd8\x00\x6f\x00\x43\xff\xd8\x00\x6f\x00\x44"
"\xff\xd8\x00\x6f\x00\x45\xff\xd8\x00\x6f\x00\x46\xff\xd8\x00\x6f\x00\x47\xff\xd8\x00\x6f\x00\x48\xff\xd8\x00\x6f\x00\x49\x00\x1e\x00\x6f\x00\x4a\xff\xd8\x00\x6f"
"\x00\x4b\x00\x0a\x00\x6f\x00\x54\x00\x0a\x00\x6f\x00\x55\x00\x0a\x00\x6f\x00\x59\xff\xd8\x00\x6f\x00\x5a\xff\xd8\x00\x6f\x00\x5b\xff\xd8\x00\x6f\x00\x5c\xff\xd8"
"\x00\x6f\x00\x5d\xff\xd8\x00\x6f\x00\x5e\xff\xd8\x00\x6f\x00\x5f\xff\xd8\x00\x6f\x00\x61\xff\xd8\x00\x6f\x00\x64\x00\x0a\x00\x6f\x00\x65\x00\x1e\x00\x6f\x00\x73"
"\x00\x0a\x00\x6f\x00\x74\xff\xd8\x00\x6f\x00\x76\xff\xd8\x00\x6f\x00\x92\xff\x8c\x00\x6f\x00\x93\x00\x0a\x00\x6f\x00\x96\xff\xaf\x00\x6f\x00\xa0\xff\xa6\x00\x6f"
"\x00\xa1\xff\xa6\x00\x6f\x00\xa2\xff\x69\x00\x6f\x00\xa5\xff\xaf\x00\x6f\x00\xa8\xff\xaf\x00\x6f\x00\xaa\xff\xbb\x00\x6f\x00\xac\xff\xaf\x00\x6f\x00\xad\xff\xaf"
"\x00\x6f\x00\xaf\xff\xaf\x00\x6f\x00\xb0\xff\xaf\x00\x6f\x00\xb1\xff\xaf\x00\x6f\x00\xb2\xff\xaf\x00\x6f\x00\xb3\xff\x5e\x00\x6f\x00\xd5\xff\xaf\x00\x70\x00\x01"
"\xff\x75\x00\x70\x00\x02\xff\x75\x00\x70\x00\x03\xff\x75\x00\x70\x00\x04\xff\x75\x00\x70\x00\x05\xff\x75\x00\x70\x00\x06\xff\x75\x00\x70\x00\x07\xff\x75\x00\x70"
"\x00\x08\xff\x75\x00\x70\x00\x09\x00\x0a\x00\x70\x00\x0c\x00\x0a\x00\x70\x00\x0d\x00\x0a\x00\x70\x00\x0e\x00\x0a\x00\x70\x00\x0f\x00\x0a\x00\x70\x00\x10\x00\x0a"
"\x00\x70\x00\x11\x00\x0a\x00\x70\x00\x12\x00\x0a\x00\x70\x00\x14\x00\x0a\x00\x70\x00\x15\x00\x0a\x00\x70\x00\x17\x00\x0a\x00\x70\x00\x18\x00\x0a\x00\x70\x00\x1a"
"\xff\x80\x00\x70\x00\x1b\x00\x0a\x00\x70\x00\x1c\x00\x0a\x00\x70\x00\x1d\x00\x0a\x00\x70\x00\x1e\x00\x0a\x00\x70\x00\x1f\x00\x0a\x00\x70\x00\x27\x00\x0a\x00\x70"
"\x00\x29\x00\x0a\x00\x70\x00\x2b\xff\xbb\x00\x70\x00\x34\xff\xbb\x00\x70\x00\x35\xff\xbb\x00\x70\x00\x37\xff\xf6\x00\x70\x00\x38\xff\xf6\x00\x70\x00\x39\xff\xf6"
"\x00\x70\x00\x3a\xff\xf6\x00\x70\x00\x3b\xff\xf6\x00\x70\x00\x3c\xff\xf6\x00\x70\x00\x3d\xff\xf6\x00\x70\x00\x3e\xff\xf6\x00\x70\x00\x3f\x00\x0a\x00\x70\x00\x40"
"\x00\x0a\x00\x70\x00\x41\xff\xd8\x00\x70\x00\x42\xff\xd8\x00\x70\x00\x43\xff\xd8\x00\x70\x00\x44\xff\xd8\x00\x70\x00\x45\xff\xd8\x00\x70\x00\x46\xff\xd8\x00\x70"
"\x00\x47\xff\xd8\x00\x70\x00\x48\xff\xd8\x00\x70\x00\x49\x00\x1e\x00\x70\x00\x4a\xff\xd8\x00\x70\x00\x4b\x00\x0a\x00\x70\x00\x54\x00\x0a\x00\x70\x00\x55\x00\x0a"
"\x00\x70\x00\x59\xff\xd8\x00\x70\x00\x5a\xff\xd8\x00\x70\x00\x5b\xff\xd8\x00\x70\x00\x5c\xff\xd8\x00\x70\x00\x5d\xff\xd8\x00\x70\x00\x5e\xff\xd8\x00\x70\x00\x5f"
"\xff\xd8\x00\x70\x00\x61\xff\xd8\x00\x70\x00\x64\x00\x0a\x00\x70\x00\x65\x00\x1e\x00\x70\x00\x73\x00\x0a\x00\x70\x00\x74\xff\xd8\x00\x70\x00\x76\xff\xd8\x00\x70"
"\x00\x92\xff\x8c\x00\x70\x00\x93\x00\x0a\x00\x70\x00\x96\xff\xaf\x00\x70\x00\xa0\xff\xa6\x00\x70\x00\xa1\xff\xa6\x00\x70\x00\xa2\xff\x69\x00\x70\x00\xa5\xff\xaf"
"\x00\x70\x00\xa8\xff\xaf\x00\x70\x00\xaa\xff\xbb\x00\x70\x00\xac\xff\xaf\x00\x70\x00\xad\xff\xaf\x00\x70\x00\xaf\xff\xaf\x00\x70\x00\xb0\xff\xaf\x00\x70\x00\xb1"
"\xff\xaf\x00\x70\x00\xb2\xff\xaf\x00\x70\x00\xb3\xff\x5e\x00\x70\x00\xd5\xff\xaf\x00\x71\x00\x01\xff\x75\x00\x71\x00\x02\xff\x75\x00\x71\x00\x03\xff\x75\x00\x71"
"\x00\x04\xff\x75\x00\x71\x00\x05\xff\x75\x00\x71\x00\x06\xff\x75\x00\x71\x00\x07\xff\x75\x00\x71\x00\x08\xff\x75\x00\x71\x00\x09\x00\x0a\x00\x71\x00\x0c\x00\x0a"
"\x00\x71\x00\x0d\x00\x0a\x00\x71\x00\x0e\x00\x0a\x00\x71\x00\x0f\x00\x0a\x00\x71\x00\x10\x00\x0a\x00\x71\x00\x11\x00\x0a\x00\x71\x00\x12\x00\x0a\x00\x71\x00\x14"
"\x00\x0a\x00\x71\x00\x15\x00\x0a\x00\x71\x00\x17\x00\x0a\x00\x71\x00\x18\x00\x0a\x00\x71\x00\x1a\xff\x80\x00\x71\x00\x1b\x00\x0a\x00\x71\x00\x1c\x00\x0a\x00\x71"
"\x00\x1d\x00\x0a\x00\x71\x00\x1e\x00\x0a\x00\x71\x00\x1f\x00\x0a\x00\x71\x00\x27\x00\x0a\x00\x71\x00\x29\x00\x0a\x00\x71\x00\x2b\xff\xbb\x00\x71\x00\x34\xff\xbb"
"\x00\x71\x00\x35\xff\xbb\x00\x71\x00\x37\xff\xf6\x00\x71\x00\x38\xff\xf6\x00\x71\x00\x39\xff\xf6\x00\x71\x00\x3a\xff\xf6\x00\x71\x00\x3b\xff\xf6\x00\x71\x00\x3c"
"\xff\xf6\x00\x71\x00\x3d\xff\xf6\x00\x71\x00\x3e\xff\xf6\x00\x71\x00\x3f\x00\x0a\x00\x71\x00\x40\x00\x0a\x00\x71\x00\x41\xff\xd8\x00\x71\x00\x42\xff\xd8\x00\x71"
"\x00\x43\xff\xd8\x00\x71\x00\x44\xff\xd8\x00\x71\x00\x45\xff\xd8\x00\x71\x00\x46\xff\xd8\x00\x71\x00\x47\xff\xd8\x00\x71\x00\x48\xff\xd8\x00\x71\x00\x49\x00\x1e"
"\x00\x71\x00\x4a\xff\xd8\x00\x71\x00\x4b\x00\x0a\x00\x71\x00\x54\x00\x0a\x00\x71\x00\x55\x00\x0a\x00\x71\x00\x59\xff\xd8\x00\x71\x00\x5a\xff\xd8\x00\x71\x00\x5b"
"\xff\xd8\x00\x71\x00\x5c\xff\xd8\x00\x71\x00\x5d\xff\xd8\x00\x71\x00\x5e\xff\xd8\x00\x71\x00\x5f\xff\xd8\x00\x71\x00\x61\xff\xd8\x00\x71\x00\x64\x00\x0a\x00\x71"
"\x00\x65\x00\x1e\x00\x71\x00\x73\x00\x0a\x00\x71\x00\x74\xff\xd8\x00\x71\x00\x76\xff\xd8\x00\x71\x00\x92\xff\x8c\x00\x71\x00\x93\x00\x0a\x00\x71\x00\x96\xff\xaf"
"\x00\x71\x00\xa0\xff\xa6\x00\x71\x00\xa1\xff\xa6\x00\x71\x00\xa2\xff\x69\x00\x71\x00\xa5\xff\xaf\x00\x71\x00\xa8\xff\xaf\x00\x71\x00\xaa\xff\xbb\x00\x71\x00\xac"
"\xff\xaf\x00\x71\x00\xad\xff\xaf\x00\x71\x00\xaf\xff\xaf\x00\x71\x00\xb0\xff\xaf\x00\x71\x00\xb1\xff\xaf\x00\x71\x00\xb2\xff\xaf\x00\x71\x00\xb3\xff\x5e\x00\x71"
"\x00\xd5\xff\xaf\x00\x72\x00\x2b\xff\xbb\x00\x72\x00\x41\xff\xe2\x00\x72\x00\x42\xff\xe2\x00\x72\x00\x43\xff\xe2\x00\x72\x00\x44\xff\xe2\x00\x72\x00\x45\xff\xe2"
"\x00\x72\x00\x46\xff\xe2\x00\x72\x00\x47\xff\xe2\x00\x72\x00\x48\xff\xe2\x00\x72\x00\x4a\xff\xe2\x00\x72\x00\x59\xff\xe2\x00\x72\x00\x5a\xff\xe2\x00\x72\x00\x5b"
"\xff\xe2\x00\x72\x00\x5c\xff\xe2\x00\x72\x00\x5d\xff\xe2\x00\x72\x00\x5e\xff\xe2\x00\x72\x00\x5f\xff\xe2\x00\x72\x00\x61\xff\xe2\x00\x72\x00\x74\xff\xe2\x00\x72"
"\x00\x76\xff\xe2\x00\x73\x00\x01\xff\xaf\x00\x73\x00\x02\xff\xaf\x00\x73\x00\x03\xff\xaf\x00\x73\x00\x04\xff\xaf\x00\x73\x00\x05\xff\xaf\x00\x73\x00\x06\xff\xaf"
"\x00\x73\x00\x07\xff\xaf\x00\x73\x00\x08\xff\xaf\x00\x73\x00\x1a\xff\xaf\x00\x73\x00\x2b\xff\x8c\x00\x73\x00\x31\xff\x98\x00\x73\x00\x36\xff\xaf\x00\x73\x00\x95"
"\xff\x98\x00\x73\x00\x9a\xff\x8c\x00\x73\x00\x9e\xff\x8c\x00\x73\x00\xa0\xff\x2f\x00\x73\x00\xa1\xff\x2f\x00\x73\x00\xa2\xff\x2f\x00\x74\x00\x01\xff\xbb\x00\x74"
"\x00\x02\xff\xbb\x00\x74\x00\x03\xff\xbb\x00\x74\x00\x04\xff\xbb\x00\x74\x00\x05\xff\xbb\x00\x74\x00\x06\xff\xbb\x00\x74\x00\x07\xff\xbb\x00\x74\x00\x08\xff\xbb"
"\x00\x74\x00\x2b\xff\x60\x00\x74\x00\x31\xff\x98\x00\x74\x00\x32\xff\x98\x00\x74\x00\x33\xff\xc6\x00\x74\x00\x34\xff\x52\x00\x74\x00\x35\xff\x52\x00\x74\x00\x37"
"\x00\x14\x00\x74\x00\x38\x00\x14\x00\x74\x00\x39\x00\x14\x00\x74\x00\x3a\x00\x14\x00\x74\x00\x3b\x00\x14\x00\x74\x00\x3c\x00\x14\x00\x74\x00\x3d\x00\x14\x00\x74"
"\x00\x3e\x00\x14\x00\x74\x00\x6c\xff\xd8\x00\x74\x00\x6d\xff\xdb\x00\x74\x00\x6e\xff\xd2\x00\x74\x00\x6f\xff\xd8\x00\x74\x00\x70\xff\xd8\x00\x74\x00\x71\xff\xd8"
"\x00\x74\x00\x72\xff\xe2\x00\x74\x00\x7b\xff\xbb\x00\x74\x00\x8a\xff\xe9\x00\x74\x00\x8c\xff\xe9\x00\x74\x00\x8e\xff\xe9\x00\x74\x00\x95\xff\x98\x00\x74\x00\x9a"
"\xff\x80\x00\x74\x00\x9b\xff\xce\x00\x74\x00\x9c\xff\xe2\x00\x74\x00\x9d\xff\xe2\x00\x74\x00\x9e\xff\x80\x00\x74\x00\x9f\xff\xce\x00\x74\x00\xb6\xff\xe9\x00\x74"
"\x00\xb9\xff\xbb\x00\x74\x00\xba\xff\xbb\x00\x75\x00\x2b\xff\xf6\x00\x75\x00\x33\xff\xec\x00\x75\x00\x4e\x00\x5d\x00\x76\x00\x01\xff\xbb\x00\x76\x00\x02\xff\xbb"
"\x00\x76\x00\x03\xff\xbb\x00\x76\x00\x04\xff\xbb\x00\x76\x00\x05\xff\xbb\x00\x76\x00\x06\xff\xbb\x00\x76\x00\x07\xff\xbb\x00\x76\x00\x08\xff\xbb\x00\x76\x00\x2b"
"\xff\x60\x00\x76\x00\x31\xff\x98\x00\x76\x00\x32\xff\x98\x00\x76\x00\x33\xff\xc6\x00\x76\x00\x34\xff\x52\x00\x76\x00\x35\xff\x52\x00\x76\x00\x37\x00\x14\x00\x76"
"\x00\x38\x00\x14\x00\x76\x00\x39\x00\x14\x00\x76\x00\x3a\x00\x14\x00\x76\x00\x3b\x00\x14\x00\x76\x00\x3c\x00\x14\x00\x76\x00\x3d\x00\x14\x00\x76\x00\x3e\x00\x14"
"\x00\x76\x00\x6c\xff\xd8\x00\x76\x00\x6d\xff\xdb\x00\x76\x00\x6e\xff\xd2\x00\x76\x00\x6f\xff\xd8\x00\x76\x00\x70\xff\xd8\x00\x76\x00\x71\xff\xd8\x00\x76\x00\x72"
"\xff\xe2\x00\x76\x00\x7b\xff\xbb\x00\x76\x00\x8a\xff\xe9\x00\x76\x00\x8c\xff\xe9\x00\x76\x00\x8e\xff\xe9\x00\x76\x00\x95\xff\x98\x00\x76\x00\x9a\xff\x80\x00\x76"
"\x00\x9b\xff\xce\x00\x76\x00\x9c\xff\xe2\x00\x76\x00\x9d\xff\xe2\x00\x76\x00\x9e\xff\x80\x00\x76\x00\x9f\xff\xce\x00\x76\x00\xb6\xff\xe9\x00\x76\x00\xb9\xff\xbb"
"\x00\x76\x00\xba\xff\xbb\x00\x77\x00\x4c\x00\x45\x00\x77\x00\x4f\x00\x45\x00\x77\x00\x50\x00\x45\x00\x77\x00\x51\x00\x45\x00\x7a\x00\x31\xff\xec\x00\x7a\x00\x33"
"\xff\xba\x00\x7a\x00\x34\xff\xbb\x00\x7a\x00\x35\xff\xbb\x00\x7a\x00\x65\x00\x1e\x00\x7a\x00\x81\xff\xd8\x00\x7a\x00\x95\xff\xec\x00\x7a\x00\x9a\xff\xa3\x00\x7a"
"\x00\x9e\xff\xa3\x00\x7a\x00\xa0\xff\xcc\x00\x7a\x00\xa1\xff\xcc\x00\x7a\x00\xa2\xff\xcc\x00\x7a\x00\xb3\xff\xa3\x00\x7b\x00\x4e\x00\x78\x00\x7b\x00\x65\x00\x1e"
"\x00\x7b\x00\x6c\x00\x0a\x00\x7b\x00\x6f\x00\x0a\x00\x7b\x00\x70\x00\x0a\x00\x7b\x00\x71\x00\x0a\x00\x7b\x00\xd9\x00\x45\x00\x7c\x00\x7e\xff\xe0\x00\x7d\x00\x33"
"\xff\xd8\x00\x7d\x00\xa0\xff\xd2\x00\x7d\x00\xa1\xff\xd2\x00\x7d\x00\xa2\xff\xd2\x00\x7d\x00\xa8\xff\xbb\x00\x7d\x00\xb4\xff\xe2\x00\x7d\x00\xb5\xff\xe2\x00\x7d"
"\x00\xb8\xff\xe2\x00\x7e\x00\x7b\xff\xd8\x00\x7e\x00\xa0\xff\xbb\x00\x7e\x00\xa1\xff\xbb\x00\x7e\x00\xa2\xff\xbb\x00\x7e\x00\xb4\xff\xd8\x00\x7e\x00\xb5\xff\xd8"
"\x00\x7e\x00\xb6\xff\xf5\x00\x7e\x00\xb8\xff\xd8\x00\x7e\x00\xbb\xff\xb0\x00\x7f\x00\xa0\xff\xc9\x00\x7f\x00\xa1\xff\xc9\x00\x7f\x00\xa2\xff\xc9\x00\x7f\x00\xb6"
"\xff\xf5\x00\x80\x00\xa0\xff\xbb\x00\x80\x00\xa1\xff\xbb\x00\x80\x00\xa2\xff\xbb\x00\x80\x00\xb3\xff\xa3\x00\x81\x00\x01\xff\x23\x00\x81\x00\x02\xff\x23\x00\x81"
"\x00\x03\xff\x23\x00\x81\x00\x04\xff\x23\x00\x81\x00\x05\xff\x23\x00\x81\x00\x06\xff\x23\x00\x81\x00\x07\xff\x23\x00\x81\x00\x08\xff\x23\x00\x81\x00\x1a\xff\x3b"
"\x00\x81\x00\x37\xff\xa3\x00\x81\x00\x38\xff\xa3\x00\x81\x00\x39\xff\xa3\x00\x81\x00\x3a\xff\xa3\x00\x81\x00\x3b\xff\xa3\x00\x81\x00\x3c\xff\xa3\x00\x81\x00\x3d"
"\xff\xa3\x00\x81\x00\x3e\xff\xa3\x00\x81\x00\x41\xff\x98\x00\x81\x00\x42\xff\x98\x00\x81\x00\x43\xff\x98\x00\x81\x00\x44\xff\x98\x00\x81\x00\x45\xff\x98\x00\x81"
"\x00\x46\xff\x98\x00\x81\x00\x47\xff\x98\x00\x81\x00\x48\xff\x98\x00\x81\x00\x4a\xff\x98\x00\x81\x00\x4e\x00\xba\x00\x81\x00\x56\xff\x98\x00\x81\x00\x57\xff\x98"
"\x00\x81\x00\x58\xff\x98\x00\x81\x00\x59\xff\x98\x00\x81\x00\x5a\xff\x98\x00\x81\x00\x5b\xff\x98\x00\x81\x00\x5c\xff\x98\x00\x81\x00\x5d\xff\x98\x00\x81\x00\x5e"
"\xff\x98\x00\x81\x00\x5f\xff\x98\x00\x81\x00\x60\xff\x98\x00\x81\x00\x61\xff\x98\x00\x81\x00\x62\xff\x98\x00\x81\x00\x63\xff\xaf\x00\x81\x00\x74\xff\x98\x00\x81"
"\x00\x76\xff\x98\x00\x81\x00\x7a\xff\xe0\x00\x81\x00\x7d\xff\xde\x00\x81\x00\x7e\xff\x89\x00\x81\x00\x7f\xff\xec\x00\x81\x00\x80\xff\xe0\x00\x81\x00\x81\x00\x28"
"\x00\x81\x00\x82\xff\xe3\x00\x81\x00\x83\xff\xec\x00\x81\x00\x84\xff\xa3\x00\x81\x00\x90\xff\x8c\x00\x81\x00\xa0\xff\x00\x00\x81\x00\xa1\xff\x00\x00\x81\x00\xa2"
"\xff\x00\x00\x81\x00\xa3\xff\xbb\x00\x81\x00\xa4\xff\xbb\x00\x81\x00\xa8\xff\x80\x00\x81\x00\xaa\xff\x46\x00\x81\x00\xb3\xfe\xbb\x00\x82\x00\x33\xff\xd8\x00\x82"
"\x00\xa0\xff\xd2\x00\x82\x00\xa1\xff\xd2\x00\x82\x00\xa2\xff\xd2\x00\x82\x00\xa8\xff\xbb\x00\x82\x00\xb4\xff\xe2\x00\x82\x00\xb5\xff\xe2\x00\x82\x00\xb8\xff\xe2"
"\x00\x83\x00\x31\xff\xec\x00\x83\x00\x33\xff\xba\x00\x83\x00\x34\xff\xbb\x00\x83\x00\x35\xff\xbb\x00\x83\x00\x65\x00\x1e\x00\x83\x00\x81\xff\xd8\x00\x83\x00\x95"
"\xff\xec\x00\x83\x00\x9a\xff\xa3\x00\x83\x00\x9e\xff\xa3\x00\x83\x00\xa0\xff\xcc\x00\x83\x00\xa1\xff\xcc\x00\x83\x00\xa2\xff\xcc\x00\x83\x00\xb3\xff\xa3\x00\x84"
"\x00\x2b\xff\x8c\x00\x84\x00\x31\xff\x80\x00\x84\x00\x32\xff\xaf\x00\x84\x00\x34\xff\x69\x00\x84\x00\x35\xff\x69\x00\x84\x00\x6c\xff\xbb\x00\x84\x00\x6d\xff\xbb"
"\x00\x84\x00\x6f\xff\xbb\x00\x84\x00\x70\xff\xbb\x00\x84\x00\x71\xff\xbb\x00\x84\x00\x95\xff\x80\x00\x84\x00\x9a\xff\x46\x00\x84\x00\x9c\xff\xbb\x00\x84\x00\x9d"
"\xff\xbb\x00\x84\x00\x9e\xff\x46\x00\x84\x00\xb6\xff\xd2\x00\x84\x00\xb9\xff\xaf\x00\x84\x00\xba\xff\xaf\x00\x86\x00\x2b\xff\x75\x00\x86\x00\x31\xff\xbb\x00\x86"
"\x00\x34\xff\x75\x00\x86\x00\x35\xff\x75\x00\x86\x00\x95\xff\xbb\x00\x86\x00\x9a\xff\xbb\x00\x86\x00\x9e\xff\xbb\x00\x87\x00\x01\xff\x80\x00\x87\x00\x02\xff\x80"
"\x00\x87\x00\x03\xff\x80\x00\x87\x00\x04\xff\x80\x00\x87\x00\x05\xff\x80\x00\x87\x00\x06\xff\x80\x00\x87\x00\x07\xff\x80\x00\x87\x00\x08\xff\x80\x00\x88\x00\x2b"
"\xff\x75\x00\x88\x00\x31\xff\x60\x00\x88\x00\x32\xff\x6a\x00\x88\x00\x95\xff\x60\x00\x88\x00\x9a\xff\x80\x00\x88\x00\x9b\xff\xbb\x00\x88\x00\x9e\xff\x80\x00\x88"
"\x00\x9f\xff\xbb\x00\x89\x00\x41\xff\xe9\x00\x89\x00\x42\xff\xe9\x00\x89\x00\x43\xff\xe9\x00\x89\x00\x44\xff\xe9\x00\x89\x00\x45\xff\xe9\x00\x89\x00\x46\xff\xe9"
"\x00\x89\x00\x47\xff\xe9\x00\x89\x00\x48\xff\xe9\x00\x89\x00\x4a\xff\xe9\x00\x89\x00\x53\x00\x3a\x00\x89\x00\x59\xff\xe9\x00\x89\x00\x5a\xff\xe9\x00\x89\x00\x5b"
"\xff\xe9\x00\x89\x00\x5c\xff\xe9\x00\x89\x00\x5d\xff\xe9\x00\x89\x00\x5e\xff\xe9\x00\x89\x00\x5f\xff\xe9\x00\x89\x00\x61\xff\xe9\x00\x89\x00\x74\xff\xe9\x00\x89"
"\x00\x76\xff\xe9\x00\x8a\x00\x9a\xff\xbb\x00\x8a\x00\x9e\xff\xbb\x00\x8b\x00\x41\xff\xe9\x00\x8b\x00\x42\xff\xe9\x00\x8b\x00\x43\xff\xe9\x00\x8b\x00\x44\xff\xe9"
"\x00\x8b\x00\x45\xff\xe9\x00\x8b\x00\x46\xff\xe9\x00\x8b\x00\x47\xff\xe9\x00\x8b\x00\x48\xff\xe9\x00\x8b\x00\x4a\xff\xe9\x00\x8b\x00\x53\x00\x3a\x00\x8b\x00\x59"
"\xff\xe9\x00\x8b\x00\x5a\xff\xe9\x00\x8b\x00\x5b\xff\xe9\x00\x8b\x00\x5c\xff\xe9\x00\x8b\x00\x5d\xff\xe9\x00\x8b\x00\x5e\xff\xe9\x00\x8b\x00\x5f\xff\xe9\x00\x8b"
"\x00\x61\xff\xe9\x00\x8b\x00\x74\xff\xe9\x00\x8b\x00\x76\xff\xe9\x00\x8c\x00\x9a\xff\xbb\x00\x8c\x00\x9e\xff\xbb\x00\x8d\x00\x41\xff\xe9\x00\x8d\x00\x42\xff\xe9"
"\x00\x8d\x00\x43\xff\xe9\x00\x8d\x00\x44\xff\xe9\x00\x8d\x00\x45\xff\xe9\x00\x8d\x00\x46\xff\xe9\x00\x8d\x00\x47\xff\xe9\x00\x8d\x00\x48\xff\xe9\x00\x8d\x00\x4a"
"\xff\xe9\x00\x8d\x00\x53\x00\x3a\x00\x8d\x00\x59\xff\xe9\x00\x8d\x00\x5a\xff\xe9\x00\x8d\x00\x5b\xff\xe9\x00\x8d\x00\x5c\xff\xe9\x00\x8d\x00\x5d\xff\xe9\x00\x8d"
"\x00\x5e\xff\xe9\x00\x8d\x00\x5f\xff\xe9\x00\x8d\x00\x61\xff\xe9\x00\x8d\x00\x74\xff\xe9\x00\x8d\x00\x76\xff\xe9\x00\x8e\x00\x9a\xff\xbb\x00\x8e\x00\x9e\xff\xbb"
"\x00\x8f\x00\x01\xff\xba\x00\x8f\x00\x02\xff\xba\x00\x8f\x00\x03\xff\xba\x00\x8f\x00\x04\xff\xba\x00\x8f\x00\x05\xff\xba\x00\x8f\x00\x06\xff\xba\x00\x8f\x00\x07"
"\xff\xba\x00\x8f\x00\x08\xff\xba\x00\x8f\x00\x2b\xff\xc3\x00\x8f\x00\x31\xff\xbb\x00\x8f\x00\x33\xff\xba\x00\x8f\x00\x34\xff\xbb\x00\x8f\x00\x35\xff\xbb\x00\x8f"
"\x00\x92\xff\xaf\x00\x8f\x00\x95\xff\xbb\x00\x8f\x00\x9a\xff\xbb\x00\x8f\x00\x9e\xff\xbb\x00\x8f\x00\xa0\xff\xa6\x00\x8f\x00\xa1\xff\xa6\x00\x8f\x00\xa2\xff\xa6"
"\x00\x8f\x00\xb3\xff\xaf\x00\x8f\x00\xb6\xff\xf5\x00\x92\x00\x01\xff\xce\x00\x92\x00\x02\xff\xce\x00\x92\x00\x03\xff\xce\x00\x92\x00\x04\xff\xce\x00\x92\x00\x05"
"\xff\xce\x00\x92\x00\x06\xff\xce\x00\x92\x00\x07\xff\xce\x00\x92\x00\x08\xff\xce\x00\x92\x00\x1a\xff\x80\x00\x92\x00\xa0\xff\xaf\x00\x92\x00\xa1\xff\xaf\x00\x92"
"\x00\xa2\xff\xaf\x00\x93\x00\x4e\x00\x78\x00\x93\x00\x65\x00\x1e\x00\x93\x00\x6c\x00\x0a\x00\x93\x00\x6f\x00\x0a\x00\x93\x00\x70\x00\x0a\x00\x93\x00\x71\x00\x0a"
"\x00\x93\x00\xd9\x00\x45\x00\x95\x00\x01\x00\x1e\x00\x95\x00\x02\x00\x1e\x00\x95\x00\x03\x00\x1e\x00\x95\x00\x04\x00\x1e\x00\x95\x00\x05\x00\x1e\x00\x95\x00\x06"
"\x00\x1e\x00\x95\x00\x07\x00\x1e\x00\x95\x00\x08\x00\x1e\x00\x95\x00\x0a\xff\xba\x00\x95\x00\x0b\xff\xba\x00\x95\x00\x13\xff\xba\x00\x95\x00\x20\xff\xba\x00\x95"
"\x00\x21\xff\xba\x00\x95\x00\x22\xff\xba\x00\x95\x00\x23\xff\xba\x00\x95\x00\x24\xff\xba\x00\x95\x00\x25\xff\xba\x00\x95\x00\x26\xff\xba\x00\x95\x00\x28\xff\xba"
"\x00\x95\x00\x2b\xff\xaf\x00\x95\x00\x2c\xff\xd8\x00\x95\x00\x2d\xff\xd8\x00\x95\x00\x2e\xff\xd8\x00\x95\x00\x2f\xff\xd8\x00\x95\x00\x30\xff\xd8\x00\x95\x00\x31"
"\xff\x9c\x00\x95\x00\x32\xff\x8c\x00\x95\x00\x34\xff\x69\x00\x95\x00\x35\xff\x69\x00\x95\x00\x4c\x00\x0b\x00\x95\x00\x4f\x00\x0b\x00\x95\x00\x50\x00\x0b\x00\x95"
"\x00\x51\x00\x0b\x00\x95\x00\x65\xff\xd8\x00\x95\x00\x6c\xff\x98\x00\x95\x00\x6d\xff\x75\x00\x95\x00\x6f\xff\x98\x00\x95\x00\x70\xff\x98\x00\x95\x00\x71\xff\x98"
"\x00\x95\x00\x7b\xff\xbb\x00\x95\x00\x87\xff\x80\x00\x95\x00\x8f\xff\xba\x00\x95\x00\x92\x00\x28\x00\x95\x00\x95\xff\x9c\x00\x95\x00\x96\xff\xbb\x00\x95\x00\x99"
"\xff\xbb\x00\x95\x00\x9a\xff\xa9\x00\x95\x00\x9b\xff\x8c\x00\x95\x00\x9c\xff\x5e\x00\x95\x00\x9d\xff\x5e\x00\x95\x00\x9e\xff\xa9\x00\x95\x00\x9f\xff\x8c\x00\x95"
"\x00\xa5\xff\xbb\x00\x95\x00\xa8\xff\xbb\x00\x95\x00\xa9\xff\xbb\x00\x95\x00\xac\xff\x98\x00\x95\x00\xad\xff\xbb\x00\x95\x00\xae\xff\xbb\x00\x95\x00\xaf\xff\xbb"
"\x00\x95\x00\xb0\xff\x98\x00\x95\x00\xb1\xff\xbb\x00\x95\x00\xb2\xff\xbb\x00\x95\x00\xb4\xff\x5e\x00\x95\x00\xb5\xff\x5e\x00\x95\x00\xb6\xff\x6f\x00\x95\x00\xb7"
"\xff\xba\x00\x95\x00\xb8\xff\x5e\x00\x95\x00\xb9\xff\x69\x00\x95\x00\xba\xff\x69\x00\x95\x00\xbb\xff\x9c\x00\x95\x00\xd5\xff\xbb\x00\x96\x00\x01\xff\xbb\x00\x96"
"\x00\x02\xff\xbb\x00\x96\x00\x03\xff\xbb\x00\x96\x00\x04\xff\xbb\x00\x96\x00\x05\xff\xbb\x00\x96\x00\x06\xff\xbb\x00\x96\x00\x07\xff\xbb\x00\x96\x00\x08\xff\xbb"
"\x00\x96\x00\x1a\xff\xa3\x00\x96\x00\x2b\xff\x69\x00\x96\x00\x31\xff\x98\x00\x96\x00\x32\xff\x98\x00\x96\x00\x33\xff\xba\x00\x96\x00\x34\xff\x5e\x00\x96\x00\x35"
"\xff\x5e\x00\x96\x00\x6e\xff\xd2\x00\x96\x00\x7c\xff\xbb\x00\x96\x00\x7d\xff\xe9\x00\x96\x00\x81\xff\xd2\x00\x96\x00\x95\xff\x98\x00\x96\x00\x9a\xff\x80\x00\x96"
"\x00\x9e\xff\x80\x00\x96\x00\xbb\xff\xde\x00\x99\x00\x01\xff\xbb\x00\x99\x00\x02\xff\xbb\x00\x99\x00\x03\xff\xbb\x00\x99\x00\x04\xff\xbb\x00\x99\x00\x05\xff\xbb"
"\x00\x99\x00\x06\xff\xbb\x00\x99\x00\x07\xff\xbb\x00\x99\x00\x08\xff\xbb\x00\x99\x00\x2b\xff\xbb\x00\x99\x00\x31\xff\xaf\x00\x99\x00\x33\xff\xa3\x00\x99\x00\x34"
"\xff\xa3\x00\x99\x00\x35\xff\xa3\x00\x99\x00\x95\xff\xaf\x00\x9a\x00\x01\xff\x3b\x00\x9a\x00\x02\xff\x3b\x00\x9a\x00\x03\xff\x3b\x00\x9a\x00\x04\xff\x3b\x00\x9a"
"\x00\x05\xff\x3b\x00\x9a\x00\x06\xff\x3b\x00\x9a\x00\x07\xff\x3b\x00\x9a\x00\x08\xff\x3b\x00\x9a\x00\x1a\xfe\xd2\x00\x9a\x00\x41\xff\xb0\x00\x9a\x00\x42\xff\xb0"
"\x00\x9a\x00\x43\xff\xb0\x00\x9a\x00\x44\xff\xb0\x00\x9a\x00\x45\xff\xb0\x00\x9a\x00\x46\xff\xb0\x00\x9a\x00\x47\xff\xb0\x00\x9a\x00\x48\xff\xb0\x00\x9a\x00\x4a"
"\xff\xb0\x00\x9a\x00\x59\xff\xb0\x00\x9a\x00\x5a\xff\xb0\x00\x9a\x00\x5b\xff\xb0\x00\x9a\x00\x5c\xff\xb0\x00\x9a\x00\x5d\xff\xb0\x00\x9a\x00\x5e\xff\xb0\x00\x9a"
"\x00\x5f\xff\xb0\x00\x9a\x00\x61\xff\xb0\x00\x9a\x00\x63\xff\xd8\x00\x9a\x00\x74\xff\xb0\x00\x9a\x00\x76\xff\xb0\x00\x9a\x00\x7e\xff\x80\x00\x9a\x00\x84\xff\x80"
"\x00\x9a\x00\x88\xff\x80\x00\x9a\x00\x92\xff\x3b\x00\x9a\x00\xa0\xff\x52\x00\x9a\x00\xa1\xff\x52\x00\x9a\x00\xa2\xff\x52\x00\x9b\x00\x01\xfe\xe8\x00\x9b\x00\x02"
"\xfe\xe8\x00\x9b\x00\x03\xfe\xe8\x00\x9b\x00\x04\xfe\xe8\x00\x9b\x00\x05\xfe\xe8\x00\x9b\x00\x06\xfe\xe8\x00\x9b\x00\x07\xfe\xe8\x00\x9b\x00\x08\xfe\xe8\x00\x9b"
"\x00\x0a\xff\x8c\x00\x9b\x00\x0b\xff\x8c\x00\x9b\x00\x13\xff\x8c\x00\x9b\x00\x1a\xff\x00\x00\x9b\x00\x20\xff\x8c\x00\x9b\x00\x21\xff\x8c\x00\x9b\x00\x22\xff\x8c"
"\x00\x9b\x00\x23\xff\x8c\x00\x9b\x00\x24\xff\x8c\x00\x9b\x00\x25\xff\x8c\x00\x9b\x00\x26\xff\x8c\x00\x9b\x00\x28\xff\x8c\x00\x9b\x00\x37\xff\x8c\x00\x9b\x00\x38"
"\xff\x8c\x00\x9b\x00\x39\xff\x8c\x00\x9b\x00\x3a\xff\x8c\x00\x9b\x00\x3b\xff\x8c\x00\x9b\x00\x3c\xff\x8c\x00\x9b\x00\x3d\xff\x8c\x00\x9b\x00\x3e\xff\x8c\x00\x9b"
"\x00\x41\xff\x80\x00\x9b\x00\x42\xff\x80\x00\x9b\x00\x43\xff\x80\x00\x9b\x00\x44\xff\x80\x00\x9b\x00\x45\xff\x80\x00\x9b\x00\x46\xff\x80\x00\x9b\x00\x47\xff\x80"
"\x00\x9b\x00\x48\xff\x80\x00\x9b\x00\x4a\xff\x80\x00\x9b\x00\x56\xff\xd5\x00\x9b\x00\x57\xff\xd5\x00\x9b\x00\x58\xff\xd5\x00\x9b\x00\x59\xff\x80\x00\x9b\x00\x5a"
"\xff\x80\x00\x9b\x00\x5b\xff\x80\x00\x9b\x00\x5c\xff\x80\x00\x9b\x00\x5d\xff\x80\x00\x9b\x00\x5e\xff\x80\x00\x9b\x00\x5f\xff\x80\x00\x9b\x00\x60\xff\xd5\x00\x9b"
"\x00\x61\xff\x80\x00\x9b\x00\x62\xff\xd5\x00\x9b\x00\x63\xff\x63\x00\x9b\x00\x65\x00\x1d\x00\x9b\x00\x66\xff\xaf\x00\x9b\x00\x67\xff\xaf\x00\x9b\x00\x68\xff\xa3"
"\x00\x9b\x00\x69\xff\xaf\x00\x9b\x00\x6a\xff\xaf\x00\x9b\x00\x6b\xff\xaf\x00\x9b\x00\x6c\x00\x1d\x00\x9b\x00\x6f\x00\x1d\x00\x9b\x00\x70\x00\x1d\x00\x9b\x00\x71"
"\x00\x1d\x00\x9b\x00\x74\xff\x80\x00\x9b\x00\x76\xff\x80\x00\x9b\x00\x7a\xff\xa3\x00\x9b\x00\x7e\xff\x3b\x00\x9b\x00\x80\xff\xa3\x00\x9b\x00\x81\xff\x80\x00\x9b"
"\x00\x82\xff\xaf\x00\x9b\x00\x84\xff\x75\x00\x9b\x00\x88\xff\x75\x00\x9b\x00\x8f\xff\x8c\x00\x9b\x00\x90\xff\x00\x00\x9b\x00\x92\xfe\xde\x00\x9b\x00\x96\xff\x80"
"\x00\x9b\x00\xa0\xff\x35\x00\x9b\x00\xa1\xff\x35\x00\x9b\x00\xa2\xff\x35\x00\x9b\x00\xa3\xff\x8c\x00\x9b\x00\xa4\xff\x8c\x00\x9b\x00\xa5\xff\x80\x00\x9b\x00\xa8"
"\xff\x52\x00\x9b\x00\xaa\xff\x3b\x00\x9b\x00\xac\xff\x8c\x00\x9b\x00\xad\xff\x80\x00\x9b\x00\xaf\xff\x80\x00\x9b\x00\xb0\xff\x8c\x00\x9b\x00\xb1\xff\xa3\x00\x9b"
"\x00\xb2\xff\x80\x00\x9b\x00\xb3\xff\xaf\x00\x9b\x00\xb7\xff\x8c\x00\x9b\x00\xbb\xff\xe9\x00\x9b\x00\xd5\xff\x80\x00\x9c\x00\x01\xff\x5e\x00\x9c\x00\x02\xff\x5e"
"\x00\x9c\x00\x03\xff\x5e\x00\x9c\x00\x04\xff\x5e\x00\x9c\x00\x05\xff\x5e\x00\x9c\x00\x06\xff\x5e\x00\x9c\x00\x07\xff\x5e\x00\x9c\x00\x08\xff\x5e\x00\x9c\x00\x1a"
"\xfe\xaf\x00\x9c\x00\x41\xff\xe2\x00\x9c\x00\x42\xff\xe2\x00\x9c\x00\x43\xff\xe2\x00\x9c\x00\x44\xff\xe2\x00\x9c\x00\x45\xff\xe2\x00\x9c\x00\x46\xff\xe2\x00\x9c"
"\x00\x47\xff\xe2\x00\x9c\x00\x48\xff\xe2\x00\x9c\x00\x4a\xff\xe2\x00\x9c\x00\x59\xff\xe2\x00\x9c\x00\x5a\xff\xe2\x00\x9c\x00\x5b\xff\xe2\x00\x9c\x00\x5c\xff\xe2"
"\x00\x9c\x00\x5d\xff\xe2\x00\x9c\x00\x5e\xff\xe2\x00\x9c\x00\x5f\xff\xe2\x00\x9c\x00\x61\xff\xe2\x00\x9c\x00\x74\xff\xe2\x00\x9c\x00\x76\xff\xe2\x00\x9c\x00\x7e"
"\xff\x80\x00\x9c\x00\x84\xff\xbb\x00\x9c\x00\xa0\xff\x58\x00\x9c\x00\xa1\xff\x58\x00\x9c\x00\xa2\xff\x58\x00\x9d\x00\x01\xff\x5e\x00\x9d\x00\x02\xff\x5e\x00\x9d"
"\x00\x03\xff\x5e\x00\x9d\x00\x04\xff\x5e\x00\x9d\x00\x05\xff\x5e\x00\x9d\x00\x06\xff\x5e\x00\x9d\x00\x07\xff\x5e\x00\x9d\x00\x08\xff\x5e\x00\x9d\x00\x1a\xfe\xaf"
"\x00\x9d\x00\x41\xff\xe2\x00\x9d\x00\x42\xff\xe2\x00\x9d\x00\x43\xff\xe2\x00\x9d\x00\x44\xff\xe2\x00\x9d\x00\x45\xff\xe2\x00\x9d\x00\x46\xff\xe2\x00\x9d\x00\x47"
"\xff\xe2\x00\x9d\x00\x48\xff\xe2\x00\x9d\x00\x4a\xff\xe2\x00\x9d\x00\x59\xff\xe2\x00\x9d\x00\x5a\xff\xe2\x00\x9d\x00\x5b\xff\xe2\x00\x9d\x00\x5c\xff\xe2\x00\x9d"
"\x00\x5d\xff\xe2\x00\x9d\x00\x5e\xff\xe2\x00\x9d\x00\x5f\xff\xe2\x00\x9d\x00\x61\xff\xe2\x00\x9d\x00\x74\xff\xe2\x00\x9d\x00\x76\xff\xe2\x00\x9d\x00\x7e\xff\x80"
"\x00\x9d\x00\x84\xff\xbb\x00\x9d\x00\xa0\xff\x58\x00\x9d\x00\xa1\xff\x58\x00\x9d\x00\xa2\xff\x58\x00\x9e\x00\x01\xff\x3b\x00\x9e\x00\x02\xff\x3b\x00\x9e\x00\x03"
"\xff\x3b\x00\x9e\x00\x04\xff\x3b\x00\x9e\x00\x05\xff\x3b\x00\x9e\x00\x06\xff\x3b\x00\x9e\x00\x07\xff\x3b\x00\x9e\x00\x08\xff\x3b\x00\x9e\x00\x1a\xfe\xd2\x00\x9e"
"\x00\x41\xff\xb0\x00\x9e\x00\x42\xff\xb0\x00\x9e\x00\x43\xff\xb0\x00\x9e\x00\x44\xff\xb0\x00\x9e\x00\x45\xff\xb0\x00\x9e\x00\x46\xff\xb0\x00\x9e\x00\x47\xff\xb0"
"\x00\x9e\x00\x48\xff\xb0\x00\x9e\x00\x4a\xff\xb0\x00\x9e\x00\x59\xff\xb0\x00\x9e\x00\x5a\xff\xb0\x00\x9e\x00\x5b\xff\xb0\x00\x9e\x00\x5c\xff\xb0\x00\x9e\x00\x5d"
"\xff\xb0\x00\x9e\x00\x5e\xff\xb0\x00\x9e\x00\x5f\xff\xb0\x00\x9e\x00\x61\xff\xb0\x00\x9e\x00\x63\xff\xd8\x00\x9e\x00\x74\xff\xb0\x00\x9e\x00\x76\xff\xb0\x00\x9e"
"\x00\x7e\xff\x80\x00\x9e\x00\x84\xff\x80\x00\x9e\x00\x88\xff\x80\x00\x9e\x00\x92\xff\x3b\x00\x9e\x00\xa0\xff\x52\x00\x9e\x00\xa1\xff\x52\x00\x9e\x00\xa2\xff\x52"
"\x00\x9f\x00\x01\xfe\xe8\x00\x9f\x00\x02\xfe\xe8\x00\x9f\x00\x03\xfe\xe8\x00\x9f\x00\x04\xfe\xe8\x00\x9f\x00\x05\xfe\xe8\x00\x9f\x00\x06\xfe\xe8\x00\x9f\x00\x07"
"\xfe\xe8\x00\x9f\x00\x08\xfe\xe8\x00\x9f\x00\x0a\xff\x8c\x00\x9f\x00\x0b\xff\x8c\x00\x9f\x00\x13\xff\x8c\x00\x9f\x00\x1a\xff\x00\x00\x9f\x00\x20\xff\x8c\x00\x9f"
"\x00\x21\xff\x8c\x00\x9f\x00\x22\xff\x8c\x00\x9f\x00\x23\xff\x8c\x00\x9f\x00\x24\xff\x8c\x00\x9f\x00\x25\xff\x8c\x00\x9f\x00\x26\xff\x8c\x00\x9f\x00\x28\xff\x8c"
"\x00\x9f\x00\x37\xff\x8c\x00\x9f\x00\x38\xff\x8c\x00\x9f\x00\x39\xff\x8c\x00\x9f\x00\x3a\xff\x8c\x00\x9f\x00\x3b\xff\x8c\x00\x9f\x00\x3c\xff\x8c\x00\x9f\x00\x3d"
"\xff\x8c\x00\x9f\x00\x3e\xff\x8c\x00\x9f\x00\x41\xff\x80\x00\x9f\x00\x42\xff\x80\x00\x9f\x00\x43\xff\x80\x00\x9f\x00\x44\xff\x80\x00\x9f\x00\x45\xff\x80\x00\x9f"
"\x00\x46\xff\x80\x00\x9f\x00\x47\xff\x80\x00\x9f\x00\x48\xff\x80\x00\x9f\x00\x4a\xff\x80\x00\x9f\x00\x56\xff\xd5\x00\x9f\x00\x57\xff\xd5\x00\x9f\x00\x58\xff\xd5"
"\x00\x9f\x00\x59\xff\x80\x00\x9f\x00\x5a\xff\x80\x00\x9f\x00\x5b\xff\x80\x00\x9f\x00\x5c\xff\x80\x00\x9f\x00\x5d\xff\x80\x00\x9f\x00\x5e\xff\x80\x00\x9f\x00\x5f"
"\xff\x80\x00\x9f\x00\x60\xff\xd5\x00\x9f\x00\x61\xff\x80\x00\x9f\x00\x62\xff\xd5\x00\x9f\x00\x63\xff\x63\x00\x9f\x00\x65\x00\x1d\x00\x9f\x00\x66\xff\xaf\x00\x9f"
"\x00\x67\xff\xaf\x00\x9f\x00\x68\xff\xa3\x00\x9f\x00\x69\xff\xaf\x00\x9f\x00\x6a\xff\xaf\x00\x9f\x00\x6b\xff\xaf\x00\x9f\x00\x6c\x00\x1d\x00\x9f\x00\x6f\x00\x1d"
"\x00\x9f\x00\x70\x00\x1d\x00\x9f\x00\x71\x00\x1d\x00\x9f\x00\x74\xff\x80\x00\x9f\x00\x76\xff\x80\x00\x9f\x00\x7a\xff\xa3\x00\x9f\x00\x7e\xff\x3b\x00\x9f\x00\x80"
"\xff\xa3\x00\x9f\x00\x81\xff\x80\x00\x9f\x00\x82\xff\xaf\x00\x9f\x00\x84\xff\x75\x00\x9f\x00\x88\xff\x75\x00\x9f\x00\x8f\xff\x8c\x00\x9f\x00\x90\xff\x00\x00\x9f"
"\x00\x92\xfe\xde\x00\x9f\x00\x96\xff\x80\x00\x9f\x00\xa0\xff\x35\x00\x9f\x00\xa1\xff\x35\x00\x9f\x00\xa2\xff\x35\x00\x9f\x00\xa3\xff\x8c\x00\x9f\x00\xa4\xff\x8c"
"\x00\x9f\x00\xa5\xff\x80\x00\x9f\x00\xa8\xff\x52\x00\x9f\x00\xaa\xff\x3b\x00\x9f\x00\xac\xff\x8c\x00\x9f\x00\xad\xff\x80\x00\x9f\x00\xaf\xff\x80\x00\x9f\x00\xb0"
"\xff\x8c\x00\x9f\x00\xb1\xff\xa3\x00\x9f\x00\xb2\xff\x80\x00\x9f\x00\xb3\xff\xaf\x00\x9f\x00\xb7\xff\x8c\x00\x9f\x00\xbb\xff\xe9\x00\x9f\x00\xd5\xff\x80\x00\xa0"
"\x00\x0a\xff\xa6\x00\xa0\x00\x0b\xff\xa6\x00\xa0\x00\x13\xff\xa6\x00\xa0\x00\x20\xff\xa6\x00\xa0\x00\x21\xff\xa6\x00\xa0\x00\x22\xff\xa6\x00\xa0\x00\x23\xff\xa6"
"\x00\xa0\x00\x24\xff\xa6\x00\xa0\x00\x25\xff\xa6\x00\xa0\x00\x26\xff\xa6\x00\xa0\x00\x28\xff\xa6\x00\xa0\x00\x2b\xff\xbb\x00\xa0\x00\x34\xff\xbb\x00\xa0\x00\x35"
"\xff\xbb\x00\xa0\x00\x7a\xff\xcc\x00\xa0\x00\x7b\xff\x4f\x00\xa0\x00\x7d\xff\xc9\x00\xa0\x00\x7f\xff\xe3\x00\xa0\x00\x80\xff\xcc\x00\xa0\x00\x81\xff\xe3\x00\xa0"
"\x00\x82\xff\xd2\x00\xa0\x00\x83\xff\xf2\x00\xa0\x00\x87\xff\x4c\x00\xa0\x00\x8f\xff\xa6\x00\xa0\x00\x9b\xff\x8c\x00\xa0\x00\x9c\xff\x58\x00\xa0\x00\x9d\xff\x58"
"\x00\xa0\x00\x9f\xff\x8c\x00\xa0\x00\xb7\xff\xa6\x00\xa0\x00\xbb\xff\x98\x00\xa1\x00\x0a\xff\xa6\x00\xa1\x00\x0b\xff\xa6\x00\xa1\x00\x13\xff\xa6\x00\xa1\x00\x20"
"\xff\xa6\x00\xa1\x00\x21\xff\xa6\x00\xa1\x00\x22\xff\xa6\x00\xa1\x00\x23\xff\xa6\x00\xa1\x00\x24\xff\xa6\x00\xa1\x00\x25\xff\xa6\x00\xa1\x00\x26\xff\xa6\x00\xa1"
"\x00\x28\xff\xa6\x00\xa1\x00\x2b\xff\xbb\x00\xa1\x00\x34\xff\xbb\x00\xa1\x00\x35\xff\xbb\x00\xa1\x00\x7a\xff\xcc\x00\xa1\x00\x7b\xff\x4f\x00\xa1\x00\x7d\xff\xc9"
"\x00\xa1\x00\x7f\xff\xe3\x00\xa1\x00\x80\xff\xcc\x00\xa1\x00\x81\xff\xe3\x00\xa1\x00\x82\xff\xd2\x00\xa1\x00\x83\xff\xf2\x00\xa1\x00\x87\xff\x4c\x00\xa1\x00\x8f"
"\xff\xa6\x00\xa1\x00\x9b\xff\x8c\x00\xa1\x00\x9c\xff\x58\x00\xa1\x00\x9d\xff\x58\x00\xa1\x00\x9f\xff\x8c\x00\xa1\x00\xb7\xff\xa6\x00\xa1\x00\xbb\xff\x98\x00\xa2"
"\x00\x0a\xff\xa6\x00\xa2\x00\x0b\xff\xa6\x00\xa2\x00\x13\xff\xa6\x00\xa2\x00\x20\xff\xa6\x00\xa2\x00\x21\xff\xa6\x00\xa2\x00\x22\xff\xa6\x00\xa2\x00\x23\xff\xa6"
"\x00\xa2\x00\x24\xff\xa6\x00\xa2\x00\x25\xff\xa6\x00\xa2\x00\x26\xff\xa6\x00\xa2\x00\x28\xff\xa6\x00\xa2\x00\x2b\xff\xbb\x00\xa2\x00\x34\xff\xbb\x00\xa2\x00\x35"
"\xff\xbb\x00\xa2\x00\x7a\xff\xcc\x00\xa2\x00\x7b\xff\x4f\x00\xa2\x00\x7d\xff\xc9\x00\xa2\x00\x7f\xff\xe3\x00\xa2\x00\x80\xff\xcc\x00\xa2\x00\x81\xff\xe3\x00\xa2"
"\x00\x82\xff\xd2\x00\xa2\x00\x83\xff\xf2\x00\xa2\x00\x87\xff\x4c\x00\xa2\x00\x8f\xff\xa6\x00\xa2\x00\x9b\xff\x8c\x00\xa2\x00\x9c\xff\x58\x00\xa2\x00\x9d\xff\x58"
"\x00\xa2\x00\x9f\xff\x8c\x00\xa2\x00\xb7\xff\xa6\x00\xa2\x00\xbb\xff\x98\x00\xa3\x00\x2b\xff\xbb\x00\xa3\x00\x31\xff\x80\x00\xa3\x00\x95\xff\x80\x00\xa3\x00\x9a"
"\xff\xa3\x00\xa3\x00\x9e\xff\xa3\x00\xa4\x00\x2b\xff\xbb\x00\xa4\x00\x31\xff\x80\x00\xa4\x00\x95\xff\x80\x00\xa4\x00\x9a\xff\xa3\x00\xa4\x00\x9e\xff\xa3\x00\xa5"
"\x00\x01\xff\xbb\x00\xa5\x00\x02\xff\xbb\x00\xa5\x00\x03\xff\xbb\x00\xa5\x00\x04\xff\xbb\x00\xa5\x00\x05\xff\xbb\x00\xa5\x00\x06\xff\xbb\x00\xa5\x00\x07\xff\xbb"
"\x00\xa5\x00\x08\xff\xbb\x00\xa5\x00\x1a\xff\xa3\x00\xa5\x00\x2b\xff\x5e\x00\xa5\x00\x31\xff\xaf\x00\xa5\x00\x32\xff\x98\x00\xa5\x00\x33\xff\xa3\x00\xa5\x00\x34"
"\xff\x98\x00\xa5\x00\x35\xff\x98\x00\xa5\x00\x6e\xff\xd2\x00\xa5\x00\x7c\xff\xbb\x00\xa5\x00\x7d\xff\xe9\x00\xa5\x00\x81\xff\xd2\x00\xa5\x00\x95\xff\xaf\x00\xa5"
"\x00\x9a\xff\x80\x00\xa5\x00\x9e\xff\x80\x00\xa5\x00\xbb\xff\xde\x00\xa8\x00\x01\xff\xbb\x00\xa8\x00\x02\xff\xbb\x00\xa8\x00\x03\xff\xbb\x00\xa8\x00\x04\xff\xbb"
"\x00\xa8\x00\x05\xff\xbb\x00\xa8\x00\x06\xff\xbb\x00\xa8\x00\x07\xff\xbb\x00\xa8\x00\x08\xff\xbb\x00\xa8\x00\x2b\xff\x98\x00\xa8\x00\x34\xff\x80\x00\xa8\x00\x35"
"\xff\x80\x00\xa9\x00\x01\xff\xbb\x00\xa9\x00\x02\xff\xbb\x00\xa9\x00\x03\xff\xbb\x00\xa9\x00\x04\xff\xbb\x00\xa9\x00\x05\xff\xbb\x00\xa9\x00\x06\xff\xbb\x00\xa9"
"\x00\x07\xff\xbb\x00\xa9\x00\x08\xff\xbb\x00\xa9\x00\x2b\xfe\xf5\x00\xa9\x00\x31\xff\x80\x00\xa9\x00\x32\xff\x8c\x00\xa9\x00\x33\xff\xaf\x00\xa9\x00\x34\xff\x46"
"\x00\xa9\x00\x35\xff\x46\x00\xa9\x00\x36\xff\xbb\x00\xa9\x00\x6c\xff\xbb\x00\xa9\x00\x6d\xff\xbb\x00\xa9\x00\x6e\xff\xbb\x00\xa9\x00\x6f\xff\xbb\x00\xa9\x00\x70"
"\xff\xbb\x00\xa9\x00\x71\xff\xbb\x00\xa9\x00\x7b\xff\xaf\x00\xa9\x00\x7c\xff\x98\x00\xa9\x00\x7d\xff\xa3\x00\xa9\x00\x81\xff\x98\x00\xa9\x00\x82\xff\xbb\x00\xa9"
"\x00\x95\xff\x80\x00\xa9\x00\x9a\xff\x52\x00\xa9\x00\x9e\xff\x52\x00\xab\x00\x2b\xff\x5e\x00\xab\x00\x31\xff\x69\x00\xab\x00\x32\xff\x69\x00\xab\x00\x33\xff\x8c"
"\x00\xab\x00\x34\xff\x46\x00\xab\x00\x35\xff\x46\x00\xab\x00\x36\xff\x80\x00\xab\x00\x81\xff\x69\x00\xab\x00\x95\xff\x69\x00\xab\x00\x9a\xff\x3b\x00\xab\x00\x9e"
"\xff\x3b\x00\xac\x00\x01\xff\x98\x00\xac\x00\x02\xff\x98\x00\xac\x00\x03\xff\x98\x00\xac\x00\x04\xff\x98\x00\xac\x00\x05\xff\x98\x00\xac\x00\x06\xff\x98\x00\xac"
"\x00\x07\xff\x98\x00\xac\x00\x08\xff\x98\x00\xac\x00\x2b\xff\xa3\x00\xac\x00\x31\xff\x75\x00\xac\x00\x32\xff\x80\x00\xac\x00\x33\xff\x98\x00\xac\x00\x34\xff\x3b"
"\x00\xac\x00\x35\xff\x3b\x00\xac\x00\x6c\xff\xaf\x00\xac\x00\x6e\xff\xbb\x00\xac\x00\x6f\xff\xaf\x00\xac\x00\x70\xff\xaf\x00\xac\x00\x71\xff\xaf\x00\xac\x00\x95"
"\xff\x75\x00\xac\x00\x9a\xff\x8c\x00\xac\x00\x9e\xff\x8c\x00\xad\x00\x01\xff\xbb\x00\xad\x00\x02\xff\xbb\x00\xad\x00\x03\xff\xbb\x00\xad\x00\x04\xff\xbb\x00\xad"
"\x00\x05\xff\xbb\x00\xad\x00\x06\xff\xbb\x00\xad\x00\x07\xff\xbb\x00\xad\x00\x08\xff\xbb\x00\xad\x00\x1a\xff\xa3\x00\xad\x00\x2b\xff\x69\x00\xad\x00\x31\xff\x98"
"\x00\xad\x00\x32\xff\x98\x00\xad\x00\x33\xff\xba\x00\xad\x00\x34\xff\x5e\x00\xad\x00\x35\xff\x5e\x00\xad\x00\x6e\xff\xd2\x00\xad\x00\x7c\xff\xbb\x00\xad\x00\x7d"
"\xff\xe9\x00\xad\x00\x81\xff\xd2\x00\xad\x00\x95\xff\x98\x00\xad\x00\x9a\xff\x80\x00\xad\x00\x9e\xff\x80\x00\xad\x00\xbb\xff\xde\x00\xae\x00\x01\xff\xbb\x00\xae"
"\x00\x02\xff\xbb\x00\xae\x00\x03\xff\xbb\x00\xae\x00\x04\xff\xbb\x00\xae\x00\x05\xff\xbb\x00\xae\x00\x06\xff\xbb\x00\xae\x00\x07\xff\xbb\x00\xae\x00\x08\xff\xbb"
"\x00\xae\x00\x2b\xff\x8c\x00\xae\x00\x31\xff\xaf\x00\xae\x00\x33\xff\xa3\x00\xae\x00\x34\xff\xa3\x00\xae\x00\x35\xff\xa3\x00\xae\x00\x95\xff\xaf\x00\xaf\x00\x01"
"\xff\xbb\x00\xaf\x00\x02\xff\xbb\x00\xaf\x00\x03\xff\xbb\x00\xaf\x00\x04\xff\xbb\x00\xaf\x00\x05\xff\xbb\x00\xaf\x00\x06\xff\xbb\x00\xaf\x00\x07\xff\xbb\x00\xaf"
"\x00\x08\xff\xbb\x00\xaf\x00\x1a\xff\xa3\x00\xaf\x00\x2b\xff\x69\x00\xaf\x00\x31\xff\x98\x00\xaf\x00\x32\xff\x98\x00\xaf\x00\x33\xff\xba\x00\xaf\x00\x34\xff\x5e"
"\x00\xaf\x00\x35\xff\x5e\x00\xaf\x00\x6e\xff\xd2\x00\xaf\x00\x7c\xff\xbb\x00\xaf\x00\x7d\xff\xe9\x00\xaf\x00\x81\xff\xd2\x00\xaf\x00\x95\xff\x98\x00\xaf\x00\x9a"
"\xff\x80\x00\xaf\x00\x9e\xff\x80\x00\xaf\x00\xbb\xff\xde\x00\xb0\x00\x01\xff\x98\x00\xb0\x00\x02\xff\x98\x00\xb0\x00\x03\xff\x98\x00\xb0\x00\x04\xff\x98\x00\xb0"
"\x00\x05\xff\x98\x00\xb0\x00\x06\xff\x98\x00\xb0\x00\x07\xff\x98\x00\xb0\x00\x08\xff\x98\x00\xb0\x00\x2b\xff\xa3\x00\xb0\x00\x31\xff\x75\x00\xb0\x00\x32\xff\x80"
"\x00\xb0\x00\x33\xff\x98\x00\xb0\x00\x34\xff\x3b\x00\xb0\x00\x35\xff\x3b\x00\xb0\x00\x6c\xff\xaf\x00\xb0\x00\x6e\xff\xbb\x00\xb0\x00\x6f\xff\xaf\x00\xb0\x00\x70"
"\xff\xaf\x00\xb0\x00\x71\xff\xaf\x00\xb0\x00\x95\xff\x75\x00\xb0\x00\x9a\xff\x8c\x00\xb0\x00\x9e\xff\x8c\x00\xb1\x00\x01\xff\xbb\x00\xb1\x00\x02\xff\xbb\x00\xb1"
"\x00\x03\xff\xbb\x00\xb1\x00\x04\xff\xbb\x00\xb1\x00\x05\xff\xbb\x00\xb1\x00\x06\xff\xbb\x00\xb1\x00\x07\xff\xbb\x00\xb1\x00\x08\xff\xbb\x00\xb1\x00\x1a\xff\xa3"
"\x00\xb1\x00\x2b\xff\x69\x00\xb1\x00\x31\xff\x98\x00\xb1\x00\x32\xff\x98\x00\xb1\x00\x33\xff\xba\x00\xb1\x00\x34\xff\x5e\x00\xb1\x00\x35\xff\x5e\x00\xb1\x00\x6e"
"\xff\xd2\x00\xb1\x00\x7c\xff\xbb\x00\xb1\x00\x7d\xff\xe9\x00\xb1\x00\x81\xff\xd2\x00\xb1\x00\x95\xff\x98\x00\xb1\x00\x9a\xff\x80\x00\xb1\x00\x9e\xff\x80\x00\xb1"
"\x00\xbb\xff\xde\x00\xb2\x00\x2b\xff\x98\x00\xb3\x00\x09\x00\x45\x00\xb3\x00\x0a\xff\xaf\x00\xb3\x00\x0b\xff\xaf\x00\xb3\x00\x0c\x00\x45\x00\xb3\x00\x0d\x00\x45"
"\x00\xb3\x00\x0e\x00\x45\x00\xb3\x00\x0f\x00\x45\x00\xb3\x00\x10\x00\x45\x00\xb3\x00\x11\x00\x45\x00\xb3\x00\x12\x00\x45\x00\xb3\x00\x13\xff\xaf\x00\xb3\x00\x14"
"\x00\x45\x00\xb3\x00\x15\x00\x45\x00\xb3\x00\x17\x00\x45\x00\xb3\x00\x18\x00\x45\x00\xb3\x00\x1b\x00\x45\x00\xb3\x00\x1c\x00\x45\x00\xb3\x00\x1d\x00\x45\x00\xb3"
"\x00\x1e\x00\x45\x00\xb3\x00\x1f\x00\x45\x00\xb3\x00\x20\xff\xaf\x00\xb3\x00\x21\xff\xaf\x00\xb3\x00\x22\xff\xaf\x00\xb3\x00\x23\xff\xaf\x00\xb3\x00\x24\xff\xaf"
"\x00\xb3\x00\x25\xff\xaf\x00\xb3\x00\x26\xff\xaf\x00\xb3\x00\x27\x00\x45\x00\xb3\x00\x28\xff\xaf\x00\xb3\x00\x29\x00\x45\x00\xb3\x00\x2b\xff\x8c\x00\xb3\x00\x2c"
"\xff\xaf\x00\xb3\x00\x2d\xff\xaf\x00\xb3\x00\x2e\xff\xaf\x00\xb3\x00\x2f\xff\xaf\x00\xb3\x00\x30\xff\xaf\x00\xb3\x00\x31\xff\x5e\x00\xb3\x00\x3f\x00\x45\x00\xb3"
"\x00\x40\x00\x45\x00\xb3\x00\x4b\x00\x45\x00\xb3\x00\x4c\x00\x45\x00\xb3\x00\x4f\x00\x45\x00\xb3\x00\x50\x00\x45\x00\xb3\x00\x51\x00\x45\x00\xb3\x00\x53\x00\xc5"
"\x00\xb3\x00\x54\x00\x45\x00\xb3\x00\x55\x00\x45\x00\xb3\x00\x56\x00\x45\x00\xb3\x00\x57\x00\x45\x00\xb3\x00\x58\x00\x45\x00\xb3\x00\x60\x00\x45\x00\xb3\x00\x62"
"\x00\x45\x00\xb3\x00\x64\x00\x45\x00\xb3\x00\x6c\xff\x5e\x00\xb3\x00\x6f\xff\x5e\x00\xb3\x00\x70\xff\x5e\x00\xb3\x00\x71\xff\x5e\x00\xb3\x00\x73\x00\x45\x00\xb3"
"\x00\x7a\xff\xa3\x00\xb3\x00\x7b\xff\x23\x00\xb3\x00\x7d\xff\xa3\x00\xb3\x00\x7e\xff\x8c\x00\xb3\x00\x7f\xff\xa3\x00\xb3\x00\x80\xff\xa3\x00\xb3\x00\x82\xff\xa3"
"\x00\xb3\x00\x83\xff\xa3\x00\xb3\x00\x8f\xff\xaf\x00\xb3\x00\x93\x00\x45\x00\xb3\x00\x95\xff\x5e\x00\xb3\x00\x9a\xff\xaf\x00\xb3\x00\x9e\xff\xaf\x00\xb3\x00\xb4"
"\xff\x75\x00\xb3\x00\xb5\xff\x75\x00\xb3\x00\xb7\xff\xaf\x00\xb3\x00\xb8\xff\x75\x00\xb3\x00\xbb\xff\xa3\x00\xb4\x00\x01\xff\x5e\x00\xb4\x00\x02\xff\x5e\x00\xb4"
"\x00\x03\xff\x5e\x00\xb4\x00\x04\xff\x5e\x00\xb4\x00\x05\xff\x5e\x00\xb4\x00\x06\xff\x5e\x00\xb4\x00\x07\xff\x5e\x00\xb4\x00\x08\xff\x5e\x00\xb4\x00\x0a\xff\xe9"
"\x00\xb4\x00\x0b\xff\xe9\x00\xb4\x00\x13\xff\xe9\x00\xb4\x00\x1a\xff\x3b\x00\xb4\x00\x20\xff\xe9\x00\xb4\x00\x21\xff\xe9\x00\xb4\x00\x22\xff\xe9\x00\xb4\x00\x23"
"\xff\xe9\x00\xb4\x00\x24\xff\xe9\x00\xb4\x00\x25\xff\xe9\x00\xb4\x00\x26\xff\xe9\x00\xb4\x00\x28\xff\xe9\x00\xb4\x00\x7e\xff\xa3\x00\xb4\x00\x84\xff\xbb\x00\xb4"
"\x00\x8f\xff\xe9\x00\xb4\x00\xa0\xfe\xe9\x00\xb4\x00\xa1\xfe\xe9\x00\xb4\x00\xa2\xfe\xe9\x00\xb4\x00\xb3\xff\x75\x00\xb4\x00\xb7\xff\xe9\x00\xb5\x00\x01\xff\x5e"
"\x00\xb5\x00\x02\xff\x5e\x00\xb5\x00\x03\xff\x5e\x00\xb5\x00\x04\xff\x5e\x00\xb5\x00\x05\xff\x5e\x00\xb5\x00\x06\xff\x5e\x00\xb5\x00\x07\xff\x5e\x00\xb5\x00\x08"
"\xff\x5e\x00\xb5\x00\x0a\xff\xe9\x00\xb5\x00\x0b\xff\xe9\x00\xb5\x00\x13\xff\xe9\x00\xb5\x00\x1a\xff\x3b\x00\xb5\x00\x20\xff\xe9\x00\xb5\x00\x21\xff\xe9\x00\xb5"
"\x00\x22\xff\xe9\x00\xb5\x00\x23\xff\xe9\x00\xb5\x00\x24\xff\xe9\x00\xb5\x00\x25\xff\xe9\x00\xb5\x00\x26\xff\xe9\x00\xb5\x00\x28\xff\xe9\x00\xb5\x00\x7e\xff\xa3"
"\x00\xb5\x00\x84\xff\xbb\x00\xb5\x00\x8f\xff\xe9\x00\xb5\x00\xa0\xfe\xe9\x00\xb5\x00\xa1\xfe\xe9\x00\xb5\x00\xa2\xfe\xe9\x00\xb5\x00\xb3\xff\x75\x00\xb5\x00\xb7"
"\xff\xe9\x00\xb6\x00\x01\xff\x6f\x00\xb6\x00\x02\xff\x6f\x00\xb6\x00\x03\xff\x6f\x00\xb6\x00\x04\xff\x6f\x00\xb6\x00\x05\xff\x6f\x00\xb6\x00\x06\xff\x6f\x00\xb6"
"\x00\x07\xff\x6f\x00\xb6\x00\x08\xff\x6f\x00\xb6\x00\x0a\xff\xf5\x00\xb6\x00\x0b\xff\xf5\x00\xb6\x00\x13\xff\xf5\x00\xb6\x00\x1a\xff\x6f\x00\xb6\x00\x20\xff\xf5"
"\x00\xb6\x00\x21\xff\xf5\x00\xb6\x00\x22\xff\xf5\x00\xb6\x00\x23\xff\xf5\x00\xb6\x00\x24\xff\xf5\x00\xb6\x00\x25\xff\xf5\x00\xb6\x00\x26\xff\xf5\x00\xb6\x00\x28"
"\xff\xf5\x00\xb6\x00\x33\xff\xf2\x00\xb6\x00\x34\xff\xef\x00\xb6\x00\x35\xff\xef\x00\xb6\x00\x37\xff\xe9\x00\xb6\x00\x38\xff\xe9\x00\xb6\x00\x39\xff\xe9\x00\xb6"
"\x00\x3a\xff\xe9\x00\xb6\x00\x3b\xff\xe9\x00\xb6\x00\x3c\xff\xe9\x00\xb6\x00\x3d\xff\xe9\x00\xb6\x00\x3e\xff\xe9\x00\xb6\x00\x41\xff\xc6\x00\xb6\x00\x42\xff\xc6"
"\x00\xb6\x00\x43\xff\xc6\x00\xb6\x00\x44\xff\xc6\x00\xb6\x00\x45\xff\xc6\x00\xb6\x00\x46\xff\xc6\x00\xb6\x00\x47\xff\xc6\x00\xb6\x00\x48\xff\xc6\x00\xb6\x00\x4a"
"\xff\xc6\x00\xb6\x00\x59\xff\xc6\x00\xb6\x00\x5a\xff\xc6\x00\xb6\x00\x5b\xff\xc6\x00\xb6\x00\x5c\xff\xc6\x00\xb6\x00\x5d\xff\xc6\x00\xb6\x00\x5e\xff\xc6\x00\xb6"
"\x00\x5f\xff\xc6\x00\xb6\x00\x61\xff\xc6\x00\xb6\x00\x63\xff\xe9\x00\xb6\x00\x74\xff\xc6\x00\xb6\x00\x76\xff\xc6\x00\xb6\x00\x7e\xff\x9b\x00\xb6\x00\x84\xff\xbb"
"\x00\xb6\x00\x8f\xff\xf5\x00\xb6\x00\xb7\xff\xf5\x00\xb7\x00\x01\xff\xba\x00\xb7\x00\x02\xff\xba\x00\xb7\x00\x03\xff\xba\x00\xb7\x00\x04\xff\xba\x00\xb7\x00\x05"
"\xff\xba\x00\xb7\x00\x06\xff\xba\x00\xb7\x00\x07\xff\xba\x00\xb7\x00\x08\xff\xba\x00\xb7\x00\x2b\xff\xc3\x00\xb7\x00\x31\xff\xbb\x00\xb7\x00\x33\xff\xba\x00\xb7"
"\x00\x34\xff\xbb\x00\xb7\x00\x35\xff\xbb\x00\xb7\x00\x92\xff\xaf\x00\xb7\x00\x95\xff\xbb\x00\xb7\x00\x9a\xff\xbb\x00\xb7\x00\x9e\xff\xbb\x00\xb7\x00\xa0\xff\xa6"
"\x00\xb7\x00\xa1\xff\xa6\x00\xb7\x00\xa2\xff\xa6\x00\xb7\x00\xb3\xff\xaf\x00\xb7\x00\xb6\xff\xf5\x00\xb8\x00\x01\xff\x5e\x00\xb8\x00\x02\xff\x5e\x00\xb8\x00\x03"
"\xff\x5e\x00\xb8\x00\x04\xff\x5e\x00\xb8\x00\x05\xff\x5e\x00\xb8\x00\x06\xff\x5e\x00\xb8\x00\x07\xff\x5e\x00\xb8\x00\x08\xff\x5e\x00\xb8\x00\x0a\xff\xe9\x00\xb8"
"\x00\x0b\xff\xe9\x00\xb8\x00\x13\xff\xe9\x00\xb8\x00\x1a\xff\x3b\x00\xb8\x00\x20\xff\xe9\x00\xb8\x00\x21\xff\xe9\x00\xb8\x00\x22\xff\xe9\x00\xb8\x00\x23\xff\xe9"
"\x00\xb8\x00\x24\xff\xe9\x00\xb8\x00\x25\xff\xe9\x00\xb8\x00\x26\xff\xe9\x00\xb8\x00\x28\xff\xe9\x00\xb8\x00\x7e\xff\xa3\x00\xb8\x00\x84\xff\xbb\x00\xb8\x00\x8f"
"\xff\xe9\x00\xb8\x00\xa0\xfe\xe9\x00\xb8\x00\xa1\xfe\xe9\x00\xb8\x00\xa2\xfe\xe9\x00\xb8\x00\xb3\xff\x75\x00\xb8\x00\xb7\xff\xe9\x00\xb9\x00\x01\xff\x69\x00\xb9"
"\x00\x02\xff\x69\x00\xb9\x00\x03\xff\x69\x00\xb9\x00\x04\xff\x69\x00\xb9\x00\x05\xff\x69\x00\xb9\x00\x06\xff\x69\x00\xb9\x00\x07\xff\x69\x00\xb9\x00\x08\xff\x69"
"\x00\xb9\x00\x1a\xff\x69\x00\xb9\x00\x41\xff\xbb\x00\xb9\x00\x42\xff\xbb\x00\xb9\x00\x43\xff\xbb\x00\xb9\x00\x44\xff\xbb\x00\xb9\x00\x45\xff\xbb\x00\xb9\x00\x46"
"\xff\xbb\x00\xb9\x00\x47\xff\xbb\x00\xb9\x00\x48\xff\xbb\x00\xb9\x00\x4a\xff\xbb\x00\xb9\x00\x59\xff\xbb\x00\xb9\x00\x5a\xff\xbb\x00\xb9\x00\x5b\xff\xbb\x00\xb9"
"\x00\x5c\xff\xbb\x00\xb9\x00\x5d\xff\xbb\x00\xb9\x00\x5e\xff\xbb\x00\xb9\x00\x5f\xff\xbb\x00\xb9\x00\x61\xff\xbb\x00\xb9\x00\x74\xff\xbb\x00\xb9\x00\x76\xff\xbb"
"\x00\xb9\x00\x84\xff\xaf\x00\xba\x00\x01\xff\x69\x00\xba\x00\x02\xff\x69\x00\xba\x00\x03\xff\x69\x00\xba\x00\x04\xff\x69\x00\xba\x00\x05\xff\x69\x00\xba\x00\x06"
"\xff\x69\x00\xba\x00\x07\xff\x69\x00\xba\x00\x08\xff\x69\x00\xba\x00\x1a\xff\x69\x00\xba\x00\x41\xff\xbb\x00\xba\x00\x42\xff\xbb\x00\xba\x00\x43\xff\xbb\x00\xba"
"\x00\x44\xff\xbb\x00\xba\x00\x45\xff\xbb\x00\xba\x00\x46\xff\xbb\x00\xba\x00\x47\xff\xbb\x00\xba\x00\x48\xff\xbb\x00\xba\x00\x4a\xff\xbb\x00\xba\x00\x59\xff\xbb"
"\x00\xba\x00\x5a\xff\xbb\x00\xba\x00\x5b\xff\xbb\x00\xba\x00\x5c\xff\xbb\x00\xba\x00\x5d\xff\xbb\x00\xba\x00\x5e\xff\xbb\x00\xba\x00\x5f\xff\xbb\x00\xba\x00\x61"
"\xff\xbb\x00\xba\x00\x74\xff\xbb\x00\xba\x00\x76\xff\xbb\x00\xba\x00\x84\xff\xaf\x00\xbb\x00\x4e\x00\x78\x00\xbb\x00\x65\x00\x1e\x00\xbb\x00\x6c\x00\x0a\x00\xbb"
"\x00\x6f\x00\x0a\x00\xbb\x00\x70\x00\x0a\x00\xbb\x00\x71\x00\x0a\x00\xbb\x00\xd9\x00\x45\x00\xc8\x00\x9a\xff\x80\x00\xc8\x00\x9b\xff\x75\x00\xc8\x00\x9e\xff\x80"
"\x00\xc8\x00\x9f\xff\x75\x00\xd4\x00\x01\xff\xbb\x00\xd4\x00\x02\xff\xbb\x00\xd4\x00\x03\xff\xbb\x00\xd4\x00\x04\xff\xbb\x00\xd4\x00\x05\xff\xbb\x00\xd4\x00\x06"
"\xff\xbb\x00\xd4\x00\x07\xff\xbb\x00\xd4\x00\x08\xff\xbb\x00\xd4\x00\x1a\xff\xa3\x00\xd4\x00\x2b\xff\x69\x00\xd4\x00\x31\xff\x98\x00\xd4\x00\x32\xff\x98\x00\xd4"
"\x00\x33\xff\xba\x00\xd4\x00\x34\xff\x5e\x00\xd4\x00\x35\xff\x5e\x00\xd4\x00\x6e\xff\xd2\x00\xd4\x00\x7c\xff\xbb\x00\xd4\x00\x7d\xff\xe9\x00\xd4\x00\x81\xff\xd2"
"\x00\xd4\x00\x95\xff\x98\x00\xd4\x00\x9a\xff\x80\x00\xd4\x00\x9e\xff\x80\x00\xd4\x00\xbb\xff\xde\x00\xd9\x00\x01\xff\xba\x00\xd9\x00\x02\xff\xba\x00\xd9\x00\x03"
"\xff\xba\x00\xd9\x00\x04\xff\xba\x00\xd9\x00\x05\xff\xba\x00\xd9\x00\x06\xff\xba\x00\xd9\x00\x07\xff\xba\x00\xd9\x00\x08\xff\xba\x00\xd9\x00\x2b\xff\xc3\x00\xd9"
"\x00\x31\xff\xbb\x00\xd9\x00\x33\xff\xba\x00\xd9\x00\x34\xff\xbb\x00\xd9\x00\x35\xff\xbb\x00\xd9\x00\x92\xff\xaf\x00\xd9\x00\x95\xff\xbb\x00\xd9\x00\x9a\xff\xbb"
"\x00\xd9\x00\x9e\xff\xbb\x00\xd9\x00\xa0\xff\xa6\x00\xd9\x00\xa1\xff\xa6\x00\xd9\x00\xa2\xff\xa6\x00\xd9\x00\xb3\xff\xaf\x00\xd9\x00\xb6\xff\xf5\x00\x00\x00\x07"
"\x00\x5a\x00\x03\x00\x01\x04\x09\x00\x00\x00\x50\x00\x00\x00\x03\x00\x01\x04\x09\x00\x01\x00\x0a\x00\x50\x00\x03\x00\x01\x04\x09\x00\x02\x00\x0e\x00\x5a\x00\x03"
"\x00\x01\x04\x09\x00\x03\x00\x4c\x00\x68\x00\x03\x00\x01\x04\x09\x00\x04\x00\x1a\x00\xb4\x00\x03\x00\x01\x04\x09\x00\x05\x00\x36\x00\xce\x00\x03\x00\x01\x04\x09"
"\x00\x06\x00\x1a\x01\x04\x00\x43\x00\x6f\x00\x70\x00\x79\x00\x72\x00\x69\x00\x67\x00\x68\x00\x74\x00\x20\x00\x32\x00\x30\x00\x31\x00\x36\x00\x20\x00\x54\x00\x68"
"\x00\x65\x00\x20\x00\x49\x00\x6e\x00\x74\x00\x65\x00\x72\x00\x20\x00\x50\x00\x72\x00\x6f\x00\x6a\x00\x65\x00\x63\x00\x74\x00\x20\x00\x41\x00\x75\x00\x74\x00\x68"
"\x00\x6f\x00\x72\x00\x73\x00\x49\x00\x6e\x00\x74\x00\x65\x00\x72\x00\x52\x00\x65\x00\x67\x00\x75\x00\x6c\x00\x61\x00\x72\x00\x34\x00\x2e\x00\x30\x00\x30\x00\x31"
"\x00\x3b\x00\x67\x00\x69\x00\x74\x00\x2d\x00\x39\x00\x32\x00\x32\x00\x31\x00\x62\x00\x65\x00\x65\x00\x64\x00\x33\x00\x3b\x00\x52\x00\x53\x00\x4d\x00\x53\x00\x3b"
"\x00\x49\x00\x6e\x00\x74\x00\x65\x00\x72\x00\x2d\x00\x52\x00\x65\x00\x67\x00\x75\x00\x6c\x00\x61\x00\x72\x00\x49\x00\x6e\x00\x74\x00\x65\x00\x72\x00\x20\x00\x52"
"\x00\x65\x00\x67\x00\x75\x00\x6c\x00\x61\x00\x72\x00\x56\x00\x65\x00\x72\x00\x73\x00\x69\x00\x6f\x00\x6e\x00\x20\x00\x34\x00\x2e\x00\x30\x00\x30\x00\x31\x00\x3b"
"\x00\x67\x00\x69\x00\x74\x00\x2d\x00\x39\x00\x32\x00\x32\x00\x31\x00\x62\x00\x65\x00\x65\x00\x64\x00\x33\x00\x49\x00\x6e\x00\x74\x00\x65\x00\x72\x00\x2d\x00\x52"
"\x00\x65\x00\x67\x00\x75\x00\x6c\x00\x61\x00\x72\x00\x03\x00\x00\x00\x00\x00\x00\xfe\xa4\x00\x8c\x00\x00\x00\x00\x00\x00\x00\x00\x00\x00\x00\x00\x00\x00\x00\x00"
"\x00\x00\x00\x00\x00\x01\x00\x01\xff\xff\x00\x0f";
)NEXAFONT";
    out += R"NEXAFONT(
static const unsigned char __nexa_ui_font_semibold[48760 + 1] =
"\x00\x01\x00\x00\x00\x0c\x00\x80\x00\x03\x00\x40\x4f\x53\x2f\x32\xf1\x3b\x1b\xb7\x00\x00\x01\x48\x00\x00\x00\x60\x63\x6d\x61\x70\xac\x46\xd6\x4c\x00\x00\x05\x34"
"\x00\x00\x02\x04\x67\x61\x73\x70\x00\x00\x00\x10\x00\x00\xbe\x70\x00\x00\x00\x08\x67\x6c\x79\x66\xd5\x06\x6a\x8a\x00\x00\x09\x00\x00\x00\x36\x3a\x68\x65\x61\x64"
"\x37\xd7\xe1\x7f\x00\x00\x00\xcc\x00\x00\x00\x36\x68\x68\x65\x61\x16\x41\x12\xdc\x00\x00\x01\x04\x00\x00\x00\x24\x68\x6d\x74\x78\xf6\xbf\x5f\x39\x00\x00\x01\xa8"
"\x00\x00\x03\x8c\x6b\x65\x72\x6e\x10\x2c\x0f\x3f\x00\x00\x3f\x3c\x00\x00\x7d\xa0\x6c\x6f\x63\x61\xcf\x4a\xdd\x1a\x00\x00\x07\x38\x00\x00\x01\xc8\x6d\x61\x78\x70"
"\x00\xfc\x00\xee\x00\x00\x01\x28\x00\x00\x00\x20\x6e\x61\x6d\x65\x1b\x96\x35\x5f\x00\x00\xbc\xdc\x00\x00\x01\x74\x70\x6f\x73\x74\xfe\xb8\x00\xad\x00\x00\xbe\x50"
"\x00\x00\x00\x20\x00\x01\x00\x00\x00\x04\x00\x42\x6e\x88\xce\x51\x5f\x0f\x3c\xf5\x00\x07\x08\x00\x00\x00\x00\x00\xe3\x5d\x94\x32\x00\x00\x00\x00\xe6\xde\x01\xd5"
"\xf9\xd4\xfd\x5b\x14\xaa\x08\xe3\x00\x00\x00\x03\x00\x02\x00\x00\x00\x00\x00\x00\x00\x01\x00\x00\x07\xc0\xfe\x12\x00\x00\x15\x74\xf9\xd4\xf6\x73\x14\xaa\x08\x00"
"\x00\x00\x00\x00\x00\x00\x00\x00\x00\x00\x00\x00\x00\x00\x00\xe3\x00\x01\x00\x00\x00\xe3\x00\x84\x00\x0a\x00\x68\x00\x07\x00\x01\x00\x00\x00\x00\x00\x00\x00\x00"
"\x00\x00\x00\x00\x00\x07\x00\x01\x00\x04\x05\x38\x02\x58\x00\x05\x00\x00\x05\x33\x04\xcd\x00\x00\x00\x9a\x05\x33\x04\xcd\x00\x00\x02\xcd\x00\xad\x02\x9f\x00\x00"
"\x02\x00\x07\x03\x00\x00\x00\x02\x00\x04\x80\x00\x00\x03\x00\x00\x80\x22\x00\x00\x00\x00\x00\x00\x00\x00\x52\x53\x4d\x53\x00\xc0\x00\x20\x27\x13\x07\xc0\xfe\x12"
"\x00\x00\x07\xc0\x01\xee\x00\x00\x00\x01\x00\x00\x00\x00\x04\x5e\x05\xd2\x00\x00\x00\x20\x00\x0c\x05\x40\x01\x48\x05\xd2\x00\x32\x05\xd2\x00\x32\x05\xd2\x00\x32"
"\x05\xd2\x00\x32\x05\xd2\x00\x32\x05\xd2\x00\x32\x05\xd2\x00\x32\x08\x1b\x00\x32\x05\x46\x00\x96\x05\xe5\x00\x67\x05\xe5\x00\x67\x05\xc7\x00\x96\x04\xd8\x00\x96"
"\x04\xd8\x00\x96\x04\xd8\x00\x96\x04\xd8\x00\x96\x04\xd8\x00\x96\x04\xb4\x00\x96\x05\xfe\x00\x67\x05\xf7\x00\x96\x02\x37\x00\x96\x02\x37\xff\xb7\x02\x37\xff\xf6"
"\x02\x37\x00\x96\x02\x37\xff\xa4\x04\xa3\x00\x4e\x05\xa0\x00\x96\x04\x86\x00\x96\x07\x61\x00\x96\x06\x13\x00\x96\x06\x13\x00\x96\x06\x26\x00\x67\x06\x26\x00\x67"
"\x06\x26\x00\x67\x06\x26\x00\x67\x06\x26\x00\x67\x06\x26\x00\x67\x06\x26\x00\x67\x05\x29\x00\x96\x06\x2f\x00\x67\x05\x38\x00\x96\x05\x34\x00\x5f\x05\x48\x00\x53"
"\x05\xe3\x00\x96\x05\xe3\x00\x96\x05\xe3\x00\x96\x05\xe3\x00\x96\x05\xe3\x00\x96\x05\xd2\x00\x32\x08\x29\x00\x32\x05\xc2\x00\x35\x05\xb5\x00\x32\x05\xb5\x00\x32"
"\x05\x38\x00\x74\x04\x98\x00\x4c\x04\x98\x00\x4c\x04\x98\x00\x4c\x04\x98\x00\x4c\x04\x98\x00\x4c\x04\x98\x00\x4c\x04\x98\x00\x4c\x07\x4d\x00\x4c\x04\xfe\x00\x8a"
"\x04\xfe\x00\x8a\x04\xa9\x00\x59\x04\xa9\x00\x59\x04\xfe\x00\x59\x04\xbb\x00\x59\x04\xbb\x00\x59\x04\xbb\x00\x59\x04\xbb\x00\x59\x04\xbb\x00\x59\x03\x1c\x00\x14"
"\x05\x01\x00\x59\x04\xe6\x00\x8a\x02\x18\x00\x75\x02\x18\x00\x8a\x02\x18\xff\xa7\x02\x18\xff\xe6\x02\x18\x00\x8a\x02\x18\xff\x94\x02\x18\xff\xd6\x02\x18\xff\xd6"
"\x04\x8e\x00\x8a\x02\x18\x00\x8a\x07\x34\x00\x8a\x04\xe5\x00\x8a\x04\xe5\x00\x8a\x04\xdf\x00\x59\x04\xdf\x00\x59\x04\xdf\x00\x59\x04\xdf\x00\x52\x04\xdf\x00\x59"
"\x04\xdf\x00\x59\x04\xdf\x00\x59\x04\xfe\x00\x8a\x04\xfe\x00\x59\x03\x2d\x00\x8a\x04\x65\x00\x58\x05\x26\x00\x96\x02\xd3\x00\x14\x04\xe6\x00\x8a\x04\xe6\x00\x8a"
"\x04\xea\x00\x8a\x04\xe6\x00\x8a\x04\xe6\x00\x8a\x04\xe6\x00\x8a\x04\xb2\x00\x27\x06\xb7\x00\x2c\x04\x8d\x00\x32\x04\xb5\x00\x27\x04\xb5\x00\x27\x04\xb5\x00\x27"
"\x04\x87\x00\x7a\x05\x43\x00\x8f\x04\xc0\x00\x59\x05\x34\x00\x5f\x04\xa9\x00\x59\x04\x82\x00\x1e\x05\x09\x00\x63\x05\x6e\x00\x38\x05\x47\x00\x67\x03\x62\x00\x5e"
"\x04\xfc\x00\x7e\x05\x17\x00\x6b\x05\x54\x00\x6b\x04\xe6\x00\x69\x05\x1e\x00\x67\x04\x9c\x00\x53\x05\x1f\x00\x67\x05\x1e\x00\x67\x05\x4d\x00\x59\x02\x92\x00\xa6"
"\x02\x92\x00\xa6\x04\x59\x00\x50\x04\x59\x00\x62\x02\xfc\x00\xba\x02\xfc\x00\x4d\x02\xfc\x00\xc4\x02\xfc\x00\x6d\x03\xa3\x00\x8d\x03\xa3\x00\x6d\x07\xfe\x00\x67"
"\x05\x26\x00\x1a\x05\xfe\x00\x82\x03\x08\x00\x22\x02\xdf\x00\xf6\x02\x87\x00\xce\x03\x08\x00\x22\x03\xb9\x00\x8d\x04\x00\x00\x00\x08\x00\x00\x00\x04\x07\x00\xc4"
"\x02\x5a\x00\xa4\x02\x5a\x00\xa4\x02\x9b\x00\xcd\x04\x2f\x00\xcd\x04\x0e\x00\xa4\x04\x03\x00\xa4\x02\x8d\x00\x7b\x02\x8d\x00\xa6\x07\xa6\x00\xa6\x02\x8d\x00\xa6"
"\x02\xa2\x00\x7b\x02\x8d\x00\xa6\x03\x53\x00\x5d\x03\x53\x00\x4c\x05\x13\x00\x5d\x05\x13\x00\x4c\x05\x62\x00\xa9\x05\x62\x00\xd8\x05\x62\x00\xcf\x05\x62\x00\xbb"
"\x05\x62\x00\xb8\x05\x62\x00\xc4\x05\x62\x00\xc0\x05\x62\x00\x9c\x05\x62\x00\xda\x03\xc1\x00\x00\x03\xda\x00\x49\x04\x51\x00\x91\x05\x4f\x00\x62\x07\x50\x00\xa8"
"\x03\xaa\x00\x78\x03\xaf\x00\x3b\x03\xe6\x00\x46\x04\xcd\x00\x59\x04\x8c\x00\x67\x02\x97\x00\x6b\x03\xa1\x00\x66\x03\xb5\x00\x62\x01\xa3\xfe\x70\x02\x27\x00\x4f"
"\x02\xf6\x00\x50\x03\x15\x00\x53\x03\x2c\x00\x51\x06\xf5\x00\x4f\x06\xa6\x00\x4f\x07\x42\x00\x53\x08\x09\x00\xc8\x02\xcf\x00\xa9\x02\xcf\x00\x9d\x04\xe5\x01\x0e"
"\x03\x9d\x00\xb1\x02\xa8\x00\xd1\x00\x00\x00\xa9\x00\x00\x00\x9d\x00\x00\x00\xb1\x00\x00\x00\xba\x02\x04\x00\x00\x02\x04\x00\x00\x07\xa2\x00\xca\x07\xa2\x01\x00"
"\x07\x0d\x00\xca\x07\x0d\x00\xca\x07\x10\x00\xcf\x06\x03\x00\x14\x00\x00\x01\x0e\x00\x00\x00\x7f\x00\x00\x00\x4f\x00\x00\x00\x50\x00\x00\x00\xd1\x00\x00\x00\x50"
"\x04\xd2\x00\x12\x04\xdd\x00\x52\x03\x84\x00\x32\x00\x00\x00\x02\x00\x00\x00\x03\x00\x00\x00\x14\x00\x03\x00\x01\x00\x00\x00\x14\x00\x04\x01\xf0\x00\x00\x00\x1c"
"\x00\x10\x00\x03\x00\x0c\x00\x2f\x00\x39\x00\x7e\x00\xac\x00\xff\x20\x14\x20\x19\x20\x1d\x20\x22\x20\x26\x20\xac\x21\x93\x27\x13\xff\xff\x00\x00\x00\x20\x00\x30"
"\x00\x3a\x00\xa0\x00\xae\x20\x13\x20\x18\x20\x1c\x20\x22\x20\x26\x20\xac\x21\x90\x27\x13\xff\xff\x00\x00\x00\x4a\x00\x00\x00\x00\x00\x00\xe0\x84\xe0\x82\xe0\x82"
"\xe0\x77\xe0\x7c\xdf\xcd\x00\x00\xd9\xc5\x00\x01\x00\x1c\x00\x00\x00\x38\x00\xc0\x00\xd8\x00\x00\x00\x00\x00\x00\x00\x00\x00\x00\x00\x00\x01\x6e\x00\x00\x00\x00"
"\x00\xd2\x00\x85\x00\x9d\x00\x90\x00\x75\x00\xc8\x00\x84\x00\x9c\x00\x89\x00\x8a\x00\xb5\x00\xad\x00\xa0\x00\x96\x00\xa1\x00\x92\x00\xa3\x00\xa4\x00\xaa\x00\xac"
"\x00\xab\x00\x87\x00\x8f\x00\x01\x00\x09\x00\x0a\x00\x0c\x00\x0d\x00\x12\x00\x13\x00\x14\x00\x15\x00\x1a\x00\x1b\x00\x1c\x00\x1d\x00\x1e\x00\x20\x00\x27\x00\x28"
"\x00\x29\x00\x2a\x00\x2b\x00\x2c\x00\x31\x00\x32\x00\x33\x00\x34\x00\x36\x00\x8b\x00\x95\x00\x8c\x00\xb4\x00\xb3\x00\xca\x00\x37\x00\x3f\x00\x41\x00\x43\x00\x44"
"\x00\x49\x00\x4a\x00\x4b\x00\x4c\x00\x53\x00\x54\x00\x55\x00\x56\x00\x57\x00\x59\x00\x60\x00\x61\x00\x62\x00\x63\x00\x65\x00\x66\x00\x6c\x00\x6d\x00\x6e\x00\x6f"
"\x00\x72\x00\x8d\x00\x93\x00\x8e\x00\xb1\x00\xd3\x00\x86\x00\x76\x00\x78\x00\x91\x00\x77\x00\x94\x00\xbc\x00\xcb\x00\xb7\x00\xb9\x00\xa8\x00\xb2\x00\xb6\x00\xcc"
"\x00\xb8\x00\xb0\x00\xbe\x00\xbf\x00\xc9\x00\x68\x00\xbb\x00\xa5\x00\xcd\x00\xbd\x00\xba\x00\xa9\x00\xc6\x00\xc5\x00\xc7\x00\x88\x00\x04\x00\x05\x00\x06\x00\x03"
"\x00\x02\x00\x07\x00\x08\x00\x0b\x00\x0e\x00\x0f\x00\x10\x00\x11\x00\x17\x00\x18\x00\x19\x00\x16\x00\xd9\x00\x1f\x00\x24\x00\x25\x00\x26\x00\x22\x00\x21\x00\xae"
"\x00\x23\x00\x2d\x00\x2e\x00\x2f\x00\x30\x00\x35\x00\x73\x00\x64\x00\x3b\x00\x38\x00\x39\x00\x3d\x00\x3a\x00\x3c\x00\x3e\x00\x42\x00\x46\x00\x47\x00\x48\x00\x45"
"\x00\x4f\x00\x50\x00\x51\x00\x4e\x00\x74\x00\x58\x00\x5d\x00\x5e\x00\x5f\x00\x5b\x00\x5a\x00\xaf\x00\x5c\x00\x69\x00\x6a\x00\x6b\x00\x67\x00\x71\x00\x40\x00\x70"
"\x00\xd4\x00\xd6\x00\xd5\x00\xd7\x00\x00\x00\x00\x00\x25\x00\x31\x00\x3d\x00\x49\x00\x55\x00\x61\x00\x6d\x00\x93\x00\xcb\x00\xff\x01\x0b\x01\x2e\x01\x45\x01\x51"
"\x01\x5d\x01\x69\x01\x75\x01\x8a\x01\xc2\x01\xdb\x01\xe9\x01\xf5\x02\x01\x02\x0d\x02\x19\x02\x38\x02\x5b\x02\x6a\x02\xa8\x02\xd2\x02\xde\x03\x11\x03\x1d\x03\x29"
"\x03\x35\x03\x41\x03\x4d\x03\x59\x03\x7d\x03\xbc\x03\xe5\x04\x29\x04\x3c\x04\x5f\x04\x6b\x04\x77\x04\x83\x04\x8f\x04\xad\x04\xe8\x05\x19\x05\x3b\x05\x47\x05\x6e"
"\x05\xb5\x05\xc1\x05\xcc\x05\xd7\x05\xe2\x05\xee\x05\xf9\x06\x58\x06\x8e\x06\xc5\x06\xf5\x07\x01\x07\x37\x07\x6b\x07\x76\x07\x82\x07\x8e\x07\x9a\x07\xc1\x08\x07"
"\x08\x29\x08\x34\x08\x41\x08\x4d\x08\x59\x08\x64\x08\x70\x08\x86\x08\x91\x08\xaf\x08\xbd\x08\xef\x09\x10\x09\x1b\x09\x4f\x09\x5a\x09\x65\x09\x70\x09\x7c\x09\x88"
"\x09\x94\x09\xca\x0a\x01\x0a\x1e\x0a\x58\x0a\x93\x0a\xba\x0a\xdb\x0a\xe6\x0b\x12\x0b\x1e\x0b\x2a\x0b\x36\x0b\x54\x0b\x8e\x0b\xbd\x0b\xeb\x0b\xf6\x0c\x02\x0c\x1a"
"\x0c\x42\x0c\x8e\x0c\xe1\x0d\x1b\x0d\x45\x0d\x80\x0d\xc6\x0d\xf8\x0e\x0c\x0e\x39\x0e\x7b\x0e\x9b\x0e\xd2\x0f\x1b\x0f\x2e\x0f\x7e\x0f\xc8\x10\x24\x10\x43\x10\x61"
"\x10\xa2\x10\xe3\x11\x05\x11\x27\x11\x39\x11\x4b\x11\x82\x11\xb7\x12\x2a\x12\x63\x12\xb3\x12\xc3\x12\xd1\x12\xe5\x12\xf4\x13\x01\x13\x0e\x13\x1b\x13\x38\x13\x46"
"\x13\x55\x13\x64\x13\x70\x13\x7c\x13\x88\x13\x91\x13\xa7\x13\xb7\x13\xc3\x13\xd0\x13\xd9\x13\xee\x14\x02\x14\x0e\x14\x1a\x14\x30\x14\x48\x14\x5b\x14\x73\x14\x95"
"\x14\xc3\x14\xe2\x15\x0c\x15\x1d\x15\x29\x15\x3e\x15\x65\x15\xbb\x16\x26\x16\x52\x16\x95\x16\xc1\x16\xdc\x17\x45\x17\x58\x17\x82\x17\xc2\x17\xd1\x17\xe4\x18\x0d"
"\x18\x4b\x18\x68\x18\x79\x18\x8a\x18\x9b\x18\xff\x19\x07\x19\x0f\x19\x17\x19\x1f\x19\x27\x19\x35\x19\x44\x19\x51\x19\x74\x19\x74\x19\x74\x19\x9c\x19\xc3\x19\xeb"
"\x1a\x13\x1a\x27\x1a\x32\x1a\x58\x1a\x6f\x1a\x84\x1a\xb0\x1a\xce\x1a\xf4\x1b\x02\x1b\x10\x1b\x1d\x00\x02\x00\x32\x00\x00\x05\xa1\x05\xd2\x00\x07\x00\x10\x00\x00"
"\x33\x01\x21\x01\x21\x03\x21\x03\x13\x21\x27\x26\x26\x27\x06\x06\x07\x32\x02\x08\x01\x53\x02\x14\xfe\xdb\x7f\xfd\xd3\x7a\xc1\x01\x9d\x41\x21\x47\x2a\x28\x44\x1f"
"\x05\xd2\xfa\x2e\x01\x71\xfe\x8f\x02\x48\xbe\x67\xfa\x9b\x9c\xfd\x63\x00\xff\xff\x00\x32\x00\x00\x05\xa1\x07\x87\x02\x26\x00\x01\x00\x00\x00\x07\x00\xda\x00\x75"
"\x01\x74\xff\xff\x00\x32\x00\x00\x05\xa1\x07\x7b\x02\x26\x00\x01\x00\x00\x00\x07\x00\xd1\x00\xe4\x01\x74\xff\xff\x00\x32\x00\x00\x05\xa1\x07\x93\x02\x26\x00\x01"
"\x00\x00\x00\x07\x00\xcf\x01\x24\x01\x74\xff\xff\x00\x32\x00\x00\x05\xa1\x07\x93\x02\x26\x00\x01\x00\x00\x00\x07\x00\xce\x01\xdc\x01\x74\xff\xff\x00\x32\x00\x00"
"\x05\xa1\x07\x93\x02\x26\x00\x01\x00\x00\x00\x07\x00\xdc\x01\x20\x01\x74\xff\xff\x00\x32\x00\x00\x05\xa1\x07\xf5\x02\x26\x00\x01\x00\x00\x00\x07\x00\xdf\x01\x89"
"\x00\x00\x00\x02\x00\x32\x00\x00\x07\xa5\x05\xd2\x00\x0f\x00\x13\x00\x00\x33\x01\x21\x15\x21\x11\x21\x15\x21\x11\x21\x15\x21\x11\x21\x03\x13\x21\x11\x23\x32\x02"
"\x9c\x04\xd1\xfd\x45\x02\x8a\xfd\x76\x02\xc1\xfc\x3f\xfe\x16\xa2\xf8\x01\x94\x52\x05\xd2\xe1\xfe\x6b\xde\xfe\x63\xe1\x01\x77\xfe\x89\x02\x3d\x02\xeb\x00\x00\x03"
"\x00\x96\x00\x00\x04\xeb\x05\xd2\x00\x12\x00\x1b\x00\x24\x00\x00\x33\x11\x21\x32\x16\x16\x15\x14\x06\x07\x15\x1e\x02\x15\x14\x06\x06\x23\x25\x21\x32\x36\x35\x34"
"\x26\x23\x21\x35\x21\x32\x36\x35\x34\x26\x23\x21\x96\x02\x3a\xa1\xd5\x6b\x97\x6d\x4f\x92\x5d\x70\xe1\xab\xfe\xb2\x01\x24\x94\x83\x92\x7c\xfe\xd3\x01\x0d\x6a\x8e"
"\x7a\x78\xfe\xed\x05\xd2\x65\xaf\x6f\x88\x9c\x19\x0f\x04\x58\xa0\x71\x74\xb8\x6a\xdf\x72\x59\x64\x88\xc1\x73\x63\x57\x70\x00\x01\x00\x67\xff\xec\x05\x86\x05\xe6"
"\x00\x1d\x00\x00\x05\x22\x24\x02\x35\x34\x12\x24\x33\x32\x04\x16\x17\x21\x26\x26\x23\x22\x02\x15\x10\x12\x33\x32\x36\x37\x21\x06\x06\x04\x03\x11\xc4\xfe\xcc\xb2"
"\xb3\x01\x34\xc3\xa3\x01\x0b\xae\x18\xfe\xf3\x19\xc4\x86\xb7\xeb\xec\xb5\x86\xc5\x19\x01\x0e\x15\xa4\xfe\xf4\x14\xb6\x01\x56\xf0\xf1\x01\x57\xb6\x7a\xe7\xa3\x84"
"\x91\xfe\xef\xfe\xfe\xff\xfe\xf4\x91\x84\x8f\xea\x8b\x00\xff\xff\x00\x67\xfe\x59\x05\x86\x05\xe6\x02\x26\x00\x0a\x00\x00\x00\x07\x00\xde\x01\xc2\xff\xfb\x00\x02"
"\x00\x96\x00\x00\x05\x5f\x05\xd2\x00\x0a\x00\x11\x00\x00\x21\x21\x11\x21\x32\x04\x12\x15\x14\x02\x04\x25\x33\x20\x11\x10\x21\x23\x02\x8e\xfe\x08\x02\x02\xde\x01"
"\x3f\xaa\xab\xfe\xbd\xfe\x30\xe0\x01\xd7\xfe\x30\xe7\x05\xd2\xb3\xfe\xb3\xe7\xe9\xfe\xb1\xb3\xe7\x02\x04\x02\x00\x00\x01\x00\x96\x00\x00\x04\x62\x05\xd2\x00\x0b"
"\x00\x00\x33\x11\x21\x15\x21\x11\x21\x15\x21\x11\x21\x15\x96\x03\xc8\xfd\x43\x02\x89\xfd\x77\x02\xc1\x05\xd2\xe1\xfe\x6e\xde\xfe\x60\xe1\xff\xff\x00\x96\x00\x00"
"\x04\x62\x07\x93\x02\x26\x00\x0d\x00\x00\x00\x07\x00\xcf\x00\xb9\x01\x74\xff\xff\x00\x96\x00\x00\x04\x62\x07\x93\x02\x26\x00\x0d\x00\x00\x00\x07\x00\xce\x01\x71"
"\x01\x74\xff\xff\x00\x96\x00\x00\x04\x62\x07\x93\x02\x26\x00\x0d\x00\x00\x00\x07\x00\xdc\x00\xb6\x01\x74\xff\xff\x00\x96\x00\x00\x04\x62\x07\x87\x02\x26\x00\x0d"
"\x00\x00\x00\x07\x00\xda\x00\x0a\x01\x74\x00\x01\x00\x96\x00\x00\x04\x50\x05\xd2\x00\x09\x00\x00\x33\x11\x21\x15\x21\x11\x21\x15\x21\x11\x96\x03\xba\xfd\x51\x02"
"\x6c\xfd\x94\x05\xd2\xe1\xfe\x41\xde\xfd\xac\x00\x00\x01\x00\x67\xff\xec\x05\x91\x05\xe6\x00\x21\x00\x00\x05\x22\x24\x02\x35\x34\x12\x24\x33\x32\x04\x16\x17\x21"
"\x26\x26\x23\x22\x06\x06\x15\x14\x12\x33\x32\x36\x37\x21\x35\x21\x15\x14\x02\x04\x03\x19\xce\xfe\xca\xae\xb3\x01\x34\xc3\xa4\x01\x0b\xad\x17\xfe\xef\x24\xb3\x88"
"\x78\xbd\x6c\xeb\xbc\xa8\xc8\x04\xfe\xa8\x02\x5b\xa3\xfe\xe3\x14\xb9\x01\x57\xeb\xf0\x01\x57\xb8\x7e\xe0\x92\x77\x8a\x7a\xeb\xa9\xfd\xfe\xef\xbd\xa1\xd2\xb3\xbf"
"\xfe\xe9\x96\x00\x00\x01\x00\x96\x00\x00\x05\x61\x05\xd2\x00\x0b\x00\x00\x33\x11\x21\x11\x21\x11\x21\x11\x21\x11\x21\x11\x96\x01\x0b\x02\xb5\x01\x0b\xfe\xf5\xfd"
"\x4b\x05\xd2\xfd\x98\x02\x68\xfa\x2e\x02\x89\xfd\x77\x00\x00\x01\x00\x96\x00\x00\x01\xa1\x05\xd2\x00\x03\x00\x00\x01\x11\x21\x11\x01\xa1\xfe\xf5\x05\xd2\xfa\x2e"
"\x05\xd2\xff\xff\xff\xb7\x00\x00\x02\x81\x07\x87\x02\x26\x00\x15\x00\x00\x00\x07\x00\xda\xfe\xa9\x01\x74\xff\xff\xff\xf6\x00\x00\x01\xa1\x07\x93\x02\x26\x00\x15"
"\x00\x00\x00\x07\x00\xcf\xff\x59\x01\x74\xff\xff\x00\x96\x00\x00\x02\x40\x07\x93\x02\x26\x00\x15\x00\x00\x00\x07\x00\xce\x00\x10\x01\x74\xff\xff\xff\xa4\x00\x00"
"\x02\x94\x07\x93\x02\x26\x00\x15\x00\x00\x00\x07\x00\xdc\xff\x55\x01\x74\x00\x01\x00\x4e\xff\xec\x04\x0e\x05\xd2\x00\x11\x00\x00\x05\x22\x24\x35\x35\x21\x15\x14"
"\x16\x33\x32\x36\x35\x11\x21\x11\x14\x04\x02\x30\xdd\xfe\xfb\x01\x0b\x75\x62\x61\x74\x01\x09\xfe\xfd\x14\xef\xdd\x55\x57\x76\x78\x79\x75\x04\x1c\xfb\xe7\xde\xef"
"\x00\x01\x00\x96\x00\x00\x05\x6b\x05\xd2\x00\x0f\x00\x00\x33\x11\x21\x11\x03\x36\x36\x37\x01\x21\x01\x01\x21\x01\x07\x11\x96\x01\x0b\x04\x34\x74\x49\x01\x87\x01"
"\x4c\xfd\xc4\x02\x46\xfe\xc5\xfe\x3c\xcb\x05\xd2\xfe\x46\xfe\xc1\x50\x96\x55\x01\xbe\xfd\x7b\xfc\xb3\x02\x9c\xdd\xfe\x41\x00\x01\x00\x96\x00\x00\x04\x33\x05\xd2"
"\x00\x05\x00\x00\x33\x11\x21\x11\x21\x15\x96\x01\x0b\x02\x92\x05\xd2\xfb\x0f\xe1\x00\x01\x00\x96\x00\x00\x06\xcb\x05\xd2\x00\x24\x00\x00\x33\x11\x21\x01\x1e\x02"
"\x17\x3e\x02\x37\x01\x21\x11\x21\x11\x34\x36\x36\x37\x0e\x02\x07\x01\x23\x01\x2e\x02\x27\x1e\x02\x15\x11\x96\x01\x92\x01\x1b\x0f\x27\x28\x11\x11\x28\x27\x0e\x01"
"\x18\x01\x93\xfe\xf6\x03\x05\x01\x19\x38\x32\x12\xfe\xed\xe3\xfe\xe9\x12\x31\x37\x1c\x02\x05\x03\x05\xd2\xfc\xff\x2c\x8d\xa1\x4a\x49\xa1\x8d\x2d\x03\x01\xfa\x2e"
"\x02\xf0\x38\xa5\xba\x59\x60\xbe\xa0\x32\xfd\x10\x02\xf0\x30\x9c\xbc\x60\x54\xb7\xa4\x39\xfd\x10\x00\x01\x00\x96\x00\x00\x05\x7d\x05\xd2\x00\x16\x00\x00\x33\x11"
"\x21\x01\x16\x16\x17\x26\x26\x35\x11\x21\x11\x21\x01\x2e\x02\x27\x16\x16\x15\x11\x96\x01\x2e\x02\x03\x28\x5e\x31\x08\x08\x01\x0f\xfe\xd1\xfe\x2f\x27\x45\x4c\x32"
"\x07\x0c\x05\xd2\xfc\xcb\x40\xab\x70\x6c\xd2\x44\x03\x0e\xfa\x2e\x02\xe3\x3e\x7a\x90\x61\x8a\xe0\x3e\xfd\x1c\x00\xff\xff\x00\x96\x00\x00\x05\x7d\x07\x7b\x02\x26"
"\x00\x1e\x00\x00\x00\x07\x00\xd1\x01\x07\x01\x74\x00\x02\x00\x67\xff\xec\x05\xbf\x05\xe6\x00\x0f\x00\x1b\x00\x00\x05\x22\x24\x02\x35\x34\x12\x24\x33\x32\x04\x12"
"\x15\x14\x02\x04\x27\x32\x12\x35\x10\x02\x23\x22\x02\x11\x14\x12\x03\x14\xc4\xfe\xcb\xb4\xb4\x01\x35\xc4\xc3\x01\x35\xb3\xb3\xfe\xcb\xc3\xb6\xe8\xe8\xb6\xb7\xea"
"\xea\x14\xb6\x01\x56\xf0\xf1\x01\x57\xb6\xb6\xfe\xa9\xf1\xf1\xfe\xab\xb6\xef\x01\x0e\xff\x01\x00\x01\x0f\xfe\xf1\xff\x00\xfe\xfe\xf1\x00\xff\xff\x00\x67\xff\xec"
"\x05\xbf\x07\x87\x02\x26\x00\x20\x00\x00\x00\x07\x00\xda\x00\xa1\x01\x74\xff\xff\x00\x67\xff\xec\x05\xbf\x07\x7b\x02\x26\x00\x20\x00\x00\x00\x07\x00\xd1\x01\x10"
"\x01\x74\xff\xff\x00\x67\xff\xc6\x05\xbf\x06\x0b\x02\x26\x00\x20\x00\x00\x00\x07\x00\xe0\x00\xab\x00\x00\xff\xff\x00\x67\xff\xec\x05\xbf\x07\x93\x02\x26\x00\x20"
"\x00\x00\x00\x07\x00\xcf\x01\x50\x01\x74\xff\xff\x00\x67\xff\xec\x05\xbf\x07\x93\x02\x26\x00\x20\x00\x00\x00\x07\x00\xce\x02\x08\x01\x74\xff\xff\x00\x67\xff\xec"
"\x05\xbf\x07\x93\x02\x26\x00\x20\x00\x00\x00\x07\x00\xdc\x01\x4d\x01\x74\x00\x02\x00\x96\x00\x00\x04\xd0\x05\xd2\x00\x0c\x00\x15\x00\x00\x33\x11\x21\x32\x16\x16"
"\x15\x14\x06\x06\x23\x21\x11\x11\x33\x32\x36\x35\x34\x26\x23\x23\x96\x02\x2d\xab\xea\x78\x79\xec\xac\xfe\xe2\xfb\x97\x8c\x8c\x99\xf9\x05\xd2\x80\xdf\x8e\x8f\xdf"
"\x7f\xfe\x08\x02\xd4\x9a\x77\x77\x96\x00\x00\x02\x00\x67\xff\x7f\x05\xbf\x05\xe6\x00\x13\x00\x24\x00\x00\x05\x22\x24\x02\x35\x34\x12\x24\x33\x32\x04\x12\x15\x14"
"\x02\x07\x13\x21\x27\x06\x03\x33\x17\x36\x36\x35\x10\x02\x23\x22\x02\x11\x14\x12\x33\x32\x37\x03\x14\xc4\xfe\xcb\xb4\xb4\x01\x35\xc4\xc3\x01\x35\xb3\x82\x70\xcf"
"\xff\x00\x7d\x7b\xe4\xf0\x7d\x3f\x46\xe8\xb6\xb7\xea\xea\xb7\x3d\x36\x14\xb6\x01\x56\xf0\xf1\x01\x57\xb6\xb6\xfe\xa9\xf1\xca\xfe\xcc\x61\xfe\xf6\x9f\x32\x02\x05"
"\xa2\x42\xce\x89\x01\x00\x01\x0f\xfe\xf1\xff\x00\xfe\xfe\xf1\x10\x00\x02\x00\x96\x00\x00\x05\x07\x05\xd2\x00\x0d\x00\x16\x00\x00\x33\x11\x21\x20\x00\x15\x14\x06"
"\x07\x01\x21\x01\x21\x11\x11\x33\x32\x36\x35\x34\x26\x23\x23\x96\x02\x2d\x01\x01\x01\x0c\x88\x84\x01\x43\xfe\xd5\xfe\xdb\xfe\xea\xfb\x97\x8c\x8c\x99\xf9\x05\xd2"
"\xfe\xf8\xd5\x97\xda\x34\xfd\xb0\x02\x23\xfd\xdd\x03\x00\x7f\x76\x78\x85\x00\x01\x00\x5f\xff\xe9\x04\xd5\x05\xe6\x00\x2c\x00\x00\x05\x20\x24\x27\x21\x16\x16\x33"
"\x32\x36\x35\x34\x26\x27\x27\x26\x26\x35\x34\x36\x36\x33\x32\x16\x16\x17\x21\x26\x26\x23\x22\x06\x15\x14\x16\x16\x17\x17\x1e\x02\x15\x14\x06\x06\x02\xa1\xfe\xfc"
"\xfe\xcb\x09\x01\x07\x09\xb2\x7e\x84\xa7\x94\x79\xa9\xbb\xd1\x8e\xf6\x9c\x9f\xef\x88\x03\xfe\xfd\x0a\x97\x79\x7e\x90\x4d\x75\x3c\x8b\x6e\xc9\x7f\x86\xfc\x17\xf0"
"\xdd\x76\x73\x77\x60\x57\x59\x1f\x2c\x30\xc2\x9e\x84\xc5\x6e\x6e\xc2\x7c\x5f\x6a\x6f\x55\x3f\x4f\x30\x0f\x24\x1b\x65\xaa\x82\x83\xc7\x6f\x00\x01\x00\x53\x00\x00"
"\x04\xf5\x05\xd2\x00\x07\x00\x00\x13\x35\x21\x15\x21\x11\x21\x11\x53\x04\xa2\xfe\x35\xfe\xf5\x04\xf1\xe1\xe1\xfb\x0f\x04\xf1\x00\x00\x01\x00\x96\xff\xea\x05\x4e"
"\x05\xd2\x00\x13\x00\x00\x05\x22\x24\x26\x35\x11\x21\x11\x14\x16\x33\x32\x36\x35\x11\x21\x11\x14\x06\x04\x02\xf2\xb6\xfe\xf0\x96\x01\x0b\xb7\x9a\x9a\xb7\x01\x0b"
"\x97\xfe\xf0\x16\x89\xf3\x9f\x03\xcd\xfc\x49\x8c\xb6\xb6\x8c\x03\xb7\xfc\x33\x9f\xf3\x89\xff\xff\x00\x96\xff\xea\x05\x4e\x07\x93\x02\x26\x00\x2c\x00\x00\x00\x07"
"\x00\xcf\x01\x2f\x01\x74\xff\xff\x00\x96\xff\xea\x05\x4e\x07\x93\x02\x26\x00\x2c\x00\x00\x00\x07\x00\xce\x01\xe6\x01\x74\xff\xff\x00\x96\xff\xea\x05\x4e\x07\x93"
"\x02\x26\x00\x2c\x00\x00\x00\x07\x00\xdc\x01\x2b\x01\x74\xff\xff\x00\x96\xff\xea\x05\x4e\x07\x87\x02\x26\x00\x2c\x00\x00\x00\x07\x00\xda\x00\x7f\x01\x74\x00\x01"
"\x00\x32\x00\x00\x05\xa1\x05\xd2\x00\x0b\x00\x00\x21\x01\x21\x01\x16\x16\x17\x12\x37\x01\x21\x01\x02\x45\xfd\xed\x01\x25\x01\x08\x20\x47\x2a\x4f\x3e\x01\x00\x01"
"\x24\xfd\xf6\x05\xd2\xfc\xfa\x63\xfa\x9a\x01\x32\xc5\x03\x06\xfa\x2e\x00\x00\x01\x00\x32\x00\x00\x07\xf7\x05\xd2\x00\x1e\x00\x00\x21\x01\x21\x13\x16\x16\x17\x36"
"\x36\x37\x13\x21\x13\x16\x16\x17\x36\x36\x37\x13\x21\x01\x21\x03\x26\x26\x27\x06\x06\x07\x03\x01\xc4\xfe\x6e\x01\x1f\xc2\x17\x28\x13\x14\x2b\x19\xca\x01\x1b\xc9"
"\x19\x2b\x14\x13\x29\x17\xc1\x01\x20\xfe\x6d\xfe\xce\xd9\x14\x22\x10\x0f\x1f\x16\xd9\x05\xd2\xfc\xe7\x65\xe1\x6f\x6f\xe1\x65\x03\x19\xfc\xe7\x64\xde\x6e\x6e\xde"
"\x64\x03\x19\xfa\x2e\x03\x37\x4e\xb0\x60\x5d\xae\x53\xfc\xc9\x00\x00\x01\x00\x35\x00\x00\x05\x8d\x05\xd2\x00\x17\x00\x00\x33\x01\x01\x21\x13\x16\x16\x17\x36\x36"
"\x37\x13\x21\x01\x01\x21\x03\x26\x26\x27\x06\x06\x07\x03\x35\x02\x17\xfe\x14\x01\x35\xb5\x38\x41\x21\x21\x42\x39\xb8\x01\x2e\xfe\x17\x02\x10\xfe\xc6\xe2\x35\x3b"
"\x20\x20\x3c\x37\xe6\x02\xfa\x02\xd8\xfe\xf0\x56\x7b\x41\x40\x7c\x56\x01\x10\xfd\x31\xfc\xfd\x01\x4e\x50\x67\x3c\x3b\x68\x50\xfe\xb2\x00\x00\x01\x00\x32\x00\x00"
"\x05\x83\x05\xd2\x00\x0e\x00\x00\x21\x11\x01\x21\x01\x16\x16\x17\x36\x36\x37\x01\x21\x01\x11\x02\x58\xfd\xda\x01\x38\x01\x0a\x1f\x34\x18\x19\x33\x1d\x01\x05\x01"
"\x36\xfd\xe0\x02\x41\x03\x91\xfe\x2a\x37\x67\x3e\x40\x67\x35\x01\xd6\xfc\x6f\xfd\xbf\x00\xff\xff\x00\x32\x00\x00\x05\x83\x07\x93\x02\x26\x00\x34\x00\x00\x00\x07"
"\x00\xce\x01\xcf\x01\x74\x00\x01\x00\x74\x00\x00\x04\xc5\x05\xd2\x00\x15\x00\x00\x33\x35\x01\x36\x36\x37\x06\x06\x23\x21\x35\x21\x15\x01\x06\x06\x07\x36\x36\x33"
"\x21\x15\x78\x02\x71\x24\x51\x2a\x48\x91\x49\xfe\x0e\x04\x4c\xfd\x9a\x27\x56\x2d\x4b\x96\x4b\x01\xe9\xa6\x03\x84\x33\x66\x33\x03\x02\xe1\xa8\xfc\x8c\x36\x6e\x36"
"\x03\x02\xe1\x00\x00\x02\x00\x4c\xff\xe9\x04\x0e\x04\x6c\x00\x21\x00\x2f\x00\x00\x05\x22\x26\x26\x35\x34\x36\x36\x37\x36\x36\x35\x35\x34\x26\x23\x22\x06\x07\x27"
"\x36\x24\x33\x32\x1e\x02\x15\x11\x23\x35\x23\x06\x06\x27\x32\x36\x35\x35\x0e\x02\x07\x06\x06\x15\x14\x16\x01\xc2\x6a\xaa\x62\x7b\xc3\x6c\x92\x82\x64\x5f\x62\x74"
"\x14\xf1\x31\x01\x01\xa8\x4f\xa1\x86\x52\xf9\x0a\x25\xa2\x3f\x78\x8f\x12\x5c\x67\x22\x58\x75\x6a\x17\x4d\x96\x6e\x7e\x8b\x3f\x0b\x10\x1b\x3a\x05\x52\x5b\x56\x37"
"\x31\x94\x90\x25\x57\x95\x70\xfd\x15\x9a\x48\x69\xc1\x8a\x5d\x84\x0e\x15\x0f\x05\x0c\x48\x4d\x48\x4b\x00\xff\xff\x00\x4c\xff\xe9\x04\x0e\x06\x1f\x02\x26\x00\x37"
"\x00\x00\x00\x07\x00\xce\x01\x37\x00\x00\xff\xff\x00\x4c\xff\xe9\x04\x0e\x06\x1f\x02\x26\x00\x37\x00\x00\x00\x06\x00\xdc\x7c\x00\xff\xff\x00\x4c\xff\xe9\x04\x0e"
"\x06\x13\x02\x26\x00\x37\x00\x00\x00\x06\x00\xda\xd0\x00\xff\xff\x00\x4c\xff\xe9\x04\x0e\x06\x1f\x02\x26\x00\x37\x00\x00\x00\x06\x00\xcf\x7f\x00\xff\xff\x00\x4c"
"\xff\xe9\x04\x0e\x06\xa7\x02\x26\x00\x37\x00\x00\x00\x07\x00\xdd\x00\xe4\x00\x00\xff\xff\x00\x4c\xff\xe9\x04\x0e\x06\x07\x02\x26\x00\x37\x00\x00\x00\x06\x00\xd1"
"\x40\x00\x00\x03\x00\x4c\xff\xe9\x06\xf8\x04\x6c\x00\x2e\x00\x39\x00\x40\x00\x00\x05\x22\x26\x35\x34\x36\x36\x33\x33\x35\x34\x26\x23\x22\x06\x07\x27\x36\x24\x33"
"\x32\x16\x17\x36\x36\x33\x32\x16\x16\x15\x15\x21\x16\x16\x33\x32\x36\x37\x17\x06\x06\x23\x22\x26\x27\x06\x06\x13\x23\x22\x06\x15\x14\x16\x33\x32\x36\x35\x13\x21"
"\x26\x26\x23\x22\x06\x01\xcd\xa8\xd9\x8f\xe1\x7b\xd3\x64\x5f\x61\x75\x14\xf1\x31\x01\x01\xa8\x6b\xaf\x36\x40\xb3\x71\x89\xe8\x8d\xfc\xf5\x05\x9d\x7c\x56\x7c\x1b"
"\xf3\x23\xfd\xc3\x8c\xd5\x3c\x33\xe6\xb8\xc4\x71\x8d\x6a\x53\x78\x8d\xe4\x02\x0c\x04\x88\x72\x78\x8c\x17\xac\xa5\x80\x99\x44\x60\x52\x5b\x56\x37\x31\x94\x90\x44"
"\x4e\x45\x4d\x77\xf9\xc4\x52\x97\x9a\x4a\x48\x1d\x90\xb1\x66\x58\x57\x67\x01\xfd\x59\x4d\x4b\x4b\x8a\x5d\x01\x06\x76\x93\x9a\x00\x00\x02\x00\x8a\xff\xec\x04\xa6"
"\x05\xd2\x00\x16\x00\x22\x00\x00\x05\x22\x26\x26\x27\x23\x15\x23\x11\x21\x11\x33\x3e\x02\x33\x32\x16\x12\x15\x14\x02\x06\x27\x32\x36\x35\x34\x26\x23\x22\x06\x15"
"\x14\x16\x02\xd8\x60\x7f\x4c\x14\x11\xfe\x01\x04\x0b\x13\x4a\x80\x63\x81\xd1\x7b\x79\xd0\xcb\x82\x87\x85\x84\x81\x88\x8a\x14\x41\x5c\x28\xb1\x05\xd2\xfd\xd3\x27"
"\x5d\x43\x84\xfe\xff\xba\xb8\xfe\xfe\x87\xd6\xcf\x9d\x9c\xcc\xc5\xa3\xa3\xc9\x00\x00\x02\x00\x8a\xfe\x5e\x04\xa6\x05\xd2\x00\x16\x00\x22\x00\x00\x05\x22\x26\x26"
"\x27\x23\x11\x21\x11\x21\x11\x33\x3e\x02\x33\x32\x16\x12\x15\x14\x02\x06\x27\x32\x36\x35\x34\x26\x23\x22\x06\x15\x14\x16\x02\xd8\x60\x7f\x4c\x14\x0b\xfe\xfc\x01"
"\x04\x0b\x13\x4a\x80\x63\x81\xd1\x7b\x79\xd0\xcb\x82\x87\x85\x84\x81\x88\x8a\x14\x41\x5c\x28\xfd\xad\x07\x74\xfd\xd3\x27\x5d\x43\x84\xfe\xff\xba\xb8\xfe\xfe\x87"
"\xd6\xcf\x9d\x9c\xcc\xc5\xa3\xa3\xc9\x00\x00\x01\x00\x59\xff\xe9\x04\x54\x04\x6c\x00\x1c\x00\x00\x05\x22\x26\x02\x35\x34\x12\x36\x33\x32\x04\x17\x07\x26\x26\x23"
"\x22\x06\x15\x14\x16\x16\x33\x32\x36\x37\x17\x06\x04\x02\x6f\xa3\xf0\x83\x83\xf0\xa3\xbb\x01\x03\x24\xf3\x15\x7a\x5e\x88\x87\x3c\x78\x5b\x60\x7b\x15\xf3\x24\xfe"
"\xfc\x17\x91\x01\x03\xac\xae\x01\x05\x90\xbb\xa4\x33\x57\x68\xd2\x9d\x67\xa6\x61\x6d\x5a\x33\xa7\xc0\x00\xff\xff\x00\x59\xfe\x5e\x04\x54\x04\x6c\x02\x26\x00\x41"
"\x00\x00\x00\x07\x00\xde\x01\x23\x00\x00\x00\x02\x00\x59\xff\xec\x04\x75\x05\xd2\x00\x16\x00\x22\x00\x00\x05\x22\x26\x02\x35\x34\x12\x36\x33\x32\x16\x16\x17\x33"
"\x11\x21\x11\x23\x35\x23\x0e\x02\x27\x32\x36\x35\x34\x26\x23\x22\x06\x15\x14\x16\x02\x26\x84\xd1\x78\x7a\xd1\x81\x64\x7f\x4a\x14\x0b\x01\x04\xff\x10\x15\x4c\x7f"
"\x19\x7f\x8a\x89\x80\x84\x86\x87\x14\x87\x01\x02\xb8\xba\x01\x01\x84\x43\x5d\x27\x02\x2d\xfa\x2e\xb1\x28\x5c\x41\xd6\xc9\xa3\xa3\xc5\xcc\x9c\x9d\xcf\x00\x00\x02"
"\x00\x59\xff\xe9\x04\x66\x04\x6c\x00\x17\x00\x1e\x00\x00\x05\x22\x26\x02\x35\x34\x12\x36\x33\x32\x16\x16\x15\x15\x21\x16\x16\x33\x32\x36\x37\x17\x06\x06\x01\x21"
"\x26\x26\x23\x22\x06\x02\x78\xa9\xf3\x83\x81\xed\xa0\x88\xe9\x8e\xfc\xf6\x05\x9d\x7d\x56\x7b\x1a\xef\x28\xfb\xfe\x2b\x02\x0c\x0c\x81\x74\x77\x8b\x17\x8e\x01\x02"
"\xaf\xac\x01\x05\x93\x77\xf9\xc4\x52\x95\x9c\x4a\x47\x31\x87\xa5\x02\xae\x78\x91\x99\x00\xff\xff\x00\x59\xff\xe9\x04\x66\x06\x13\x02\x26\x00\x44\x00\x00\x00\x06"
"\x00\xda\xef\x00\xff\xff\x00\x59\xff\xe9\x04\x66\x06\x1f\x02\x26\x00\x44\x00\x00\x00\x07\x00\xcf\x00\x9e\x00\x00\xff\xff\x00\x59\xff\xe9\x04\x66\x06\x1f\x02\x26"
"\x00\x44\x00\x00\x00\x07\x00\xce\x01\x56\x00\x00\xff\xff\x00\x59\xff\xe9\x04\x66\x06\x1f\x02\x26\x00\x44\x00\x00\x00\x07\x00\xdc\x00\x9b\x00\x00\x00\x01\x00\x14"
"\x00\x00\x03\x04\x06\x18\x00\x18\x00\x00\x01\x15\x23\x11\x21\x11\x23\x35\x33\x35\x34\x36\x36\x33\x32\x16\x17\x07\x26\x26\x23\x22\x06\x15\x15\x02\xd6\xf2\xfe\xfd"
"\xcd\xcd\x5e\x9d\x60\x45\x6a\x19\x35\x11\x31\x21\x49\x3f\x04\x5e\xcc\xfc\x6e\x03\x92\xcc\x6b\x6f\x95\x4b\x16\x09\xca\x05\x0b\x48\x42\x57\x00\x02\x00\x59\xfe\x46"
"\x04\x77\x04\x6c\x00\x23\x00\x2f\x00\x00\x01\x22\x26\x27\x37\x16\x16\x33\x32\x36\x35\x35\x23\x0e\x02\x23\x22\x26\x26\x35\x34\x36\x36\x33\x32\x16\x16\x17\x33\x35"
"\x33\x11\x14\x06\x06\x03\x32\x36\x35\x34\x26\x23\x22\x06\x15\x14\x16\x02\x6c\xca\xf4\x2a\xdc\x1a\x77\x7a\x79\x92\x16\x14\x4a\x7c\x61\x80\xd1\x7b\x7b\xd2\x81\x63"
"\x80\x4c\x14\x0e\xff\x88\xec\x95\x7f\x8a\x88\x81\x84\x87\x88\xfe\x46\x94\x6f\x4f\x30\x5c\x71\x78\xd3\x28\x56\x39\x79\xf2\xb6\xb7\xff\x84\x42\x5d\x28\xb9\xfb\x9f"
"\x96\xc2\x5f\x02\x98\xb6\xa0\x9f\xc3\xca\x98\x9b\xbb\x00\x00\x01\x00\x8a\x00\x00\x04\x5c\x05\xd2\x00\x12\x00\x00\x01\x11\x21\x11\x21\x11\x36\x33\x32\x16\x15\x11"
"\x21\x11\x34\x26\x23\x22\x06\x01\x8e\xfe\xfc\x01\x00\x66\xed\xad\xd2\xfe\xfb\x74\x66\x68\x87\x02\x8f\xfd\x71\x05\xd2\xfd\xbd\xdd\xdc\xc9\xfd\x39\x02\x9f\x70\x80"
"\x86\x00\xff\xff\x00\x75\x00\x00\x01\xa4\x06\x19\x02\x26\x00\x4d\x00\x00\x00\x06\x00\xdb\xf6\x00\x00\x01\x00\x8a\x00\x00\x01\x8e\x04\x5e\x00\x03\x00\x00\x33\x11"
"\x21\x11\x8a\x01\x04\x04\x5e\xfb\xa2\x00\xff\xff\xff\xa7\x00\x00\x02\x71\x06\x13\x02\x26\x00\x4d\x00\x00\x00\x07\x00\xda\xfe\x99\x00\x00\xff\xff\xff\xe6\x00\x00"
"\x01\x8e\x06\x1f\x02\x26\x00\x4d\x00\x00\x00\x07\x00\xcf\xff\x49\x00\x00\xff\xff\x00\x8a\x00\x00\x02\x31\x06\x1f\x02\x26\x00\x4d\x00\x00\x00\x06\x00\xce\x01\x00"
"\xff\xff\xff\x94\x00\x00\x02\x84\x06\x1f\x02\x26\x00\x4d\x00\x00\x00\x07\x00\xdc\xff\x45\x00\x00\x00\x01\xff\xd6\xfe\x5e\x01\x8e\x04\x5e\x00\x0b\x00\x00\x13\x21"
"\x11\x14\x06\x23\x23\x35\x33\x32\x36\x35\x89\x01\x05\xcc\xb7\x35\x26\x4c\x41\x04\x5e\xfb\x61\xb6\xab\xd5\x48\x47\xff\xff\xff\xd6\xfe\x5e\x01\xa3\x06\x19\x02\x26"
"\x00\x52\x00\x00\x00\x06\x00\xdb\xf5\x00\x00\x01\x00\x8a\x00\x00\x04\x7f\x05\xd2\x00\x0c\x00\x00\x33\x11\x21\x11\x33\x01\x21\x01\x01\x21\x01\x07\x11\x8a\x01\x04"
"\x13\x01\x93\x01\x31\xfe\x4f\x01\xcb\xfe\xc8\xfe\xa7\x60\x05\xd2\xfc\xc9\x01\xc3\xfe\x1d\xfd\x85\x01\xdf\x67\xfe\x88\x00\x00\x01\x00\x8a\x00\x00\x01\x8e\x05\xd2"
"\x00\x03\x00\x00\x01\x11\x21\x11\x01\x8e\xfe\xfc\x05\xd2\xfa\x2e\x05\xd2\x00\x01\x00\x8a\x00\x00\x06\xaa\x04\x70\x00\x21\x00\x00\x33\x11\x33\x17\x36\x36\x33\x32"
"\x17\x36\x36\x33\x32\x16\x15\x11\x21\x11\x34\x26\x23\x22\x06\x15\x11\x23\x11\x34\x26\x23\x22\x06\x15\x11\x8a\xf4\x08\x2c\xad\x64\xd6\x49\x2d\xc2\x76\x97\xcc\xfe"
"\xfc\x72\x50\x5f\x6c\xfe\x6a\x53\x56\x7a\x04\x5e\xd5\x77\x70\xf3\x79\x7a\xc4\xba\xfd\x0e\x02\xca\x68\x60\x76\x5e\xfd\x42\x02\xd6\x55\x67\x75\x70\xfd\x53\x00\x01"
"\x00\x8a\x00\x00\x04\x5b\x04\x6c\x00\x12\x00\x00\x01\x11\x21\x11\x33\x17\x36\x33\x32\x16\x15\x11\x21\x11\x34\x26\x23\x22\x06\x01\x8e\xfe\xfc\xf6\x03\x64\xf6\xad"
"\xd1\xfe\xfc\x74\x66\x68\x87\x02\x8f\xfd\x71\x04\x5e\xdf\xed\xdc\xc9\xfd\x39\x02\x9f\x70\x80\x86\xff\xff\x00\x8a\x00\x00\x04\x5b\x06\x07\x02\x26\x00\x57\x00\x00"
"\x00\x06\x00\xd1\x6f\x00\x00\x02\x00\x59\xff\xe9\x04\x86\x04\x6c\x00\x0f\x00\x1f\x00\x00\x05\x22\x26\x02\x35\x34\x12\x36\x33\x32\x16\x12\x15\x14\x02\x06\x27\x32"
"\x36\x36\x35\x34\x26\x26\x23\x22\x06\x06\x15\x14\x16\x16\x02\x6f\xa3\xf0\x83\x83\xf0\xa3\xa3\xf0\x84\x84\xf0\xa3\x5b\x78\x3c\x3c\x78\x5b\x5a\x78\x3b\x3b\x78\x17"
"\x91\x01\x03\xac\xae\x01\x05\x90\x90\xfe\xfb\xae\xac\xfe\xfd\x91\xd3\x62\xa6\x66\x67\xa6\x62\x62\xa6\x67\x66\xa6\x62\x00\xff\xff\x00\x59\xff\xe9\x04\x86\x06\x13"
"\x02\x26\x00\x59\x00\x00\x00\x06\x00\xda\xfc\x00\xff\xff\x00\x59\xff\xe9\x04\x86\x06\x07\x02\x26\x00\x59\x00\x00\x00\x06\x00\xd1\x6c\x00\xff\xff\x00\x52\xff\xd2"
"\x04\x8b\x04\x8c\x02\x26\x00\x59\x00\x00\x00\x06\x00\xe1\x00\x00\xff\xff\x00\x59\xff\xe9\x04\x86\x06\x1f\x02\x26\x00\x59\x00\x00\x00\x07\x00\xcf\x00\xab\x00\x00"
"\xff\xff\x00\x59\xff\xe9\x04\x86\x06\x1f\x02\x26\x00\x59\x00\x00\x00\x07\x00\xce\x01\x63\x00\x00\xff\xff\x00\x59\xff\xe9\x04\x86\x06\x1f\x02\x26\x00\x59\x00\x00"
"\x00\x07\x00\xdc\x00\xa8\x00\x00\x00\x02\x00\x8a\xfe\x5e\x04\xa6\x04\x6c\x00\x16\x00\x22\x00\x00\x13\x11\x33\x15\x33\x3e\x02\x33\x32\x16\x12\x15\x14\x02\x06\x23"
"\x22\x26\x26\x27\x23\x11\x01\x32\x36\x35\x34\x26\x23\x22\x06\x15\x14\x16\x8a\xfe\x11\x13\x4a\x80\x63\x81\xd1\x7b\x79\xd0\x85\x60\x7f\x4c\x14\x0b\x01\x04\x82\x87"
"\x85\x84\x81\x88\x8a\xfe\x5e\x06\x00\xb9\x27\x5d\x43\x84\xfe\xff\xba\xb8\xfe\xfe\x87\x41\x5c\x28\xfd\xad\x02\x64\xcf\x9d\x9c\xcc\xc5\xa3\xa3\xc9\x00\x02\x00\x59"
"\xfe\x5e\x04\x75\x04\x6c\x00\x16\x00\x22\x00\x00\x01\x21\x11\x23\x0e\x02\x23\x22\x26\x02\x35\x34\x12\x36\x33\x32\x16\x16\x17\x33\x35\x33\x01\x32\x36\x35\x34\x26"
"\x23\x22\x06\x15\x14\x16\x04\x75\xfe\xfc\x0b\x15\x4c\x7f\x60\x84\xd1\x78\x7a\xd1\x81\x64\x7f\x4a\x14\x10\xff\xfd\xf8\x7f\x8a\x89\x80\x84\x86\x87\xfe\x5e\x02\x53"
"\x28\x5c\x41\x87\x01\x02\xb8\xba\x01\x01\x84\x43\x5d\x27\xb9\xfc\x64\xc9\xa3\xa3\xc5\xcc\x9c\x9d\xcf\x00\x00\x01\x00\x8a\x00\x00\x03\x05\x04\x6d\x00\x11\x00\x00"
"\x33\x11\x33\x15\x33\x36\x36\x33\x32\x17\x15\x26\x26\x23\x22\x06\x15\x11\x8a\xfc\x0c\x1e\x96\x60\x32\x2d\x10\x48\x23\x6d\x8f\x04\x5e\xbb\x61\x69\x07\xef\x04\x09"
"\x87\x6b\xfd\x6e\x00\x01\x00\x58\xff\xe9\x04\x11\x04\x6c\x00\x25\x00\x00\x05\x22\x26\x27\x37\x16\x33\x32\x36\x35\x34\x27\x27\x24\x35\x34\x36\x36\x33\x32\x16\x17"
"\x07\x26\x26\x23\x22\x06\x15\x14\x16\x17\x17\x04\x15\x14\x06\x06\x02\x31\xc1\xfb\x1d\xf3\x2c\xbf\x60\x71\x97\xbf\xfe\xc6\x72\xcb\x86\xbe\xdd\x22\xe8\x14\x64\x5a"
"\x52\x70\x49\x56\xbe\x01\x39\x7a\xd9\x17\xa5\x98\x2e\xa4\x4d\x39\x5f\x21\x29\x44\xf5\x68\x98\x54\x9e\x82\x2e\x3a\x52\x49\x39\x31\x3f\x13\x28\x43\xeb\x6a\xa1\x5b"
"\x00\x01\x00\x96\x00\x00\x04\xcb\x05\xe6\x00\x2a\x00\x00\x33\x11\x34\x36\x36\x33\x32\x16\x16\x15\x14\x06\x07\x15\x16\x16\x15\x14\x06\x06\x23\x23\x35\x33\x32\x36"
"\x35\x34\x26\x23\x23\x35\x33\x32\x36\x35\x34\x26\x23\x22\x06\x15\x11\x96\x79\xda\x90\x8a\xe1\x86\x77\x67\x91\xae\x75\xd0\x8a\xb9\x9a\x69\x7d\x8a\x77\x79\x53\x5a"
"\x6b\x77\x68\x67\x80\x04\x4c\x80\xb7\x63\x5c\xb1\x7f\x76\xa9\x20\x0f\x0c\xcb\x9b\x7e\xb8\x64\xdc\x74\x5d\x62\x79\xd6\x80\x55\x5a\x79\x77\x60\xfb\xd1\x00\x00\x01"
"\x00\x14\xff\xf1\x02\xae\x05\x68\x00\x17\x00\x00\x01\x15\x23\x11\x14\x16\x33\x32\x36\x37\x17\x06\x06\x23\x22\x26\x35\x11\x23\x35\x33\x11\x21\x11\x02\x8f\xd8\x33"
"\x3c\x12\x3a\x13\x29\x2b\x5a\x29\xa1\xac\x9f\x9f\x01\x04\x04\x5e\xcc\xfd\xa9\x3d\x39\x09\x04\xc9\x0d\x0b\xa0\x94\x02\x6d\xcc\x01\x0a\xfe\xf6\x00\x00\x01\x00\x8a"
"\xff\xf2\x04\x5c\x04\x5e\x00\x12\x00\x00\x05\x22\x26\x35\x11\x21\x11\x14\x16\x33\x32\x36\x35\x11\x21\x11\x23\x27\x06\x02\x09\xad\xd2\x01\x04\x75\x66\x68\x86\x01"
"\x05\xf7\x02\x64\x0e\xdc\xc9\x02\xc7\xfd\x61\x70\x80\x86\x7a\x02\x8f\xfb\xa2\xe0\xee\x00\xff\xff\x00\x8a\xff\xf2\x04\x5c\x06\x13\x02\x26\x00\x66\x00\x00\x00\x06"
"\x00\xda\x00\x00\x00\x01\x00\x8a\xfe\x5e\x04\xe0\x04\x5e\x00\x1b\x00\x00\x13\x11\x21\x11\x14\x16\x33\x32\x36\x35\x11\x21\x11\x14\x16\x33\x33\x15\x23\x22\x27\x06"
"\x06\x23\x22\x26\x27\x11\x8a\x01\x03\x85\x63\x63\x81\x01\x03\x2a\x32\x28\x61\xe0\x30\x29\x8e\x3e\x3b\x87\x2b\xfe\x5e\x06\x00\xfd\x66\x82\x7b\x7c\x81\x02\x9a\xfc"
"\xc9\x2e\x28\xd1\xad\x63\x49\x40\x55\xfd\xc8\x00\xff\xff\x00\x8a\xff\xf2\x04\x5c\x06\x1f\x02\x26\x00\x66\x00\x00\x00\x07\x00\xcf\x00\xb0\x00\x00\xff\xff\x00\x8a"
"\xff\xf2\x04\x5c\x06\x1f\x02\x26\x00\x66\x00\x00\x00\x07\x00\xce\x01\x67\x00\x00\xff\xff\x00\x8a\xff\xf2\x04\x5c\x06\x1f\x02\x26\x00\x66\x00\x00\x00\x07\x00\xdc"
"\x00\xac\x00\x00\x00\x01\x00\x27\x00\x00\x04\x8c\x04\x5e\x00\x0c\x00\x00\x21\x01\x21\x13\x16\x16\x17\x36\x36\x37\x13\x21\x01\x01\xc7\xfe\x60\x01\x16\xcc\x19\x27"
"\x13\x12\x26\x19\xcb\x01\x14\xfe\x5e\x04\x5e\xfd\xa0\x4a\x96\x4c\x4c\x96\x4a\x02\x60\xfb\xa2\x00\x00\x01\x00\x2c\x00\x00\x06\x8b\x04\x5e\x00\x1e\x00\x00\x21\x01"
"\x21\x13\x16\x16\x17\x36\x36\x37\x13\x33\x13\x16\x16\x17\x36\x36\x37\x13\x21\x01\x21\x03\x26\x26\x27\x06\x06\x07\x03\x01\x79\xfe\xb3\x01\x12\x6e\x15\x33\x18\x18"
"\x34\x18\x71\xf8\x6e\x16\x34\x19\x17\x31\x17\x6e\x01\x14\xfe\xb2\xfe\xf9\x83\x17\x2c\x15\x15\x2d\x16\x83\x04\x5e\xfe\x4a\x5c\xd7\x7f\x7c\xd7\x5f\x01\xb6\xfe\x4a"
"\x5d\xd7\x7e\x7d\xd7\x5e\x01\xb6\xfb\xa2\x01\xc8\x50\xbd\x5e\x5e\xbe\x4f\xfe\x38\x00\x01\x00\x32\x00\x00\x04\x5b\x04\x5e\x00\x17\x00\x00\x33\x01\x01\x21\x17\x16"
"\x16\x17\x36\x36\x37\x37\x21\x01\x01\x21\x27\x26\x26\x27\x06\x06\x07\x07\x32\x01\x72\xfe\xa4\x01\x1e\x72\x21\x37\x1a\x1a\x36\x22\x76\x01\x18\xfe\x9e\x01\x73\xfe"
"\xe4\x8a\x21\x37\x1a\x19\x34\x21\x8a\x02\x3e\x02\x20\xbe\x39\x6d\x34\x34\x6e\x38\xbe\xfd\xda\xfd\xc8\xe0\x37\x6b\x33\x33\x6b\x37\xe0\x00\x00\x01\x00\x27\xfe\x56"
"\x04\x8e\x04\x5e\x00\x17\x00\x00\x13\x37\x17\x16\x36\x37\x37\x01\x21\x13\x16\x16\x17\x36\x36\x37\x13\x21\x01\x06\x06\x23\x22\x26\x7f\x3d\x1f\x58\x76\x14\x10\xfe"
"\x5a\x01\x16\xcc\x18\x24\x10\x13\x27\x19\xd3\x01\x13\xfe\x20\x33\xb6\x98\x37\x5d\xfe\x71\xcb\x08\x18\x39\x60\x47\x04\x62\xfd\xa0\x49\x91\x49\x4a\x91\x48\x02\x60"
"\xfb\x12\x86\x94\x10\x00\xff\xff\x00\x27\xfe\x56\x04\x8e\x06\x13\x02\x26\x00\x6f\x00\x00\x00\x06\x00\xda\xea\x00\xff\xff\x00\x27\xfe\x56\x04\x8e\x06\x1f\x02\x26"
"\x00\x6f\x00\x00\x00\x07\x00\xce\x01\x51\x00\x00\x00\x01\x00\x7a\x00\x00\x04\x0d\x04\x5e\x00\x0b\x00\x00\x33\x35\x01\x35\x21\x35\x21\x15\x01\x15\x21\x15\x7a\x02"
"\x41\xfd\xd1\x03\x6e\xfd\xda\x02\x39\xa6\x02\xd6\x09\xd9\xb4\xfd\x38\x09\xd9\x00\x00\x02\x00\x8f\x00\x00\x04\xa3\x05\xd2\x00\x0e\x00\x17\x00\x00\x13\x21\x11\x17"
"\x32\x16\x16\x15\x14\x06\x06\x23\x23\x11\x21\x01\x33\x32\x36\x35\x34\x26\x23\x23\x8f\x01\x0d\xf2\xac\xee\x7b\x7b\xee\xac\xf2\xfe\xf3\x01\x0d\xf2\x8e\x89\x89\x8e"
"\xf2\x05\xd2\xfe\xe3\x01\x76\xc9\x7e\x7f\xc9\x75\xfe\xc6\x02\x0f\x80\x64\x65\x86\x00\x02\x00\x59\xff\xe8\x04\x67\x06\x27\x00\x21\x00\x2f\x00\x00\x01\x07\x16\x12"
"\x15\x14\x02\x06\x23\x22\x26\x26\x35\x34\x36\x36\x33\x32\x16\x17\x33\x26\x26\x27\x05\x27\x37\x26\x27\x37\x16\x16\x17\x25\x01\x32\x36\x35\x34\x26\x26\x23\x22\x06"
"\x15\x14\x16\x16\x03\xbe\xb3\x98\xc4\x80\xea\xa0\x9c\xe8\x80\x74\xcc\x83\x6f\x95\x28\x10\x24\x83\x5c\xfe\xdd\x1e\xcf\x5e\x6a\x2f\x57\xac\x4f\x01\x03\xfe\xc3\x83"
"\x8d\x39\x78\x5f\x87\x86\x3a\x77\x05\x7f\x59\x88\xfe\x83\xee\xb5\xfe\xf9\x8f\x88\xf2\x9e\x98\xee\x89\x60\x39\x56\xaf\x4f\x91\x81\x68\x3f\x30\x96\x1c\x55\x38\x82"
"\xfa\xb8\xbb\x91\x59\x9f\x63\xc5\x8f\x5d\x9a\x5c\x00\x03\x00\x5f\xff\x32\x04\xd5\x06\xa0\x00\x26\x00\x2d\x00\x34\x00\x00\x05\x35\x26\x24\x27\x21\x16\x16\x17\x11"
"\x27\x26\x26\x35\x34\x36\x36\x37\x35\x33\x15\x1e\x02\x17\x21\x26\x26\x27\x11\x17\x1e\x02\x15\x14\x04\x07\x15\x11\x36\x36\x35\x34\x26\x27\x03\x11\x06\x06\x15\x14"
"\x16\x02\x64\xe9\xfe\xec\x08\x01\x07\x08\x8e\x68\x50\xbb\xd1\x7b\xd7\x8a\x78\x91\xd7\x7a\x03\xfe\xfd\x09\x78\x61\x43\x6e\xc9\x7f\xfe\xf7\xf0\x6b\x83\x82\x6c\x78"
"\x61\x6d\x7f\xce\xb9\x0e\xed\xd0\x68\x72\x0c\x01\xba\x15\x30\xc2\x9e\x7a\xbc\x72\x0c\xbd\xbc\x09\x72\xba\x75\x54\x66\x0c\xfe\x5f\x11\x1b\x65\xaa\x82\xb9\xf0\x0e"
"\xb9\x01\x9f\x0d\x72\x54\x52\x57\x1d\x01\x14\x01\x81\x0e\x68\x4a\x52\x57\x00\x02\x00\x59\x00\x00\x04\x54\x05\xd2\x00\x1c\x00\x23\x00\x00\x21\x35\x2e\x02\x35\x34"
"\x36\x36\x37\x35\x33\x15\x16\x16\x17\x07\x26\x26\x27\x11\x36\x36\x37\x17\x06\x06\x07\x15\x03\x11\x06\x06\x15\x14\x16\x02\x2e\x90\xd3\x72\x72\xd3\x90\x76\xa7\xe5"
"\x21\xf3\x12\x5f\x49\x4b\x60\x12\xf3\x22\xe5\xa9\x76\x66\x66\x66\xab\x0e\x96\xf8\xa0\xa2\xf9\x96\x0f\xab\xaa\x0d\xb8\x98\x33\x4a\x63\x0d\xfd\x2d\x0e\x66\x4e\x33"
"\x9b\xbc\x0d\xaa\x01\x83\x02\xcc\x1a\xc5\x88\x86\xc5\x00\x00\x01\x00\x1e\x00\x00\x04\x66\x05\xd2\x00\x16\x00\x00\x09\x02\x21\x01\x33\x15\x21\x15\x21\x15\x21\x11"
"\x21\x11\x21\x35\x21\x35\x21\x35\x33\x01\x01\x35\x01\x0c\x01\x0d\x01\x18\xfe\xa6\xe9\xfe\xce\x01\x32\xfe\xce\xfe\xf8\xfe\xbf\x01\x41\xfe\xbf\xfc\xfe\xa8\x05\xd2"
"\xfd\x8d\x02\x73\xfd\x25\xa3\x7d\xa3\xfe\xcc\x01\x34\xa3\x7d\xa3\x02\xdb\x00\x01\x00\x63\x00\x00\x04\xaa\x05\xe7\x00\x27\x00\x00\x33\x35\x33\x32\x27\x03\x23\x35"
"\x33\x27\x26\x36\x36\x33\x32\x16\x17\x07\x26\x26\x23\x22\x06\x17\x17\x21\x15\x21\x17\x16\x06\x07\x21\x32\x35\x35\x33\x15\x10\x21\x63\x01\xad\x07\x0b\x9c\x94\x08"
"\x07\x77\xde\x92\xb8\xff\x1d\xf5\x11\x6e\x5c\x7a\x72\x04\x06\x01\xa7\xfe\x5f\x08\x02\x50\x3a\x02\x00\x40\xf3\xfe\xd1\xe1\xab\x01\x04\xb2\xb9\x95\xdd\x7a\xd3\xb4"
"\x26\x61\x6b\x8c\x73\xc5\xb2\xe5\x50\x60\x1a\x41\x3a\x35\xfe\xd9\x00\x01\x00\x38\xff\xec\x04\xfa\x05\xe6\x00\x2c\x00\x00\x01\x07\x21\x06\x15\x14\x17\x21\x07\x21"
"\x16\x16\x33\x32\x36\x37\x17\x06\x06\x23\x22\x00\x27\x23\x37\x33\x26\x35\x34\x37\x23\x37\x33\x12\x00\x33\x32\x17\x07\x26\x26\x23\x22\x06\x07\x04\x43\x46\xfe\x01"
"\x02\x02\x01\xbe\x4a\xfe\xa4\x27\xb5\x7b\x61\x92\x30\x66\x4e\xcb\x70\xe7\xfe\xb7\x35\xd0\x39\x82\x02\x02\xbb\x39\x97\x35\x01\x49\xe7\xe6\xa7\x64\x34\x94\x61\x7c"
"\xb4\x27\x03\xcb\x99\x24\x27\x24\x23\x9d\x96\x91\x49\x25\xd5\x44\x45\x01\x19\xfe\x9d\x23\x24\x26\x25\x99\x01\x00\x01\x1b\x8e\xd7\x2a\x4a\x93\x97\x00\x02\x00\x67"
"\xff\xec\x04\xe0\x05\xe6\x00\x0b\x00\x17\x00\x00\x05\x20\x00\x11\x10\x00\x21\x20\x00\x11\x10\x00\x25\x32\x12\x11\x10\x02\x23\x22\x02\x11\x10\x12\x02\xa4\xfe\xf0"
"\xfe\xd3\x01\x2e\x01\x0f\x01\x0e\x01\x2e\xfe\xd3\xfe\xf1\x92\x9d\x9d\x92\x92\x9e\x9d\x14\x01\x91\x01\x6b\x01\x6a\x01\x94\xfe\x6c\xfe\x96\xfe\x95\xfe\x6f\xe0\x01"
"\x1a\x01\x02\x01\x03\x01\x1c\xfe\xe3\xfe\xfe\xfe\xfe\xfe\xe6\x00\x00\x01\x00\x5e\x00\x00\x02\xcd\x05\xd2\x00\x07\x00\x00\x01\x11\x21\x11\x23\x05\x35\x25\x02\xcd"
"\xfe\xf7\x0a\xfe\xa4\x01\x47\x05\xd2\xfa\x2e\x04\xe4\xfa\xfe\xea\x00\x01\x00\x7e\x00\x00\x04\x81\x05\xe6\x00\x1c\x00\x00\x33\x35\x01\x36\x36\x35\x34\x26\x23\x22"
"\x06\x15\x23\x34\x36\x36\x33\x32\x16\x16\x15\x14\x06\x06\x07\x01\x15\x21\x15\x86\x02\x05\x6d\x72\x8d\x6a\x70\x86\xff\x81\xe4\x93\x95\xe2\x7e\x3f\xa0\x91\xfe\xfd"
"\x02\x89\xc0\x01\xfd\x6f\x9e\x5f\x69\x7a\x85\x73\x8d\xd2\x73\x70\xc3\x7d\x52\xa0\xc6\x8c\xfe\xf8\x0b\xdf\x00\x01\x00\x6b\xff\xec\x04\xb0\x05\xe6\x00\x2d\x00\x00"
"\x05\x22\x26\x26\x27\x21\x16\x16\x33\x32\x36\x35\x34\x26\x23\x23\x35\x33\x32\x36\x35\x34\x26\x23\x22\x06\x07\x21\x3e\x02\x33\x32\x16\x16\x15\x14\x06\x07\x15\x16"
"\x16\x15\x14\x06\x06\x02\x8b\x9d\xf3\x8c\x04\x01\x0d\x06\x9c\x71\x78\x9a\x9f\x8e\x84\x84\x74\x92\x7f\x69\x67\x99\x03\xfe\xff\x02\x8b\xe9\x90\x95\xdc\x79\x94\x79"
"\x9c\xa7\x8e\xf8\x14\x6b\xc0\x7d\x5c\x6c\x7c\x63\x66\x81\xce\x78\x62\x5f\x73\x6c\x5f\x7c\xbe\x6b\x70\xbb\x71\x7e\xaa\x1b\x0c\x16\xbc\x8c\x7d\xc4\x70\x00\x00\x02"
"\x00\x6b\x00\x00\x04\xf0\x05\xd2\x00\x0a\x00\x0f\x00\x00\x13\x35\x01\x21\x11\x33\x15\x23\x11\x21\x11\x37\x11\x23\x01\x15\x6b\x02\x79\x01\x4c\xc0\xc0\xff\x00\x05"
"\x0c\xfe\x53\x01\x15\xd5\x03\xe8\xfc\x1f\xdc\xfe\xeb\x01\x15\xdc\x02\xb1\xfd\x5b\x0c\x00\x00\x01\x00\x69\xff\xec\x04\x7f\x05\xd2\x00\x22\x00\x00\x05\x22\x26\x26"
"\x27\x21\x16\x16\x33\x32\x36\x35\x34\x26\x23\x22\x06\x07\x27\x13\x21\x15\x21\x03\x33\x36\x36\x33\x32\x16\x16\x15\x14\x06\x06\x02\x6a\x92\xe5\x86\x04\x01\x04\x05"
"\x92\x66\x77\x9b\x9f\x7b\x44\x81\x26\xf2\x4e\x03\x5e\xfd\x7f\x2a\x08\x2a\x97\x5a\x87\xd5\x7a\x88\xf0\x14\x6e\xbf\x7b\x5c\x73\xa0\x7e\x7f\xa5\x33\x29\x27\x03\x00"
"\xe0\xfe\x74\x31\x3f\x7f\xdf\x8f\x94\xe6\x83\x00\x00\x02\x00\x67\xff\xec\x04\xb7\x05\xe6\x00\x1f\x00\x2f\x00\x00\x05\x22\x26\x26\x02\x35\x34\x12\x24\x33\x32\x16"
"\x16\x17\x21\x26\x26\x23\x22\x02\x15\x33\x36\x36\x33\x32\x16\x16\x15\x14\x06\x06\x27\x32\x36\x36\x35\x34\x26\x26\x23\x22\x06\x06\x15\x14\x16\x16\x02\x9f\x6b\xca"
"\xa3\x60\x8f\x01\x06\xb3\x8b\xd8\x87\x10\xfe\xfa\x15\x7e\x61\x9c\xa8\x0b\x36\xc5\x78\x83\xd1\x7a\x86\xf1\xa2\x4f\x7e\x49\x47\x7d\x4f\x4f\x7f\x4a\x48\x7d\x14\x49"
"\xa6\x01\x16\xcd\xff\x01\x69\xc0\x6e\xbe\x79\x55\x69\xfe\xf2\xed\x61\x6d\x7d\xdc\x8d\x93\xe7\x86\xd9\x4d\x83\x52\x50\x82\x4c\x4f\x83\x4d\x4f\x83\x4f\x00\x00\x01"
"\x00\x53\x00\x00\x04\x49\x05\xd2\x00\x07\x00\x00\x33\x01\x35\x21\x35\x21\x15\x01\xb9\x02\x7a\xfd\x20\x03\xf6\xfd\x86\x04\xe8\x0a\xe0\xe6\xfb\x14\x00\x03\x00\x67"
"\xff\xec\x04\xb8\x05\xe6\x00\x1f\x00\x2b\x00\x37\x00\x00\x05\x22\x26\x26\x35\x34\x36\x36\x37\x35\x26\x26\x35\x34\x36\x36\x33\x32\x16\x16\x15\x14\x06\x07\x15\x1e"
"\x02\x15\x14\x06\x06\x27\x32\x36\x35\x34\x26\x23\x22\x06\x15\x14\x16\x13\x32\x36\x35\x34\x26\x23\x22\x06\x15\x14\x16\x02\x8f\xa2\xf9\x8d\x52\x8d\x58\x73\x8e\x81"
"\xe1\x90\x8f\xe1\x82\x8f\x71\x56\x8d\x54\x8e\xfa\xa1\x7e\x97\x9e\x77\x79\x9d\x97\x7f\x67\x86\x84\x69\x6a\x83\x85\x14\x6c\xbe\x79\x5d\x9e\x6a\x0f\x09\x1a\xb8\x79"
"\x73\xb4\x68\x68\xb4\x73\x79\xb8\x1a\x09\x0f\x6a\x9e\x5d\x79\xbe\x6c\xce\x80\x68\x6b\x8a\x8a\x6b\x68\x80\x02\xa7\x7a\x62\x61\x76\x76\x61\x61\x7b\x00\x02\x00\x67"
"\xff\xeb\x04\xb7\x05\xe9\x00\x1f\x00\x2f\x00\x00\x05\x22\x26\x26\x27\x21\x16\x16\x33\x32\x12\x35\x23\x06\x06\x23\x22\x26\x26\x35\x34\x36\x36\x17\x1e\x02\x12\x15"
"\x10\x02\x04\x03\x32\x36\x36\x35\x34\x26\x26\x23\x22\x06\x06\x15\x14\x16\x16\x02\x71\x8c\xda\x86\x10\x01\x08\x14\x7e\x62\x9b\xa8\x0a\x36\xc5\x79\x83\xd1\x7b\x87"
"\xf3\xa1\x69\xca\xa2\x60\x8f\xfe\xfb\xa6\x50\x7f\x4b\x48\x7e\x50\x4f\x7e\x49\x47\x7c\x15\x6e\xc0\x7a\x56\x6b\x01\x0f\xee\x5f\x6f\x7d\xdc\x8c\x93\xea\x86\x02\x01"
"\x49\xa6\xfe\xeb\xcd\xff\x00\xfe\x96\xc0\x02\xe3\x4f\x84\x4e\x4c\x83\x4f\x4d\x83\x51\x51\x81\x4c\x00\x03\x00\x59\xff\xeb\x05\x3d\x05\xe3\x00\x24\x00\x2e\x00\x3b"
"\x00\x00\x05\x22\x26\x26\x35\x34\x36\x36\x37\x26\x26\x35\x34\x36\x36\x33\x32\x16\x16\x15\x14\x06\x07\x07\x01\x36\x36\x35\x33\x14\x06\x07\x17\x21\x27\x06\x06\x13"
"\x01\x07\x06\x06\x15\x14\x16\x33\x32\x03\x37\x36\x36\x35\x34\x26\x23\x22\x06\x15\x14\x16\x02\x43\x98\xdc\x76\x47\x7e\x53\x41\x58\x61\xb0\x76\x74\xa9\x5c\x6c\x5a"
"\x60\x01\x13\x1d\x21\xe1\x4b\x36\xda\xfe\xe4\x5f\x4e\xce\x8e\xfe\xc9\x19\x48\x42\x82\x69\x7f\x98\x57\x2c\x4a\x50\x47\x49\x58\x3a\x15\x6e\xbb\x74\x5a\x89\x73\x3a"
"\x51\xa8\x66\x68\xa4\x60\x5d\x9b\x5e\x67\xa6\x41\x46\xfe\xbf\x38\x83\x49\x99\xdc\x48\xff\x6d\x43\x3f\x01\x25\x01\x65\x12\x35\x62\x3e\x5d\x71\x02\xd8\x3b\x1f\x57"
"\x3c\x3a\x4f\x55\x44\x37\x6a\x00\x00\x02\x00\xa6\xff\xef\x01\xec\x05\xd2\x00\x03\x00\x0f\x00\x00\x13\x03\x21\x03\x03\x22\x26\x35\x34\x36\x33\x32\x16\x15\x14\x06"
"\xcd\x12\x01\x1b\x13\x7a\x47\x5c\x5c\x47\x47\x5c\x5c\x01\xda\x03\xf8\xfc\x08\xfe\x15\x59\x44\x46\x58\x58\x46\x44\x59\x00\x00\x02\x00\xa6\xfe\x93\x01\xec\x04\x76"
"\x00\x03\x00\x0f\x00\x00\x13\x13\x33\x13\x03\x22\x26\x35\x34\x36\x33\x32\x16\x15\x14\x06\xbc\x13\xf5\x13\x8e\x47\x5c\x5c\x47\x47\x5c\x5c\xfe\x93\x03\xf8\xfc\x08"
"\x04\xa8\x58\x46\x44\x59\x59\x44\x46\x58\x00\x02\x00\x50\xff\xef\x03\xf6\x05\xe6\x00\x1f\x00\x2b\x00\x00\x01\x35\x34\x36\x36\x37\x36\x36\x35\x34\x26\x23\x22\x06"
"\x07\x23\x3e\x02\x33\x32\x16\x16\x15\x14\x06\x07\x0e\x02\x15\x15\x03\x22\x26\x35\x34\x36\x33\x32\x16\x15\x14\x06\x01\x84\x2f\x5b\x40\x43\x5b\x76\x55\x4e\x7e\x06"
"\xff\x03\x7f\xd2\x7e\x8b\xd3\x76\x73\x65\x3c\x4c\x23\x76\x47\x5d\x5d\x47\x46\x5d\x5d\x01\xc7\x13\x83\x93\x56\x28\x2a\x6d\x4e\x56\x67\x64\x66\x8a\xb9\x5d\x62\xb3"
"\x7a\x7d\xab\x3c\x25\x45\x61\x4e\x13\xfe\x28\x59\x44\x46\x58\x58\x46\x44\x59\x00\x00\x02\x00\x62\xfe\x78\x04\x09\x04\x6f\x00\x1f\x00\x2b\x00\x00\x01\x15\x14\x06"
"\x06\x07\x06\x06\x15\x14\x16\x33\x32\x36\x37\x33\x0e\x02\x23\x22\x26\x26\x35\x34\x36\x37\x3e\x02\x35\x35\x13\x32\x16\x15\x14\x06\x23\x22\x26\x35\x34\x36\x02\xd5"
"\x30\x5a\x40\x43\x5b\x76\x55\x4d\x7f\x06\xff\x03\x7f\xd2\x7e\x8b\xd3\x77\x74\x65\x3c\x4c\x23\x76\x47\x5d\x5d\x47\x47\x5c\x5c\x02\x97\x13\x83\x93\x56\x28\x2a\x6d"
"\x4e\x56\x67\x64\x66\x8a\xb9\x5d\x62\xb3\x7a\x7d\xab\x3c\x25\x45\x61\x4e\x13\x01\xd8\x59\x44\x46\x58\x58\x46\x44\x59\x00\x00\x01\x00\xba\xfe\xe9\x02\xaf\x06\x2d"
"\x00\x10\x00\x00\x13\x34\x12\x12\x37\x33\x06\x02\x02\x15\x14\x12\x12\x17\x23\x26\x02\xba\x42\x74\x4c\xf3\x4a\x6a\x39\x31\x69\x53\xf3\x80\x82\x02\x5f\xa4\x01\x66"
"\x01\x4a\x7a\x9c\xfe\xaf\xfe\xb4\x95\x84\xfe\xf5\xfe\xd1\xb8\xd4\x01\xc3\x00\x01\x00\x4d\xfe\xe9\x02\x42\x06\x2d\x00\x10\x00\x00\x13\x36\x12\x12\x35\x34\x02\x02"
"\x27\x33\x16\x12\x12\x15\x14\x02\x07\x4d\x54\x69\x30\x39\x6b\x49\xf3\x4c\x74\x42\x84\x7e\xfe\xe9\xbb\x01\x30\x01\x0a\x81\x95\x01\x4c\x01\x51\x9c\x79\xfe\xb6\xfe"
"\x99\xa4\xe1\xfe\x3d\xd2\x00\x01\x00\xc4\xfe\xe9\x02\x8f\x06\x2d\x00\x07\x00\x00\x13\x11\x21\x15\x23\x11\x33\x15\xc4\x01\xcb\xd0\xd0\xfe\xe9\x07\x44\xcb\xfa\x52"
"\xcb\x00\x00\x01\x00\x6d\xfe\xe9\x02\x37\x06\x2d\x00\x07\x00\x00\x13\x35\x33\x11\x23\x35\x21\x11\x6d\xd0\xd0\x01\xca\xfe\xe9\xcb\x05\xae\xcb\xf8\xbc\x00\x00\x01"
"\x00\x8d\xfe\xe9\x03\x36\x06\x2d\x00\x25\x00\x00\x01\x22\x26\x26\x35\x35\x34\x26\x27\x23\x35\x33\x36\x36\x35\x35\x34\x36\x36\x33\x15\x26\x06\x15\x15\x14\x06\x06"
"\x07\x15\x1e\x02\x15\x15\x14\x16\x33\x03\x36\x91\xce\x6d\x56\x6b\x1c\x1c\x6c\x55\x6d\xce\x91\x80\x5b\x23\x61\x5d\x5d\x61\x23\x5b\x80\xfe\xe9\x41\xad\xa3\xc0\x6c"
"\x67\x05\xf2\x05\x65\x6c\xc2\xa2\xae\x41\xca\x01\x6b\x72\xf1\x38\x64\x4f\x15\x16\x16\x4f\x65\x38\xef\x72\x6c\x00\x00\x01\x00\x6d\xfe\xe9\x03\x16\x06\x2d\x00\x24"
"\x00\x00\x13\x35\x32\x36\x35\x35\x34\x36\x36\x37\x35\x2e\x02\x35\x35\x34\x26\x23\x35\x32\x16\x16\x15\x15\x14\x16\x17\x33\x15\x06\x06\x15\x15\x14\x06\x06\x6d\x81"
"\x5a\x23\x61\x5c\x5c\x61\x23\x5a\x81\x91\xce\x6c\x60\x7a\x04\x7d\x61\x6c\xce\xfe\xe9\xc8\x6c\x72\xef\x38\x65\x4f\x16\x16\x16\x4e\x64\x38\xf1\x72\x6a\xca\x41\xae"
"\xa2\xc2\x71\x65\x01\xf0\x01\x66\x72\xc0\xa3\xad\x41\x00\x00\x02\x00\x67\xfe\x5f\x07\x97\x05\xb9\x00\x3f\x00\x4b\x00\x00\x01\x20\x24\x02\x11\x10\x12\x24\x21\x32"
"\x04\x16\x12\x15\x14\x0e\x02\x23\x22\x26\x26\x27\x23\x06\x06\x23\x22\x26\x26\x35\x34\x36\x36\x33\x32\x16\x17\x33\x35\x33\x11\x14\x16\x33\x32\x36\x35\x34\x02\x24"
"\x23\x20\x00\x11\x10\x00\x21\x32\x36\x37\x17\x06\x04\x03\x32\x36\x35\x34\x26\x23\x22\x06\x15\x14\x16\x04\x20\xfe\xd1\xfe\x56\xe0\xdc\x01\xa4\x01\x2d\xd5\x01\x4e"
"\xe7\x79\x26\x59\x96\x71\x3d\x76\x53\x0a\x08\x1b\x95\x74\x88\xbb\x62\x6d\xc1\x7e\x61\x8a\x1c\x0b\xbe\x33\x34\x64\x49\x95\xfe\xd5\xe2\xfe\xa1\xfe\x89\x01\x7d\x01"
"\x6d\x79\xd7\x38\x43\x49\xfe\xf9\xc3\x83\x7a\x80\x79\x75\x81\x73\xfe\x5f\xdc\x01\xa2\x01\x2a\x01\x1e\x01\xaa\xea\x82\xe7\xfe\xd1\xae\x77\xd7\xa8\x61\x22\x4a\x3b"
"\x47\x5f\x80\xe1\x93\x8f\xdd\x7d\x46\x31\x60\xfd\x62\x34\x43\xc5\xd4\xb9\x01\x26\xab\xfe\x76\xfe\xa2\xfe\x9d\xfe\x83\x36\x17\xb9\x23\x3b\x02\x7f\x9e\x9a\x9c\x7e"
"\xa0\x79\x82\xb7\x00\x02\x00\x1a\x00\x00\x05\x0b\x05\xd2\x00\x1b\x00\x1f\x00\x00\x21\x13\x21\x03\x23\x13\x23\x37\x33\x13\x23\x37\x33\x13\x33\x03\x21\x13\x33\x03"
"\x33\x07\x23\x03\x33\x07\x23\x03\x01\x21\x13\x21\x02\xb9\x3f\xfe\xbf\x3f\xca\x3f\xd3\x22\xd2\x34\xd1\x22\xd0\x3f\xca\x3f\x01\x42\x3f\xca\x3f\xd2\x21\xd3\x33\xd2"
"\x22\xd1\x40\xfe\x55\x01\x42\x33\xfe\xbf\x01\x81\xfe\x7f\x01\x81\xca\x01\x3b\xcb\x01\x81\xfe\x7f\x01\x81\xfe\x7f\xcb\xfe\xc5\xca\xfe\x7f\x02\x4b\x01\x3b\x00\x02"
"\x00\x82\xff\xeb\x05\x80\x04\xed\x00\x23\x00\x33\x00\x00\x05\x22\x26\x27\x07\x27\x37\x26\x26\x35\x34\x36\x37\x27\x37\x17\x36\x36\x33\x32\x16\x17\x37\x17\x07\x16"
"\x16\x15\x14\x06\x07\x17\x07\x27\x06\x06\x27\x32\x36\x36\x35\x34\x26\x26\x23\x22\x06\x06\x15\x14\x16\x16\x02\xfd\x69\xbe\x4d\x84\x83\x87\x32\x37\x3c\x36\x90\x83"
"\x92\x4b\xb7\x64\x66\xb8\x4c\x93\x86\x96\x36\x3c\x37\x31\x8c\x86\x85\x4e\xc0\x6a\x77\xc1\x73\x73\xc1\x77\x77\xc3\x73\x73\xc3\x14\x45\x3d\x83\x88\x87\x4c\xb5\x65"
"\x69\xbd\x4d\x92\x88\x92\x39\x3e\x40\x3a\x95\x88\x96\x4c\xbb\x68\x64\xb4\x4a\x8b\x88\x86\x3f\x46\xb3\x79\xcb\x7d\x7e\xcb\x78\x78\xcb\x7e\x7d\xcb\x79\x00\x00\x01"
"\x00\x22\xff\x20\x02\xe6\x06\x18\x00\x03\x00\x00\x01\x01\x23\x01\x02\xe6\xfe\x20\xe4\x01\xe0\x06\x18\xf9\x08\x06\xf8\x00\x00\x01\x00\xf6\xfe\x20\x01\xe8\x07\xb2"
"\x00\x03\x00\x00\x01\x11\x23\x11\x01\xe8\xf2\x07\xb2\xf6\x6e\x09\x92\x00\x00\x02\x00\xce\xfe\xe8\x01\xb9\x05\xd2\x00\x03\x00\x07\x00\x00\x13\x33\x11\x23\x13\x11"
"\x23\x11\xce\xeb\xeb\xeb\xeb\x01\x9b\xfd\x4d\x06\xea\xfd\x51\x02\xaf\x00\x00\x01\x00\x22\xff\x20\x02\xe6\x06\x18\x00\x03\x00\x00\x05\x01\x33\x01\x02\x02\xfe\x20"
"\xe4\x01\xe0\xe0\x06\xf8\xf9\x08\x00\x01\x00\x8d\x02\x01\x03\x2b\x02\xd8\x00\x03\x00\x00\x01\x15\x21\x35\x03\x2b\xfd\x62\x02\xd8\xd7\xd7\x00\x01\x00\x00\x02\x01"
"\x04\x00\x02\xd8\x00\x03\x00\x00\x01\x15\x21\x35\x04\x00\xfc\x00\x02\xd8\xd7\xd7\x00\x01\x00\x00\x02\x01\x08\x00\x02\xd8\x00\x03\x00\x00\x01\x15\x21\x35\x08\x00"
"\xf8\x00\x02\xd8\xd7\xd7\x00\x01\x00\xc4\x01\x12\x03\x44\x03\x92\x00\x0f\x00\x00\x01\x22\x26\x26\x35\x34\x36\x36\x33\x32\x16\x16\x15\x14\x06\x06\x02\x04\x59\x91"
"\x56\x56\x91\x59\x58\x91\x57\x57\x91\x01\x12\x56\x92\x58\x59\x91\x56\x56\x91\x59\x58\x92\x56\x00\x00\x01\x00\xa4\x03\x77\x02\x08\x05\xd2\x00\x03\x00\x00\x13\x13"
"\x33\x03\xa4\xae\xb6\x58\x03\x77\x02\x5b\xfd\xa5\x00\x01\x00\xa4\x03\x77\x02\x08\x05\xd2\x00\x03\x00\x00\x13\x13\x21\x03\xa4\x58\x01\x0c\xae\x03\x77\x02\x5b\xfd"
"\xa5\x00\x00\x01\x00\xcd\x03\x77\x01\xce\x05\xd2\x00\x03\x00\x00\x13\x03\x21\x03\xe8\x1b\x01\x01\x1b\x03\x77\x02\x5b\xfd\xa5\x00\xff\xff\x00\xcd\x03\x77\x03\x62"
"\x05\xd2\x00\x26\x00\x9c\x00\x00\x00\x07\x00\x9c\x01\x94\x00\x00\xff\xff\x00\xa4\x03\x77\x03\xbc\x05\xd2\x00\x26\x00\x9a\x00\x00\x00\x07\x00\x9a\x01\xb4\x00\x00"
"\xff\xff\x00\xa4\x03\x77\x03\xb1\x05\xd2\x00\x26\x00\x9b\x00\x00\x00\x07\x00\x9b\x01\xa9\x00\x00\xff\xff\x00\x7b\xfe\x81\x01\xdf\x00\xdc\x00\x07\x00\x9b\xff\xd7"
"\xfb\x0a\x00\x01\x00\xa6\xff\xef\x01\xe7\x01\x2e\x00\x0b\x00\x00\x05\x22\x26\x35\x34\x36\x33\x32\x16\x15\x14\x06\x01\x46\x43\x5d\x5d\x43\x44\x5d\x5d\x11\x5c\x44"
"\x43\x5c\x5c\x43\x44\x5c\xff\xff\x00\xa6\xff\xef\x07\x00\x01\x2e\x00\x26\x00\xa1\x00\x00\x00\x27\x00\xa1\x02\x8d\x00\x00\x00\x07\x00\xa1\x05\x19\x00\x00\xff\xff"
"\x00\xa6\xff\xef\x01\xe7\x04\x2a\x02\x26\x00\xa1\x00\x00\x00\x07\x00\xa1\x00\x00\x02\xfc\xff\xff\x00\x7b\xfe\x81\x01\xfd\x04\x2a\x00\x27\x00\x9b\xff\xd7\xfb\x0a"
"\x00\x07\x00\xa1\x00\x16\x02\xfc\xff\xff\x00\xa6\x02\x23\x01\xe7\x03\x62\x02\x07\x00\xa1\x00\x00\x02\x34\x00\x01\x00\x5d\x00\x90\x03\x07\x04\x40\x00\x05\x00\x00"
"\x25\x01\x01\x21\x01\x01\x01\xee\xfe\x6f\x01\x91\x01\x19\xfe\x76\x01\x8a\x90\x01\xd8\x01\xd8\xfe\x28\xfe\x28\x00\x00\x01\x00\x4c\x00\x90\x02\xf6\x04\x40\x00\x05"
"\x00\x00\x37\x01\x01\x21\x01\x01\x4c\x01\x8a\xfe\x76\x01\x19\x01\x91\xfe\x6f\x90\x01\xd8\x01\xd8\xfe\x28\xfe\x28\xff\xff\x00\x5d\x00\x90\x04\xc7\x04\x40\x00\x26"
"\x00\xa6\x00\x00\x00\x07\x00\xa6\x01\xc0\x00\x00\xff\xff\x00\x4c\x00\x90\x04\xb6\x04\x40\x00\x26\x00\xa7\x00\x00\x00\x07\x00\xa7\x01\xc0\x00\x00\x00\x01\x00\xa9"
"\x00\x1b\x04\x8b\x04\x83\x00\x07\x00\x00\x13\x35\x01\x11\x01\x15\x01\x11\xa9\x03\xe2\xfd\x45\x02\xbb\x01\xe8\xce\x01\xcd\xfe\xfe\xfe\xd4\x0d\xfe\xd3\xff\x00\x00"
"\x00\x01\x00\xd8\x00\x1b\x04\xb9\x04\x83\x00\x07\x00\x00\x01\x01\x11\x01\x35\x01\x11\x01\x04\xb9\xfc\x1f\x02\xbc\xfd\x44\x03\xe1\x01\xe8\xfe\x33\x01\x00\x01\x2d"
"\x0d\x01\x2c\x01\x02\xfe\x33\x00\x00\x02\x00\xcf\x00\xf7\x04\x94\x03\xa6\x00\x03\x00\x07\x00\x00\x37\x35\x21\x15\x01\x35\x21\x15\xcf\x03\xc5\xfc\x3b\x03\xc5\xf7"
"\xe0\xe0\x01\xd1\xde\xde\x00\x01\x00\xbb\x00\x58\x04\xa8\x04\x46\x00\x0b\x00\x00\x25\x11\x21\x35\x21\x11\x33\x11\x21\x15\x21\x11\x02\x40\xfe\x7b\x01\x85\xe2\x01"
"\x86\xfe\x7a\x58\x01\x8d\xd5\x01\x8c\xfe\x74\xd5\xfe\x73\x00\x01\x00\xb8\x00\x53\x04\xae\x04\x4b\x00\x0b\x00\x00\x25\x01\x01\x27\x01\x01\x37\x01\x01\x17\x01\x01"
"\x04\x0c\xfe\xa7\xfe\xa8\xa3\x01\x58\xfe\xa8\xa3\x01\x58\x01\x59\xa2\xfe\xa8\x01\x58\x53\x01\x58\xfe\xa8\xa2\x01\x59\x01\x58\xa5\xfe\xa6\x01\x5a\xa5\xfe\xa8\xfe"
"\xa7\x00\x00\x03\x00\xc4\x00\x25\x04\x9f\x04\x79\x00\x03\x00\x0f\x00\x1b\x00\x00\x01\x15\x21\x35\x25\x22\x26\x35\x34\x36\x33\x32\x16\x15\x14\x06\x03\x26\x26\x35"
"\x34\x36\x33\x32\x16\x15\x14\x06\x04\x9f\xfc\x25\x01\xed\x42\x5d\x5d\x42\x41\x5d\x5d\x41\x42\x5d\x5d\x42\x41\x5d\x5d\x02\xbc\xda\xda\x80\x5c\x43\x41\x5d\x5d\x41"
"\x43\x5c\xfc\xe9\x01\x5d\x42\x41\x5c\x5c\x41\x42\x5d\x00\x00\x02\x00\xc0\x00\x3d\x04\xa2\x04\x75\x00\x0b\x00\x0f\x00\x00\x13\x35\x21\x11\x33\x11\x21\x15\x21\x11"
"\x23\x11\x01\x35\x21\x15\xc0\x01\x81\xe1\x01\x80\xfe\x80\xe1\xfe\x7f\x03\xe2\x02\x94\xd4\x01\x0d\xfe\xf3\xd4\xfe\xf4\x01\x0c\xfd\xa9\xd9\xd9\x00\x00\x01\x00\x9c"
"\x01\x7d\x04\xc6\x03\x2a\x00\x19\x00\x00\x13\x26\x36\x33\x32\x16\x17\x16\x16\x33\x32\x36\x27\x33\x16\x06\x23\x22\x26\x27\x26\x26\x23\x22\x06\x17\xa1\x05\xb0\x86"
"\x46\x7c\x50\x2e\x3d\x26\x37\x45\x01\xd2\x04\xb3\x83\x4a\x7d\x4c\x31\x39\x26\x35\x47\x02\x01\xa0\xc8\xc2\x3a\x47\x28\x27\x55\x57\xc7\xc2\x3e\x42\x2b\x24\x4f\x5d"
"\x00\x01\x00\xda\x01\x27\x04\x4c\x03\x02\x00\x05\x00\x00\x01\x11\x21\x35\x21\x11\x03\x6b\xfd\x6f\x03\x72\x01\x27\x01\x05\xd6\xfe\x25\x00\x00\x01\x00\x00\xff\x2f"
"\x03\xc1\x00\x00\x00\x03\x00\x00\x21\x15\x21\x35\x03\xc1\xfc\x3f\xd1\xd1\x00\x01\x00\x49\x03\x2e\x03\x91\x05\xab\x00\x07\x00\x00\x13\x01\x33\x01\x23\x03\x23\x03"
"\x49\x01\x31\xe6\x01\x31\xd5\xc9\x0c\xc8\x03\x2e\x02\x7d\xfd\x83\x01\xc0\xfe\x40\x00\x01\x00\x91\x02\x8c\x03\xc0\x05\xd2\x00\x11\x00\x00\x01\x13\x07\x27\x25\x25"
"\x37\x17\x03\x33\x03\x37\x17\x05\x05\x07\x27\x13\x01\xd0\x11\xf7\x59\x01\x09\xfe\xf7\x59\xf7\x11\xb0\x10\xf8\x58\xfe\xf8\x01\x08\x58\xf8\x10\x02\x8c\x01\x27\xa3"
"\x9a\x84\x84\x9c\xa3\x01\x27\xfe\xd9\xa3\x9c\x84\x84\x9a\xa3\xfe\xd9\x00\x00\x04\x00\x62\x01\x5a\x04\xed\x05\xe6\x00\x13\x00\x23\x00\x31\x00\x3a\x00\x00\x01\x22"
"\x2e\x02\x35\x34\x3e\x02\x33\x32\x1e\x02\x15\x14\x0e\x02\x27\x32\x36\x36\x35\x34\x26\x26\x23\x22\x06\x06\x15\x14\x16\x16\x37\x27\x23\x15\x23\x11\x21\x32\x16\x15"
"\x14\x06\x07\x17\x01\x33\x32\x36\x35\x34\x26\x23\x23\x02\xa7\x78\xd3\xa0\x5a\x5a\xa0\xd3\x78\x79\xd3\xa0\x5a\x5a\xa0\xd3\x79\x78\xc5\x75\x75\xc5\x78\x77\xc5\x75"
"\x75\xc5\xe5\x57\x63\x84\x01\x0a\x43\x70\x31\x25\x69\xfe\xb4\x5f\x1d\x30\x31\x1b\x60\x01\x5a\x5b\xa0\xd3\x78\x78\xd3\xa0\x5b\x5b\xa0\xd3\x78\x78\xd3\xa0\x5b\x95"
"\x75\xc4\x78\x78\xc4\x75\x75\xc4\x78\x78\xc4\x75\xa8\xb5\xb5\x02\x18\x59\x55\x37\x4e\x15\xd0\x01\x10\x2c\x2c\x2c\x24\x00\x00\x03\x00\xa8\xff\xe9\x06\xa8\x05\xe9"
"\x00\x13\x00\x27\x00\x47\x00\x00\x05\x22\x24\x26\x02\x35\x34\x12\x36\x24\x33\x32\x04\x16\x12\x15\x14\x02\x06\x04\x27\x32\x3e\x02\x35\x34\x2e\x02\x23\x22\x0e\x02"
"\x15\x14\x1e\x02\x01\x34\x36\x36\x33\x32\x16\x16\x17\x23\x26\x26\x23\x22\x06\x06\x15\x14\x16\x16\x33\x32\x36\x37\x33\x0e\x02\x23\x22\x26\x26\x03\xa8\x9f\xfe\xea"
"\xd4\x77\x77\xd4\x01\x16\x9f\x9f\x01\x16\xd4\x77\x77\xd4\xfe\xea\x9f\x72\xc9\x97\x56\x56\x97\xc9\x72\x72\xc9\x97\x56\x56\x97\xc9\xfe\xd6\x71\xbe\x74\x65\xab\x70"
"\x0c\xc8\x0d\x70\x47\x3e\x68\x3e\x3e\x68\x3e\x47\x66\x0d\xc8\x0c\x6b\xa6\x65\x74\xbe\x71\x17\x77\xd4\x01\x16\x9f\x9f\x01\x16\xd4\x77\x77\xd4\xfe\xea\x9f\x9f\xfe"
"\xea\xd4\x77\xd8\x56\x97\xc9\x72\x72\xc9\x97\x56\x56\x97\xc9\x72\x72\xc9\x97\x56\x02\x27\x74\xbe\x71\x58\x97\x5f\x3f\x50\x3d\x67\x3f\x3f\x67\x3d\x4f\x3f\x5f\x98"
"\x57\x71\xbe\x00\x00\x02\x00\x78\x03\x22\x03\x32\x05\xdd\x00\x0f\x00\x1b\x00\x00\x01\x22\x26\x26\x35\x34\x36\x36\x33\x32\x16\x16\x15\x14\x06\x06\x27\x32\x36\x35"
"\x34\x26\x23\x22\x06\x15\x14\x16\x01\xd6\x60\x9f\x5f\x5f\x9f\x60\x60\x9e\x5e\x5e\x9e\x60\x44\x60\x60\x44\x44\x60\x60\x03\x22\x5e\x9e\x60\x61\x9f\x5f\x5f\x9f\x61"
"\x60\x9e\x5e\xb9\x60\x43\x44\x61\x61\x44\x43\x60\x00\x02\x00\x3b\x02\x8b\x03\x42\x05\xed\x00\x1e\x00\x2c\x00\x00\x01\x22\x26\x35\x34\x36\x36\x37\x36\x36\x35\x35"
"\x34\x23\x22\x06\x07\x27\x36\x36\x33\x32\x16\x16\x15\x11\x23\x35\x23\x06\x06\x27\x32\x36\x35\x35\x0e\x02\x07\x06\x06\x15\x14\x16\x01\x67\x80\xac\x62\x9c\x57\x76"
"\x66\x99\x4c\x5c\x10\xc6\x27\xce\x88\x57\xa9\x70\xcc\x09\x1d\x81\x30\x5e\x71\x0e\x48\x50\x1c\x49\x59\x54\x02\x8b\x80\x7c\x5e\x69\x31\x08\x0b\x17\x29\x04\x77\x3b"
"\x2a\x23\x6f\x73\x37\x7e\x69\xfd\xcd\x74\x38\x4d\x99\x60\x44\x5e\x0a\x0f\x0b\x03\x0a\x36\x33\x33\x35\x00\x00\x02\x00\x46\x02\x8c\x03\xa0\x05\xed\x00\x0f\x00\x1b"
"\x00\x00\x01\x22\x26\x26\x35\x34\x36\x36\x33\x32\x16\x16\x15\x14\x06\x06\x27\x32\x36\x35\x34\x26\x23\x22\x06\x15\x14\x16\x01\xf3\x83\xc1\x69\x69\xc1\x83\x83\xc1"
"\x69\x69\xc1\x83\x6b\x69\x69\x6b\x6a\x69\x69\x02\x8c\x6c\xc3\x81\x81\xc3\x6d\x6d\xc3\x81\x82\xc2\x6c\xaa\x96\x70\x70\x97\x96\x71\x70\x96\x00\x01\x00\x59\x00\x00"
"\x04\x37\x05\xd2\x00\x0e\x00\x00\x21\x11\x23\x11\x23\x22\x26\x26\x35\x34\x36\x36\x33\x21\x11\x03\x57\xb4\x55\xa2\xe0\x73\x73\xe0\xa2\x01\xe9\x04\xff\xfd\x29\x7a"
"\xd5\x87\x86\xd3\x7b\xfa\x2e\x00\x00\x02\x00\x67\xfe\xd3\x04\x25\x05\xe7\x00\x35\x00\x44\x00\x00\x01\x22\x26\x27\x37\x16\x16\x33\x32\x36\x35\x34\x26\x27\x25\x26"
"\x26\x35\x34\x36\x37\x37\x26\x26\x35\x34\x36\x33\x32\x16\x17\x07\x26\x26\x23\x22\x06\x15\x14\x16\x17\x05\x16\x16\x15\x14\x06\x07\x07\x16\x16\x15\x14\x06\x03\x16"
"\x36\x36\x37\x36\x26\x27\x27\x26\x06\x06\x07\x06\x17\x02\x3a\xb6\xd9\x1d\xde\x13\x5f\x5e\x53\x60\x5b\x3b\xfe\xf2\x68\x7c\x84\x6b\x02\x54\x53\xdb\xb7\xb2\xc7\x24"
"\xd9\x19\x51\x56\x52\x59\x5e\x3f\x01\x0d\x68\x77\x87\x67\x02\x5b\x4d\xe8\x44\x1b\x49\x3a\x03\x03\x3d\x46\xff\x1b\x47\x37\x02\x0a\x8d\xfe\xd3\xb1\x99\x2d\x4d\x5a"
"\x46\x42\x43\x4e\x19\x7f\x2e\xa6\x61\x64\x84\x03\x03\x38\x86\x5e\x9e\xb6\xac\x9c\x2c\x51\x55\x4a\x40\x45\x50\x1b\x7e\x2f\xa2\x5c\x65\x85\x06\x05\x33\x95\x51\x9b"
"\xb8\x02\xb6\x0d\x14\x40\x35\x34\x5d\x1f\x7a\x0e\x15\x40\x35\x75\x41\x00\x00\x01\x00\x6b\x03\x7e\x02\x22\x06\xb4\x00\x07\x00\x00\x01\x11\x23\x11\x23\x07\x35\x37"
"\x02\x22\xd6\x09\xd8\xd0\x06\xb4\xfc\xca\x02\x84\x7f\xb5\x7c\x00\x00\x01\x00\x66\x03\x7e\x03\x3b\x06\xbe\x00\x1a\x00\x00\x13\x35\x01\x36\x36\x35\x34\x26\x23\x22"
"\x06\x15\x23\x34\x36\x33\x32\x16\x15\x14\x06\x06\x07\x07\x15\x21\x15\x73\x01\x5f\x42\x3f\x54\x3f\x40\x4f\xcb\xc0\x9a\xa5\xc0\x26\x7a\x80\x69\x01\x9f\x03\x7e\x97"
"\x01\x04\x32\x41\x27\x32\x37\x34\x30\x79\x8d\x89\x6e\x2e\x61\x74\x4b\x4b\x07\xa9\x00\x01\x00\x62\x03\x74\x03\x57\x06\xbe\x00\x2c\x00\x00\x01\x22\x26\x26\x27\x33"
"\x16\x16\x33\x32\x36\x35\x34\x26\x23\x23\x35\x33\x32\x36\x35\x34\x26\x23\x22\x06\x07\x23\x34\x36\x36\x33\x32\x16\x15\x14\x06\x07\x15\x16\x16\x15\x14\x06\x06\x01"
"\xd8\x64\xaa\x67\x01\xda\x01\x5a\x42\x44\x56\x5a\x4c\x60\x60\x41\x54\x4b\x3e\x3f\x57\x01\xcc\x60\xa2\x63\x99\xbe\x6c\x55\x72\x74\x63\xad\x03\x74\x3f\x71\x4b\x23"
"\x2d\x34\x2a\x2b\x36\x82\x36\x2a\x28\x30\x2d\x25\x4a\x70\x3e\x8a\x67\x43\x58\x09\x07\x0c\x60\x4c\x49\x6f\x3e\x00\x00\x01\xfe\x70\x00\x00\x03\x33\x05\xd2\x00\x03"
"\x00\x00\x21\x01\x33\x01\xfe\x70\x04\x00\xc3\xfc\x00\x05\xd2\xfa\x2e\x00\x00\x01\x00\x4f\x00\x00\x01\xd0\x03\x37\x00\x07\x00\x00\x01\x11\x23\x11\x23\x07\x35\x37"
"\x01\xd0\xbe\x09\xba\xa5\x03\x37\xfc\xc9\x02\x99\x8f\xaf\x7e\x00\x00\x01\x00\x50\x00\x00\x02\xa4\x03\x40\x00\x1a\x00\x00\x33\x35\x01\x36\x36\x35\x34\x26\x23\x22"
"\x06\x15\x23\x34\x36\x33\x32\x16\x15\x14\x06\x06\x07\x07\x15\x21\x15\x5d\x01\x1d\x35\x32\x45\x2d\x2f\x3b\xb5\xa5\x7c\x88\xa0\x21\x64\x66\x4b\x01\x41\x83\x01\x1a"
"\x34\x4c\x2b\x30\x34\x32\x2e\x71\x83\x88\x64\x25\x56\x80\x64\x51\x0a\x9a\x00\x01\x00\x53\xff\xf7\x02\xce\x03\x40\x00\x2b\x00\x00\x05\x22\x26\x26\x27\x33\x16\x16"
"\x33\x32\x36\x35\x34\x26\x23\x23\x35\x33\x32\x36\x35\x34\x26\x23\x22\x06\x07\x23\x3e\x02\x33\x32\x16\x15\x14\x06\x07\x15\x16\x16\x15\x14\x06\x01\x8c\x52\x8c\x58"
"\x03\xc1\x04\x49\x2d\x34\x44\x44\x42\x56\x56\x32\x42\x36\x2c\x2c\x4c\x02\xb5\x03\x54\x89\x51\x83\x95\x52\x43\x5d\x5a\xb5\x09\x32\x5e\x42\x16\x1d\x34\x2a\x2d\x3c"
"\x8c\x3a\x2d\x27\x30\x26\x21\x43\x65\x38\x8d\x5c\x44\x5c\x0b\x0a\x0b\x62\x4e\x69\x87\x00\x00\x02\x00\x51\x00\x00\x02\xe3\x03\x37\x00\x0a\x00\x0f\x00\x00\x37\x35"
"\x01\x33\x11\x33\x15\x23\x15\x23\x35\x37\x11\x23\x03\x15\x51\x01\x44\xec\x62\x62\xb4\x06\x0b\xb8\x74\x95\x02\x2e\xfd\xd7\x9a\x74\x74\x9a\x01\x4d\xfe\xbe\x0b\x00"
"\xff\xff\x00\x4f\x00\x00\x06\xa3\x05\xd2\x00\x27\x00\xc1\x00\x00\x02\x9b\x00\x27\x00\xc0\x02\x5d\x00\x00\x00\x07\x00\xc2\x03\xff\x00\x00\xff\xff\x00\x4f\x00\x00"
"\x06\x5e\x05\xd2\x00\x27\x00\xc1\x00\x00\x02\x9b\x00\x27\x00\xc0\x02\x5d\x00\x00\x00\x07\x00\xc4\x03\x7b\x00\x00\xff\xff\x00\x53\x00\x00\x06\xf9\x05\xdb\x00\x27"
"\x00\xc3\x00\x00\x02\x9b\x00\x27\x00\xc0\x02\xf8\x00\x00\x00\x07\x00\xc4\x04\x16\x00\x00\x00\x05\x00\xc8\xff\xe5\x07\x40\x05\xea\x00\x11\x00\x23\x00\x27\x00\x35"
"\x00\x43\x00\x00\x05\x22\x26\x26\x35\x35\x34\x36\x36\x33\x32\x16\x16\x15\x15\x14\x06\x06\x01\x22\x26\x26\x35\x35\x34\x36\x36\x33\x32\x16\x16\x15\x15\x14\x06\x06"
"\x03\x01\x33\x01\x25\x32\x36\x35\x35\x34\x26\x23\x22\x06\x15\x15\x14\x16\x01\x32\x36\x35\x35\x34\x26\x23\x22\x06\x15\x15\x14\x16\x06\x07\x67\x8c\x48\x4a\x8c\x65"
"\x67\x8b\x47\x48\x8c\xfb\x97\x67\x8c\x48\x4a\x8c\x65\x67\x8b\x47\x48\x8c\xca\x04\x00\xc3\xfc\x00\x03\xa6\x46\x35\x33\x48\x45\x38\x37\xfc\x42\x46\x35\x33\x48\x45"
"\x37\x36\x1b\x58\x91\x57\x4e\x57\x91\x58\x58\x92\x56\x4e\x57\x92\x57\x03\x37\x58\x92\x56\x4e\x57\x92\x57\x58\x91\x57\x4e\x57\x91\x58\xfc\xe4\x05\xd2\xfa\x2e\x8b"
"\x5f\x3b\x4e\x3a\x61\x62\x39\x4e\x3b\x5f\x03\x37\x5f\x3b\x4e\x3a\x61\x62\x39\x4e\x3b\x5f\xff\xff\x00\xa9\x04\xed\x02\x30\x06\x1f\x00\x06\x00\xce\x00\x00\xff\xff"
"\x00\x9d\x04\xed\x02\x25\x06\x1f\x00\x06\x00\xcf\x00\x00\xff\xff\x01\x0e\x05\x02\x03\xd8\x06\x13\x00\x06\x00\xda\x00\x00\xff\xff\x00\xb1\x05\x33\x02\xec\x05\xe2"
"\x00\x06\x00\xd0\x00\x00\xff\xff\x00\xd1\xfe\x5e\x02\x42\x00\x2d\x00\x06\x00\xde\x00\x00\x00\x01\x00\xa9\x04\xed\x02\x30\x06\x1f\x00\x03\x00\x00\x13\x13\x33\x03"
"\xa9\x8b\xfc\xca\x04\xed\x01\x32\xfe\xce\x00\x01\x00\x9d\x04\xed\x02\x25\x06\x1f\x00\x03\x00\x00\x01\x03\x33\x13\x01\x67\xca\xfd\x8b\x04\xed\x01\x32\xfe\xce\x00"
"\x00\x01\x00\xb1\x05\x33\x02\xec\x05\xe2\x00\x03\x00\x00\x01\x15\x21\x35\x02\xec\xfd\xc5\x05\xe2\xaf\xaf\x00\x01\x00\xba\x05\x0c\x03\x4c\x06\x07\x00\x14\x00\x00"
"\x01\x22\x26\x26\x23\x22\x06\x07\x23\x36\x36\x33\x32\x16\x16\x33\x32\x37\x33\x06\x06\x02\x8c\x3b\x5c\x48\x1d\x1e\x1e\x02\x98\x03\x66\x58\x3d\x57\x46\x22\x38\x08"
"\x95\x03\x69\x05\x0c\x31\x30\x35\x26\x72\x83\x30\x30\x5c\x74\x83\x00\x01\x00\xca\xff\xcf\x06\xa2\x05\x49\x00\x14\x00\x00\x05\x01\x01\x17\x07\x06\x06\x07\x36\x36"
"\x33\x21\x15\x21\x22\x26\x27\x16\x16\x17\x17\x03\x87\xfd\x43\x02\xbd\x95\xe2\x3d\xa6\x48\x38\x7f\x36\x03\xa6\xfc\x5a\x37\x7f\x37\x48\xa9\x3a\xe1\x31\x02\xbd\x02"
"\xbd\x94\xe2\x3c\x86\x36\x0a\x12\xd7\x12\x0b\x37\x88\x3a\xe1\x00\x00\x01\x01\x00\xff\xcf\x06\xd8\x05\x49\x00\x14\x00\x00\x05\x27\x37\x36\x36\x37\x06\x06\x23\x21"
"\x35\x21\x32\x16\x17\x26\x26\x27\x27\x37\x01\x04\x1b\x94\xe1\x3a\xa9\x48\x37\x7f\x37\xfc\x5a\x03\xa6\x36\x7f\x38\x48\xa6\x3d\xe2\x95\x02\xbd\x31\x94\xe1\x3a\x88"
"\x37\x0b\x12\xd7\x12\x0a\x36\x86\x3c\xe2\x94\xfd\x43\x00\x00\x01\x00\xca\x00\x00\x06\x43\x05\xed\x00\x14\x00\x00\x13\x01\x01\x07\x27\x26\x26\x27\x16\x16\x15\x11"
"\x23\x11\x34\x36\x37\x06\x06\x07\x07\xca\x02\xbd\x02\xbc\x93\xe2\x3c\x86\x36\x0a\x12\xd7\x12\x0b\x37\x88\x3a\xe1\x03\x30\x02\xbd\xfd\x43\x94\xe1\x3d\xa6\x47\x37"
"\x7f\x36\xfc\x45\x03\xbb\x36\x7f\x38\x49\xa8\x3a\xe1\x00\x00\x01\x00\xca\xff\xe5\x06\x43\x05\xd2\x00\x14\x00\x00\x09\x02\x37\x17\x16\x16\x17\x26\x26\x35\x11\x33"
"\x11\x14\x06\x07\x36\x36\x37\x37\x06\x43\xfd\x43\xfd\x44\x94\xe1\x3c\x87\x36\x0b\x12\xd7\x12\x0b\x37\x88\x3a\xe1\x02\xa2\xfd\x43\x02\xbd\x94\xe1\x3d\xa6\x47\x37"
"\x7f\x36\x03\xbb\xfc\x45\x36\x7f\x38\x49\xa8\x3a\xe1\x00\x00\x01\x00\xcf\x00\x7a\x06\x85\x04\xcb\x00\x05\x00\x00\x13\x37\x01\x01\x17\x01\xcf\xab\x01\x62\x02\xfc"
"\xad\xfc\x57\x02\x82\xad\xfe\xa5\x02\xf7\xac\xfc\x5b\x00\xff\xff\x00\x14\x00\x00\x05\x9b\x05\xd2\x00\x26\x00\x0c\x3c\x00\x00\x06\x00\xe2\xe2\x00\x00\x02\x01\x0e"
"\x05\x02\x03\xd8\x06\x13\x00\x0b\x00\x17\x00\x00\x01\x22\x26\x35\x34\x36\x33\x32\x16\x15\x14\x06\x21\x22\x26\x35\x34\x36\x33\x32\x16\x15\x14\x06\x01\x99\x3a\x51"
"\x51\x3a\x39\x52\x52\x01\x7b\x3a\x52\x52\x3a\x39\x52\x52\x05\x02\x50\x39\x38\x50\x50\x38\x39\x50\x50\x39\x38\x50\x50\x38\x39\x50\x00\x01\x00\x7f\x04\xfc\x01\xae"
"\x06\x19\x00\x0b\x00\x00\x01\x22\x26\x35\x34\x36\x33\x32\x16\x15\x14\x06\x01\x16\x3e\x59\x59\x3e\x3f\x59\x59\x04\xfc\x53\x3c\x3b\x53\x53\x3b\x3c\x53\x00\x00\x01"
"\x00\x4f\x04\xf9\x03\x3f\x06\x1f\x00\x08\x00\x00\x01\x23\x35\x01\x33\x01\x15\x23\x27\x01\x38\xe9\x01\x0f\xd2\x01\x0f\xea\x8e\x04\xf9\x08\x01\x1e\xfe\xe2\x08\xab"
"\x00\x02\x00\x50\x04\xa9\x02\x6e\x06\xa7\x00\x0f\x00\x1b\x00\x00\x01\x22\x26\x26\x35\x34\x36\x36\x33\x32\x16\x16\x15\x14\x06\x06\x27\x32\x36\x35\x34\x26\x23\x22"
"\x06\x15\x14\x16\x01\x5f\x4b\x7b\x49\x49\x7b\x4b\x4a\x7b\x4a\x4a\x7b\x4a\x33\x47\x47\x33\x33\x47\x47\x04\xa9\x44\x74\x47\x47\x73\x45\x45\x73\x47\x47\x74\x44\x85"
"\x47\x33\x33\x47\x47\x33\x33\x47\x00\x01\x00\xd1\xfe\x5e\x02\x42\x00\x2d\x00\x12\x00\x00\x13\x35\x33\x32\x36\x35\x34\x26\x23\x23\x37\x33\x15\x07\x36\x15\x14\x06"
"\x23\xd1\x7c\x32\x2a\x2a\x32\x58\x22\x6d\x04\xc2\x70\x7c\xfe\x5e\x72\x1d\x22\x23\x1c\xdf\x2d\x57\x03\xa2\x5b\x51\x00\x02\x00\x50\x06\x08\x02\x6e\x07\xf5\x00\x0b"
"\x00\x17\x00\x00\x01\x22\x26\x35\x34\x36\x33\x32\x16\x15\x14\x06\x27\x32\x36\x35\x34\x26\x23\x22\x06\x15\x14\x16\x01\x5f\x76\x99\x99\x76\x75\x9a\x9a\x75\x33\x45"
"\x44\x34\x35\x44\x45\x06\x08\x8f\x68\x67\x8f\x8f\x67\x68\x8f\x81\x43\x33\x32\x43\x43\x32\x33\x43\x00\x01\x00\x12\xff\xc6\x04\xc0\x06\x0b\x00\x03\x00\x00\x17\x27"
"\x01\x17\xa0\x8e\x04\x20\x8e\x3a\x62\x05\xe3\x62\x00\x01\x00\x52\xff\xd2\x04\x8b\x04\x8c\x00\x03\x00\x00\x17\x27\x01\x17\xbc\x6a\x03\xd0\x69\x2e\x5c\x04\x5e\x5c"
"\x00\x01\x00\x32\x02\x8b\x03\x52\x03\x47\x00\x03\x00\x00\x13\x35\x21\x15\x32\x03\x20\x02\x8b\xbc\xbc\x00\x00\x00\x00\x00\x00\x01\x00\x00\x7d\x9c\x00\x01\x14\xed"
"\x60\x00\x00\x0c\x1d\x8e\x00\x01\x00\x01\x00\x1e\x00\x01\x00\x02\x00\x1e\x00\x01\x00\x03\x00\x1e\x00\x01\x00\x04\x00\x1e\x00\x01\x00\x05\x00\x1e\x00\x01\x00\x06"
"\x00\x1e\x00\x01\x00\x07\x00\x1e\x00\x01\x00\x08\x00\x1e\x00\x01\x00\x0a\xff\xaf\x00\x01\x00\x0b\xff\xaf\x00\x01\x00\x13\xff\xaf\x00\x01\x00\x20\xff\xaf\x00\x01"
"\x00\x21\xff\xaf\x00\x01\x00\x22\xff\xaf\x00\x01\x00\x23\xff\xaf\x00\x01\x00\x24\xff\xaf\x00\x01\x00\x25\xff\xaf\x00\x01\x00\x26\xff\xaf\x00\x01\x00\x28\xff\xaf"
"\x00\x01\x00\x2a\xff\xeb\x00\x01\x00\x2b\xff\x4d\x00\x01\x00\x2c\xff\xd8\x00\x01\x00\x2d\xff\xd8\x00\x01\x00\x2e\xff\xd8\x00\x01\x00\x2f\xff\xd8\x00\x01\x00\x30"
"\xff\xd8\x00\x01\x00\x31\xff\x66\x00\x01\x00\x32\xff\x77\x00\x01\x00\x34\xff\x62\x00\x01\x00\x35\xff\x62\x00\x01\x00\x41\xff\xe1\x00\x01\x00\x42\xff\xe1\x00\x01"
"\x00\x43\xff\xe1\x00\x01\x00\x44\xff\xe1\x00\x01\x00\x45\xff\xe1\x00\x01\x00\x46\xff\xe1\x00\x01\x00\x47\xff\xe1\x00\x01\x00\x48\xff\xe1\x00\x01\x00\x49\xff\xf4"
"\x00\x01\x00\x4a\xff\xe1\x00\x01\x00\x4c\x00\x07\x00\x01\x00\x4f\x00\x07\x00\x01\x00\x50\x00\x07\x00\x01\x00\x51\x00\x07\x00\x01\x00\x59\xff\xe1\x00\x01\x00\x5a"
"\xff\xe1\x00\x01\x00\x5b\xff\xe1\x00\x01\x00\x5c\xff\xe1\x00\x01\x00\x5d\xff\xe1\x00\x01\x00\x5e\xff\xe1\x00\x01\x00\x5f\xff\xe1\x00\x01\x00\x61\xff\xe1\x00\x01"
"\x00\x63\xff\xf1\x00\x01\x00\x65\xff\xce\x00\x01\x00\x6c\xff\x75\x00\x01\x00\x6d\xff\x75\x00\x01\x00\x6f\xff\x75\x00\x01\x00\x70\xff\x75\x00\x01\x00\x71\xff\x75"
"\x00\x01\x00\x74\xff\xe1\x00\x01\x00\x75\xff\xeb\x00\x01\x00\x76\xff\xe1\x00\x01\x00\x7b\xff\xa5\x00\x01\x00\x87\xff\x80\x00\x01\x00\x8f\xff\xaf\x00\x01\x00\x92"
"\x00\x1d\x00\x01\x00\x95\xff\x66\x00\x01\x00\x96\xff\xbb\x00\x01\x00\x99\xff\xbb\x00\x01\x00\x9a\xfe\xf5\x00\x01\x00\x9b\xff\x2f\x00\x01\x00\x9c\xff\x5e\x00\x01"
"\x00\x9d\xff\x5e\x00\x01\x00\x9e\xfe\xf5\x00\x01\x00\x9f\xff\x2f\x00\x01\x00\xa5\xff\xbb\x00\x01\x00\xa8\xff\xbb\x00\x01\x00\xa9\xff\xbb\x00\x01\x00\xaa\xff\xcc"
"\x00\x01\x00\xac\xff\x98\x00\x01\x00\xad\xff\xbb\x00\x01\x00\xae\xff\xbb\x00\x01\x00\xaf\xff\xbb\x00\x01\x00\xb0\xff\x98\x00\x01\x00\xb1\xff\xbb\x00\x01\x00\xb2"
"\xff\xbb\x00\x01\x00\xb4\xff\x49\x00\x01\x00\xb5\xff\x49\x00\x01\x00\xb6\xff\x6f\x00\x01\x00\xb7\xff\xaf\x00\x01\x00\xb8\xff\x49\x00\x01\x00\xb9\xff\x69\x00\x01"
"\x00\xba\xff\x69\x00\x01\x00\xbb\xff\x98\x00\x01\x00\xd5\xff\xbb\x00\x02\x00\x01\x00\x1e\x00\x02\x00\x02\x00\x1e\x00\x02\x00\x03\x00\x1e\x00\x02\x00\x04\x00\x1e"
"\x00\x02\x00\x05\x00\x1e\x00\x02\x00\x06\x00\x1e\x00\x02\x00\x07\x00\x1e\x00\x02\x00\x08\x00\x1e\x00\x02\x00\x0a\xff\xaf\x00\x02\x00\x0b\xff\xaf\x00\x02\x00\x13"
"\xff\xaf\x00\x02\x00\x20\xff\xaf\x00\x02\x00\x21\xff\xaf\x00\x02\x00\x22\xff\xaf\x00\x02\x00\x23\xff\xaf\x00\x02\x00\x24\xff\xaf\x00\x02\x00\x25\xff\xaf\x00\x02"
"\x00\x26\xff\xaf\x00\x02\x00\x28\xff\xaf\x00\x02\x00\x2a\xff\xeb\x00\x02\x00\x2b\xff\x4d\x00\x02\x00\x2c\xff\xd8\x00\x02\x00\x2d\xff\xd8\x00\x02\x00\x2e\xff\xd8"
"\x00\x02\x00\x2f\xff\xd8\x00\x02\x00\x30\xff\xd8\x00\x02\x00\x31\xff\x66\x00\x02\x00\x32\xff\x77\x00\x02\x00\x34\xff\x62\x00\x02\x00\x35\xff\x62\x00\x02\x00\x41"
"\xff\xe1\x00\x02\x00\x42\xff\xe1\x00\x02\x00\x43\xff\xe1\x00\x02\x00\x44\xff\xe1\x00\x02\x00\x45\xff\xe1\x00\x02\x00\x46\xff\xe1\x00\x02\x00\x47\xff\xe1\x00\x02"
"\x00\x48\xff\xe1\x00\x02\x00\x49\xff\xf4\x00\x02\x00\x4a\xff\xe1\x00\x02\x00\x4c\x00\x07\x00\x02\x00\x4f\x00\x07\x00\x02\x00\x50\x00\x07\x00\x02\x00\x51\x00\x07"
"\x00\x02\x00\x59\xff\xe1\x00\x02\x00\x5a\xff\xe1\x00\x02\x00\x5b\xff\xe1\x00\x02\x00\x5c\xff\xe1\x00\x02\x00\x5d\xff\xe1\x00\x02\x00\x5e\xff\xe1\x00\x02\x00\x5f"
"\xff\xe1\x00\x02\x00\x61\xff\xe1\x00\x02\x00\x63\xff\xf1\x00\x02\x00\x65\xff\xce\x00\x02\x00\x6c\xff\x75\x00\x02\x00\x6d\xff\x75\x00\x02\x00\x6f\xff\x75\x00\x02"
"\x00\x70\xff\x75\x00\x02\x00\x71\xff\x75\x00\x02\x00\x74\xff\xe1\x00\x02\x00\x75\xff\xeb\x00\x02\x00\x76\xff\xe1\x00\x02\x00\x7b\xff\xa5\x00\x02\x00\x87\xff\x80"
"\x00\x02\x00\x8f\xff\xaf\x00\x02\x00\x92\x00\x1d\x00\x02\x00\x95\xff\x66\x00\x02\x00\x96\xff\xbb\x00\x02\x00\x99\xff\xbb\x00\x02\x00\x9a\xfe\xf5\x00\x02\x00\x9b"
"\xff\x2f\x00\x02\x00\x9c\xff\x5e\x00\x02\x00\x9d\xff\x5e\x00\x02\x00\x9e\xfe\xf5\x00\x02\x00\x9f\xff\x2f\x00\x02\x00\xa5\xff\xbb\x00\x02\x00\xa8\xff\xbb\x00\x02"
"\x00\xa9\xff\xbb\x00\x02\x00\xaa\xff\xcc\x00\x02\x00\xac\xff\x98\x00\x02\x00\xad\xff\xbb\x00\x02\x00\xae\xff\xbb\x00\x02\x00\xaf\xff\xbb\x00\x02\x00\xb0\xff\x98"
"\x00\x02\x00\xb1\xff\xbb\x00\x02\x00\xb2\xff\xbb\x00\x02\x00\xb4\xff\x49\x00\x02\x00\xb5\xff\x49\x00\x02\x00\xb6\xff\x6f\x00\x02\x00\xb7\xff\xaf\x00\x02\x00\xb8"
"\xff\x49\x00\x02\x00\xb9\xff\x69\x00\x02\x00\xba\xff\x69\x00\x02\x00\xbb\xff\x98\x00\x02\x00\xd5\xff\xbb\x00\x03\x00\x01\x00\x1e\x00\x03\x00\x02\x00\x1e\x00\x03"
"\x00\x03\x00\x1e\x00\x03\x00\x04\x00\x1e\x00\x03\x00\x05\x00\x1e\x00\x03\x00\x06\x00\x1e\x00\x03\x00\x07\x00\x1e\x00\x03\x00\x08\x00\x1e\x00\x03\x00\x0a\xff\xaf"
"\x00\x03\x00\x0b\xff\xaf\x00\x03\x00\x13\xff\xaf\x00\x03\x00\x20\xff\xaf\x00\x03\x00\x21\xff\xaf\x00\x03\x00\x22\xff\xaf\x00\x03\x00\x23\xff\xaf\x00\x03\x00\x24"
"\xff\xaf\x00\x03\x00\x25\xff\xaf\x00\x03\x00\x26\xff\xaf\x00\x03\x00\x28\xff\xaf\x00\x03\x00\x2a\xff\xeb\x00\x03\x00\x2b\xff\x4d\x00\x03\x00\x2c\xff\xd8\x00\x03"
"\x00\x2d\xff\xd8\x00\x03\x00\x2e\xff\xd8\x00\x03\x00\x2f\xff\xd8\x00\x03\x00\x30\xff\xd8\x00\x03\x00\x31\xff\x66\x00\x03\x00\x32\xff\x77\x00\x03\x00\x34\xff\x62"
"\x00\x03\x00\x35\xff\x62\x00\x03\x00\x41\xff\xe1\x00\x03\x00\x42\xff\xe1\x00\x03\x00\x43\xff\xe1\x00\x03\x00\x44\xff\xe1\x00\x03\x00\x45\xff\xe1\x00\x03\x00\x46"
"\xff\xe1\x00\x03\x00\x47\xff\xe1\x00\x03\x00\x48\xff\xe1\x00\x03\x00\x49\xff\xf4\x00\x03\x00\x4a\xff\xe1\x00\x03\x00\x4c\x00\x07\x00\x03\x00\x4f\x00\x07\x00\x03"
"\x00\x50\x00\x07\x00\x03\x00\x51\x00\x07\x00\x03\x00\x59\xff\xe1\x00\x03\x00\x5a\xff\xe1\x00\x03\x00\x5b\xff\xe1\x00\x03\x00\x5c\xff\xe1\x00\x03\x00\x5d\xff\xe1"
"\x00\x03\x00\x5e\xff\xe1\x00\x03\x00\x5f\xff\xe1\x00\x03\x00\x61\xff\xe1\x00\x03\x00\x63\xff\xf1\x00\x03\x00\x65\xff\xce\x00\x03\x00\x6c\xff\x75\x00\x03\x00\x6d"
"\xff\x75\x00\x03\x00\x6f\xff\x75\x00\x03\x00\x70\xff\x75\x00\x03\x00\x71\xff\x75\x00\x03\x00\x74\xff\xe1\x00\x03\x00\x75\xff\xeb\x00\x03\x00\x76\xff\xe1\x00\x03"
"\x00\x7b\xff\xa5\x00\x03\x00\x87\xff\x80\x00\x03\x00\x8f\xff\xaf\x00\x03\x00\x92\x00\x1d\x00\x03\x00\x95\xff\x66\x00\x03\x00\x96\xff\xbb\x00\x03\x00\x99\xff\xbb"
"\x00\x03\x00\x9a\xfe\xf5\x00\x03\x00\x9b\xff\x2f\x00\x03\x00\x9c\xff\x5e\x00\x03\x00\x9d\xff\x5e\x00\x03\x00\x9e\xfe\xf5\x00\x03\x00\x9f\xff\x2f\x00\x03\x00\xa5"
"\xff\xbb\x00\x03\x00\xa8\xff\xbb\x00\x03\x00\xa9\xff\xbb\x00\x03\x00\xaa\xff\xcc\x00\x03\x00\xac\xff\x98\x00\x03\x00\xad\xff\xbb\x00\x03\x00\xae\xff\xbb\x00\x03"
"\x00\xaf\xff\xbb\x00\x03\x00\xb0\xff\x98\x00\x03\x00\xb1\xff\xbb\x00\x03\x00\xb2\xff\xbb\x00\x03\x00\xb4\xff\x49\x00\x03\x00\xb5\xff\x49\x00\x03\x00\xb6\xff\x6f"
"\x00\x03\x00\xb7\xff\xaf\x00\x03\x00\xb8\xff\x49\x00\x03\x00\xb9\xff\x69\x00\x03\x00\xba\xff\x69\x00\x03\x00\xbb\xff\x98\x00\x03\x00\xd5\xff\xbb\x00\x04\x00\x01"
"\x00\x1e\x00\x04\x00\x02\x00\x1e\x00\x04\x00\x03\x00\x1e\x00\x04\x00\x04\x00\x1e\x00\x04\x00\x05\x00\x1e\x00\x04\x00\x06\x00\x1e\x00\x04\x00\x07\x00\x1e\x00\x04"
"\x00\x08\x00\x1e\x00\x04\x00\x0a\xff\xaf\x00\x04\x00\x0b\xff\xaf\x00\x04\x00\x13\xff\xaf\x00\x04\x00\x20\xff\xaf\x00\x04\x00\x21\xff\xaf\x00\x04\x00\x22\xff\xaf"
"\x00\x04\x00\x23\xff\xaf\x00\x04\x00\x24\xff\xaf\x00\x04\x00\x25\xff\xaf\x00\x04\x00\x26\xff\xaf\x00\x04\x00\x28\xff\xaf\x00\x04\x00\x2a\xff\xeb\x00\x04\x00\x2b"
"\xff\x4d\x00\x04\x00\x2c\xff\xd8\x00\x04\x00\x2d\xff\xd8\x00\x04\x00\x2e\xff\xd8\x00\x04\x00\x2f\xff\xd8\x00\x04\x00\x30\xff\xd8\x00\x04\x00\x31\xff\x66\x00\x04"
"\x00\x32\xff\x77\x00\x04\x00\x34\xff\x62\x00\x04\x00\x35\xff\x62\x00\x04\x00\x41\xff\xe1\x00\x04\x00\x42\xff\xe1\x00\x04\x00\x43\xff\xe1\x00\x04\x00\x44\xff\xe1"
"\x00\x04\x00\x45\xff\xe1\x00\x04\x00\x46\xff\xe1\x00\x04\x00\x47\xff\xe1\x00\x04\x00\x48\xff\xe1\x00\x04\x00\x49\xff\xf4\x00\x04\x00\x4a\xff\xe1\x00\x04\x00\x4c"
"\x00\x07\x00\x04\x00\x4f\x00\x07\x00\x04\x00\x50\x00\x07\x00\x04\x00\x51\x00\x07\x00\x04\x00\x59\xff\xe1\x00\x04\x00\x5a\xff\xe1\x00\x04\x00\x5b\xff\xe1\x00\x04"
"\x00\x5c\xff\xe1\x00\x04\x00\x5d\xff\xe1\x00\x04\x00\x5e\xff\xe1\x00\x04\x00\x5f\xff\xe1\x00\x04\x00\x61\xff\xe1\x00\x04\x00\x63\xff\xf1\x00\x04\x00\x65\xff\xce"
"\x00\x04\x00\x6c\xff\x75\x00\x04\x00\x6d\xff\x75\x00\x04\x00\x6f\xff\x75\x00\x04\x00\x70\xff\x75\x00\x04\x00\x71\xff\x75\x00\x04\x00\x74\xff\xe1\x00\x04\x00\x75"
"\xff\xeb\x00\x04\x00\x76\xff\xe1\x00\x04\x00\x7b\xff\xa5\x00\x04\x00\x87\xff\x80\x00\x04\x00\x8f\xff\xaf\x00\x04\x00\x92\x00\x1d\x00\x04\x00\x95\xff\x66\x00\x04"
"\x00\x96\xff\xbb\x00\x04\x00\x99\xff\xbb\x00\x04\x00\x9a\xfe\xf5\x00\x04\x00\x9b\xff\x2f\x00\x04\x00\x9c\xff\x5e\x00\x04\x00\x9d\xff\x5e\x00\x04\x00\x9e\xfe\xf5"
"\x00\x04\x00\x9f\xff\x2f\x00\x04\x00\xa5\xff\xbb\x00\x04\x00\xa8\xff\xbb\x00\x04\x00\xa9\xff\xbb\x00\x04\x00\xaa\xff\xcc\x00\x04\x00\xac\xff\x98\x00\x04\x00\xad"
"\xff\xbb\x00\x04\x00\xae\xff\xbb\x00\x04\x00\xaf\xff\xbb\x00\x04\x00\xb0\xff\x98\x00\x04\x00\xb1\xff\xbb\x00\x04\x00\xb2\xff\xbb\x00\x04\x00\xb4\xff\x49\x00\x04"
"\x00\xb5\xff\x49\x00\x04\x00\xb6\xff\x6f\x00\x04\x00\xb7\xff\xaf\x00\x04\x00\xb8\xff\x49\x00\x04\x00\xb9\xff\x69\x00\x04\x00\xba\xff\x69\x00\x04\x00\xbb\xff\x98"
"\x00\x04\x00\xd5\xff\xbb\x00\x05\x00\x01\x00\x1e\x00\x05\x00\x02\x00\x1e\x00\x05\x00\x03\x00\x1e\x00\x05\x00\x04\x00\x1e\x00\x05\x00\x05\x00\x1e\x00\x05\x00\x06"
"\x00\x1e\x00\x05\x00\x07\x00\x1e\x00\x05\x00\x08\x00\x1e\x00\x05\x00\x0a\xff\xaf\x00\x05\x00\x0b\xff\xaf\x00\x05\x00\x13\xff\xaf\x00\x05\x00\x20\xff\xaf\x00\x05"
"\x00\x21\xff\xaf\x00\x05\x00\x22\xff\xaf\x00\x05\x00\x23\xff\xaf\x00\x05\x00\x24\xff\xaf\x00\x05\x00\x25\xff\xaf\x00\x05\x00\x26\xff\xaf\x00\x05\x00\x28\xff\xaf"
"\x00\x05\x00\x2a\xff\xeb\x00\x05\x00\x2b\xff\x4d\x00\x05\x00\x2c\xff\xd8\x00\x05\x00\x2d\xff\xd8\x00\x05\x00\x2e\xff\xd8\x00\x05\x00\x2f\xff\xd8\x00\x05\x00\x30"
"\xff\xd8\x00\x05\x00\x31\xff\x66\x00\x05\x00\x32\xff\x77\x00\x05\x00\x34\xff\x62\x00\x05\x00\x35\xff\x62\x00\x05\x00\x41\xff\xe1\x00\x05\x00\x42\xff\xe1\x00\x05"
"\x00\x43\xff\xe1\x00\x05\x00\x44\xff\xe1\x00\x05\x00\x45\xff\xe1\x00\x05\x00\x46\xff\xe1\x00\x05\x00\x47\xff\xe1\x00\x05\x00\x48\xff\xe1\x00\x05\x00\x49\xff\xf4"
"\x00\x05\x00\x4a\xff\xe1\x00\x05\x00\x4c\x00\x07\x00\x05\x00\x4f\x00\x07\x00\x05\x00\x50\x00\x07\x00\x05\x00\x51\x00\x07\x00\x05\x00\x59\xff\xe1\x00\x05\x00\x5a"
"\xff\xe1\x00\x05\x00\x5b\xff\xe1\x00\x05\x00\x5c\xff\xe1\x00\x05\x00\x5d\xff\xe1\x00\x05\x00\x5e\xff\xe1\x00\x05\x00\x5f\xff\xe1\x00\x05\x00\x61\xff\xe1\x00\x05"
"\x00\x63\xff\xf1\x00\x05\x00\x65\xff\xce\x00\x05\x00\x6c\xff\x75\x00\x05\x00\x6d\xff\x75\x00\x05\x00\x6f\xff\x75\x00\x05\x00\x70\xff\x75\x00\x05\x00\x71\xff\x75"
"\x00\x05\x00\x74\xff\xe1\x00\x05\x00\x75\xff\xeb\x00\x05\x00\x76\xff\xe1\x00\x05\x00\x7b\xff\xa5\x00\x05\x00\x87\xff\x80\x00\x05\x00\x8f\xff\xaf\x00\x05\x00\x92"
"\x00\x1d\x00\x05\x00\x95\xff\x66\x00\x05\x00\x96\xff\xbb\x00\x05\x00\x99\xff\xbb\x00\x05\x00\x9a\xfe\xf5\x00\x05\x00\x9b\xff\x2f\x00\x05\x00\x9c\xff\x5e\x00\x05"
"\x00\x9d\xff\x5e\x00\x05\x00\x9e\xfe\xf5\x00\x05\x00\x9f\xff\x2f\x00\x05\x00\xa5\xff\xbb\x00\x05\x00\xa8\xff\xbb\x00\x05\x00\xa9\xff\xbb\x00\x05\x00\xaa\xff\xcc"
"\x00\x05\x00\xac\xff\x98\x00\x05\x00\xad\xff\xbb\x00\x05\x00\xae\xff\xbb\x00\x05\x00\xaf\xff\xbb\x00\x05\x00\xb0\xff\x98\x00\x05\x00\xb1\xff\xbb\x00\x05\x00\xb2"
"\xff\xbb\x00\x05\x00\xb4\xff\x49\x00\x05\x00\xb5\xff\x49\x00\x05\x00\xb6\xff\x6f\x00\x05\x00\xb7\xff\xaf\x00\x05\x00\xb8\xff\x49\x00\x05\x00\xb9\xff\x69\x00\x05"
"\x00\xba\xff\x69\x00\x05\x00\xbb\xff\x98\x00\x05\x00\xd5\xff\xbb\x00\x06\x00\x01\x00\x1e\x00\x06\x00\x02\x00\x1e\x00\x06\x00\x03\x00\x1e\x00\x06\x00\x04\x00\x1e"
"\x00\x06\x00\x05\x00\x1e\x00\x06\x00\x06\x00\x1e\x00\x06\x00\x07\x00\x1e\x00\x06\x00\x08\x00\x1e\x00\x06\x00\x0a\xff\xaf\x00\x06\x00\x0b\xff\xaf\x00\x06\x00\x13"
"\xff\xaf\x00\x06\x00\x20\xff\xaf\x00\x06\x00\x21\xff\xaf\x00\x06\x00\x22\xff\xaf\x00\x06\x00\x23\xff\xaf\x00\x06\x00\x24\xff\xaf\x00\x06\x00\x25\xff\xaf\x00\x06"
"\x00\x26\xff\xaf\x00\x06\x00\x28\xff\xaf\x00\x06\x00\x2a\xff\xeb\x00\x06\x00\x2b\xff\x4d\x00\x06\x00\x2c\xff\xd8\x00\x06\x00\x2d\xff\xd8\x00\x06\x00\x2e\xff\xd8"
"\x00\x06\x00\x2f\xff\xd8\x00\x06\x00\x30\xff\xd8\x00\x06\x00\x31\xff\x66\x00\x06\x00\x32\xff\x77\x00\x06\x00\x34\xff\x62\x00\x06\x00\x35\xff\x62\x00\x06\x00\x41"
"\xff\xe1\x00\x06\x00\x42\xff\xe1\x00\x06\x00\x43\xff\xe1\x00\x06\x00\x44\xff\xe1\x00\x06\x00\x45\xff\xe1\x00\x06\x00\x46\xff\xe1\x00\x06\x00\x47\xff\xe1\x00\x06"
"\x00\x48\xff\xe1\x00\x06\x00\x49\xff\xf4\x00\x06\x00\x4a\xff\xe1\x00\x06\x00\x4c\x00\x07\x00\x06\x00\x4f\x00\x07\x00\x06\x00\x50\x00\x07\x00\x06\x00\x51\x00\x07"
"\x00\x06\x00\x59\xff\xe1\x00\x06\x00\x5a\xff\xe1\x00\x06\x00\x5b\xff\xe1\x00\x06\x00\x5c\xff\xe1\x00\x06\x00\x5d\xff\xe1\x00\x06\x00\x5e\xff\xe1\x00\x06\x00\x5f"
"\xff\xe1\x00\x06\x00\x61\xff\xe1\x00\x06\x00\x63\xff\xf1\x00\x06\x00\x65\xff\xce\x00\x06\x00\x6c\xff\x75\x00\x06\x00\x6d\xff\x75\x00\x06\x00\x6f\xff\x75\x00\x06"
"\x00\x70\xff\x75\x00\x06\x00\x71\xff\x75\x00\x06\x00\x74\xff\xe1\x00\x06\x00\x75\xff\xeb\x00\x06\x00\x76\xff\xe1\x00\x06\x00\x7b\xff\xa5\x00\x06\x00\x87\xff\x80"
"\x00\x06\x00\x8f\xff\xaf\x00\x06\x00\x92\x00\x1d\x00\x06\x00\x95\xff\x66\x00\x06\x00\x96\xff\xbb\x00\x06\x00\x99\xff\xbb\x00\x06\x00\x9a\xfe\xf5\x00\x06\x00\x9b"
"\xff\x2f\x00\x06\x00\x9c\xff\x5e\x00\x06\x00\x9d\xff\x5e\x00\x06\x00\x9e\xfe\xf5\x00\x06\x00\x9f\xff\x2f\x00\x06\x00\xa5\xff\xbb\x00\x06\x00\xa8\xff\xbb\x00\x06"
"\x00\xa9\xff\xbb\x00\x06\x00\xaa\xff\xcc\x00\x06\x00\xac\xff\x98\x00\x06\x00\xad\xff\xbb\x00\x06\x00\xae\xff\xbb\x00\x06\x00\xaf\xff\xbb\x00\x06\x00\xb0\xff\x98"
"\x00\x06\x00\xb1\xff\xbb\x00\x06\x00\xb2\xff\xbb\x00\x06\x00\xb4\xff\x49\x00\x06\x00\xb5\xff\x49\x00\x06\x00\xb6\xff\x6f\x00\x06\x00\xb7\xff\xaf\x00\x06\x00\xb8"
"\xff\x49\x00\x06\x00\xb9\xff\x69\x00\x06\x00\xba\xff\x69\x00\x06\x00\xbb\xff\x98\x00\x06\x00\xd5\xff\xbb\x00\x07\x00\x01\x00\x1e\x00\x07\x00\x02\x00\x1e\x00\x07"
"\x00\x03\x00\x1e\x00\x07\x00\x04\x00\x1e\x00\x07\x00\x05\x00\x1e\x00\x07\x00\x06\x00\x1e\x00\x07\x00\x07\x00\x1e\x00\x07\x00\x08\x00\x1e\x00\x07\x00\x0a\xff\xaf"
"\x00\x07\x00\x0b\xff\xaf\x00\x07\x00\x13\xff\xaf\x00\x07\x00\x20\xff\xaf\x00\x07\x00\x21\xff\xaf\x00\x07\x00\x22\xff\xaf\x00\x07\x00\x23\xff\xaf\x00\x07\x00\x24"
"\xff\xaf\x00\x07\x00\x25\xff\xaf\x00\x07\x00\x26\xff\xaf\x00\x07\x00\x28\xff\xaf\x00\x07\x00\x2a\xff\xeb\x00\x07\x00\x2b\xff\x4d\x00\x07\x00\x2c\xff\xd8\x00\x07"
"\x00\x2d\xff\xd8\x00\x07\x00\x2e\xff\xd8\x00\x07\x00\x2f\xff\xd8\x00\x07\x00\x30\xff\xd8\x00\x07\x00\x31\xff\x66\x00\x07\x00\x32\xff\x77\x00\x07\x00\x34\xff\x62"
"\x00\x07\x00\x35\xff\x62\x00\x07\x00\x41\xff\xe1\x00\x07\x00\x42\xff\xe1\x00\x07\x00\x43\xff\xe1\x00\x07\x00\x44\xff\xe1\x00\x07\x00\x45\xff\xe1\x00\x07\x00\x46"
"\xff\xe1\x00\x07\x00\x47\xff\xe1\x00\x07\x00\x48\xff\xe1\x00\x07\x00\x49\xff\xf4\x00\x07\x00\x4a\xff\xe1\x00\x07\x00\x4c\x00\x07\x00\x07\x00\x4f\x00\x07\x00\x07"
"\x00\x50\x00\x07\x00\x07\x00\x51\x00\x07\x00\x07\x00\x59\xff\xe1\x00\x07\x00\x5a\xff\xe1\x00\x07\x00\x5b\xff\xe1\x00\x07\x00\x5c\xff\xe1\x00\x07\x00\x5d\xff\xe1"
"\x00\x07\x00\x5e\xff\xe1\x00\x07\x00\x5f\xff\xe1\x00\x07\x00\x61\xff\xe1\x00\x07\x00\x63\xff\xf1\x00\x07\x00\x65\xff\xce\x00\x07\x00\x6c\xff\x75\x00\x07\x00\x6d"
"\xff\x75\x00\x07\x00\x6f\xff\x75\x00\x07\x00\x70\xff\x75\x00\x07\x00\x71\xff\x75\x00\x07\x00\x74\xff\xe1\x00\x07\x00\x75\xff\xeb\x00\x07\x00\x76\xff\xe1\x00\x07"
"\x00\x7b\xff\xa5\x00\x07\x00\x87\xff\x80\x00\x07\x00\x8f\xff\xaf\x00\x07\x00\x92\x00\x1d\x00\x07\x00\x95\xff\x66\x00\x07\x00\x96\xff\xbb\x00\x07\x00\x99\xff\xbb"
"\x00\x07\x00\x9a\xfe\xf5\x00\x07\x00\x9b\xff\x2f\x00\x07\x00\x9c\xff\x5e\x00\x07\x00\x9d\xff\x5e\x00\x07\x00\x9e\xfe\xf5\x00\x07\x00\x9f\xff\x2f\x00\x07\x00\xa5"
"\xff\xbb\x00\x07\x00\xa8\xff\xbb\x00\x07\x00\xa9\xff\xbb\x00\x07\x00\xaa\xff\xcc\x00\x07\x00\xac\xff\x98\x00\x07\x00\xad\xff\xbb\x00\x07\x00\xae\xff\xbb\x00\x07"
"\x00\xaf\xff\xbb\x00\x07\x00\xb0\xff\x98\x00\x07\x00\xb1\xff\xbb\x00\x07\x00\xb2\xff\xbb\x00\x07\x00\xb4\xff\x49\x00\x07\x00\xb5\xff\x49\x00\x07\x00\xb6\xff\x6f"
"\x00\x07\x00\xb7\xff\xaf\x00\x07\x00\xb8\xff\x49\x00\x07\x00\xb9\xff\x69\x00\x07\x00\xba\xff\x69\x00\x07\x00\xbb\xff\x98\x00\x07\x00\xd5\xff\xbb\x00\x08\x00\x4e"
"\x00\x97\x00\x09\x00\x2b\xff\x8c\x00\x09\x00\x4e\x00\x45\x00\x09\x00\x9a\xff\x80\x00\x09\x00\x9e\xff\x80\x00\x0a\x00\x01\xff\xcd\x00\x0a\x00\x02\xff\xcd\x00\x0a"
"\x00\x03\xff\xcd\x00\x0a\x00\x04\xff\xcd\x00\x0a\x00\x05\xff\xcd\x00\x0a\x00\x06\xff\xcd\x00\x0a\x00\x07\xff\xcd\x00\x0a\x00\x08\xff\xcd\x00\x0a\x00\x33\xff\xe8"
"\x00\x0a\x00\x4e\x00\x45\x00\x0a\x00\x6c\x00\x08\x00\x0a\x00\x6f\x00\x08\x00\x0a\x00\x70\x00\x08\x00\x0a\x00\x71\x00\x08\x00\x0a\x00\xb3\xff\xaf\x00\x0b\x00\x01"
"\xff\xcd\x00\x0b\x00\x02\xff\xcd\x00\x0b\x00\x03\xff\xcd\x00\x0b\x00\x04\xff\xcd\x00\x0b\x00\x05\xff\xcd\x00\x0b\x00\x06\xff\xcd\x00\x0b\x00\x07\xff\xcd\x00\x0b"
"\x00\x08\xff\xcd\x00\x0b\x00\x33\xff\xe8\x00\x0b\x00\x4e\x00\x45\x00\x0b\x00\x6c\x00\x08\x00\x0b\x00\x6f\x00\x08\x00\x0b\x00\x70\x00\x08\x00\x0b\x00\x71\x00\x08"
"\x00\x0b\x00\xb3\xff\xaf\x00\x0c\x00\x01\xff\xaf\x00\x0c\x00\x02\xff\xaf\x00\x0c\x00\x03\xff\xaf\x00\x0c\x00\x04\xff\xaf\x00\x0c\x00\x05\xff\xaf\x00\x0c\x00\x06"
"\xff\xaf\x00\x0c\x00\x07\xff\xaf\x00\x0c\x00\x08\xff\xaf\x00\x0c\x00\x2b\xff\xc0\x00\x0c\x00\x31\xff\xb2\x00\x0c\x00\x32\xff\xdf\x00\x0c\x00\x33\xff\xa1\x00\x0c"
"\x00\x34\xff\xae\x00\x0c\x00\x35\xff\xae\x00\x0c\x00\x92\xff\xaf\x00\x0c\x00\x95\xff\xb2\x00\x0c\x00\x9a\xff\xbb\x00\x0c\x00\x9e\xff\xbb\x00\x0c\x00\xa0\xff\xa6"
"\x00\x0c\x00\xa1\xff\xa6\x00\x0c\x00\xa2\xff\xa6\x00\x0c\x00\xb3\xff\xaf\x00\x0c\x00\xb6\xff\xf5\x00\x0d\x00\x4e\x00\x97\x00\x0e\x00\x4e\x00\x97\x00\x0f\x00\x4e"
"\x00\x97\x00\x10\x00\x4e\x00\x97\x00\x11\x00\x4e\x00\x97\x00\x12\x00\x01\xff\x46\x00\x12\x00\x02\xff\x46\x00\x12\x00\x03\xff\x46\x00\x12\x00\x04\xff\x46\x00\x12"
"\x00\x05\xff\x46\x00\x12\x00\x06\xff\x46\x00\x12\x00\x07\xff\x46\x00\x12\x00\x08\xff\x46\x00\x12\x00\x1a\xff\x75\x00\x12\x00\x37\xff\xd9\x00\x12\x00\x38\xff\xd9"
"\x00\x12\x00\x39\xff\xd9\x00\x12\x00\x3a\xff\xd9\x00\x12\x00\x3b\xff\xd9\x00\x12\x00\x3c\xff\xd9\x00\x12\x00\x3d\xff\xd9\x00\x12\x00\x3e\xff\xd9\x00\x12\x00\x41"
"\xff\xbe\x00\x12\x00\x42\xff\xbe\x00\x12\x00\x43\xff\xbe\x00\x12\x00\x44\xff\xbe\x00\x12\x00\x45\xff\xbe\x00\x12\x00\x46\xff\xbe\x00\x12\x00\x47\xff\xbe\x00\x12"
"\x00\x48\xff\xbe\x00\x12\x00\x4a\xff\xbe\x00\x12\x00\x56\xff\xd1\x00\x12\x00\x57\xff\xd1\x00\x12\x00\x58\xff\xd1\x00\x12\x00\x59\xff\xbe\x00\x12\x00\x5a\xff\xbe"
"\x00\x12\x00\x5b\xff\xbe\x00\x12\x00\x5c\xff\xbe\x00\x12\x00\x5d\xff\xbe\x00\x12\x00\x5e\xff\xbe\x00\x12\x00\x5f\xff\xbe\x00\x12\x00\x60\xff\xd1\x00\x12\x00\x61"
"\xff\xbe\x00\x12\x00\x62\xff\xd1\x00\x12\x00\x66\xff\xbb\x00\x12\x00\x67\xff\xbb\x00\x12\x00\x68\xff\xbb\x00\x12\x00\x69\xff\xbb\x00\x12\x00\x6a\xff\xbb\x00\x12"
"\x00\x6b\xff\xbb\x00\x12\x00\x6c\xff\xbb\x00\x12\x00\x6f\xff\xbb\x00\x12\x00\x70\xff\xbb\x00\x12\x00\x71\xff\xbb\x00\x12\x00\x72\xff\xbb\x00\x12\x00\x74\xff\xbe"
"\x00\x12\x00\x76\xff\xbe\x00\x12\x00\xa0\xff\xaf\x00\x12\x00\xa1\xff\xbb\x00\x12\x00\xa2\xff\x52\x00\x12\x00\xb3\xff\xbb\x00\x13\x00\x01\xff\xc6\x00\x13\x00\x02"
"\xff\xc6\x00\x13\x00\x03\xff\xc6\x00\x13\x00\x04\xff\xc6\x00\x13\x00\x05\xff\xc6\x00\x13\x00\x06\xff\xc6\x00\x13\x00\x07\xff\xc6\x00\x13\x00\x08\xff\xc6\x00\x13"
"\x00\x2b\xff\xc2\x00\x13\x00\x31\xff\xd2\x00\x13\x00\x33\xff\xe8\x00\x13\x00\x34\xff\xca\x00\x13\x00\x35\xff\xca\x00\x13\x00\x4e\x00\x45\x00\x13\x00\x95\xff\xd2"
"\x00\x14\x00\x4e\x00\x7f\x00\x14\x00\x65\x00\x1e\x00\x14\x00\x6c\x00\x11\x00\x14\x00\x6f\x00\x11\x00\x14\x00\x70\x00\x11\x00\x14\x00\x71\x00\x11\x00\x14\x00\x8a"
"\x00\x19\x00\x14\x00\x8c\x00\x19\x00\x14\x00\x8e\x00\x19\x00\x14\x00\xb3\x00\x19\x00\x14\x00\xd9\x00\x45\x00\x15\x00\x4e\x00\x7f\x00\x15\x00\x65\x00\x1e\x00\x15"
"\x00\x6c\x00\x11\x00\x15\x00\x6f\x00\x11\x00\x15\x00\x70\x00\x11\x00\x15\x00\x71\x00\x11\x00\x15\x00\x8a\x00\x19\x00\x15\x00\x8c\x00\x19\x00\x15\x00\x8e\x00\x19"
"\x00\x15\x00\xb3\x00\x19\x00\x15\x00\xd9\x00\x45\x00\x16\x00\x4e\x00\x41\x00\x17\x00\x4e\x00\x7f\x00\x17\x00\x65\x00\x1e\x00\x17\x00\x6c\x00\x11\x00\x17\x00\x6f"
"\x00\x11\x00\x17\x00\x70\x00\x11\x00\x17\x00\x71\x00\x11\x00\x17\x00\x8a\x00\x19\x00\x17\x00\x8c\x00\x19\x00\x17\x00\x8e\x00\x19\x00\x17\x00\xb3\x00\x19\x00\x17"
"\x00\xd9\x00\x45\x00\x18\x00\x4e\x00\x7f\x00\x18\x00\x65\x00\x1e\x00\x18\x00\x6c\x00\x11\x00\x18\x00\x6f\x00\x11\x00\x18\x00\x70\x00\x11\x00\x18\x00\x71\x00\x11"
"\x00\x18\x00\x8a\x00\x19\x00\x18\x00\x8c\x00\x19\x00\x18\x00\x8e\x00\x19\x00\x18\x00\xb3\x00\x19\x00\x18\x00\xd9\x00\x45\x00\x19\x00\x4e\x00\x41\x00\x1a\x00\x01"
"\xff\xd8\x00\x1a\x00\x02\xff\xd8\x00\x1a\x00\x03\xff\xd8\x00\x1a\x00\x04\xff\xd8\x00\x1a\x00\x05\xff\xd8\x00\x1a\x00\x06\xff\xd8\x00\x1a\x00\x07\xff\xd8\x00\x1a"
"\x00\x08\xff\xd8\x00\x1a\x00\x92\xff\x8c\x00\x1a\x00\xa0\xff\xbb\x00\x1a\x00\xa1\xff\xbb\x00\x1a\x00\xa2\xff\xbb\x00\x1a\x00\xb3\xff\x98\x00\x1b\x00\x0a\xff\xb2"
"\x00\x1b\x00\x0b\xff\xb2\x00\x1b\x00\x13\xff\xb2\x00\x1b\x00\x20\xff\xb2\x00\x1b\x00\x21\xff\xb2\x00\x1b\x00\x22\xff\xb2\x00\x1b\x00\x23\xff\xb2\x00\x1b\x00\x24"
"\xff\xb2\x00\x1b\x00\x25\xff\xb2\x00\x1b\x00\x26\xff\xb2\x00\x1b\x00\x28\xff\xb2\x00\x1b\x00\x2a\xff\xec\x00\x1b\x00\x41\xff\xaf\x00\x1b\x00\x42\xff\xaf\x00\x1b"
"\x00\x43\xff\xaf\x00\x1b\x00\x44\xff\xaf\x00\x1b\x00\x45\xff\xaf\x00\x1b\x00\x46\xff\xaf\x00\x1b\x00\x47\xff\xaf\x00\x1b\x00\x48\xff\xaf\x00\x1b\x00\x4a\xff\xaf"
"\x00\x1b\x00\x4c\x00\x14\x00\x1b\x00\x4e\x00\xae\x00\x1b\x00\x4f\x00\x14\x00\x1b\x00\x50\x00\x14\x00\x1b\x00\x51\x00\x14\x00\x1b\x00\x59\xff\xaf\x00\x1b\x00\x5a"
"\xff\xaf\x00\x1b\x00\x5b\xff\xaf\x00\x1b\x00\x5c\xff\xaf\x00\x1b\x00\x5d\xff\xaf\x00\x1b\x00\x5e\xff\xaf\x00\x1b\x00\x5f\xff\xaf\x00\x1b\x00\x61\xff\xaf\x00\x1b"
"\x00\x66\xff\xbb\x00\x1b\x00\x67\xff\xbb\x00\x1b\x00\x68\xff\xbb\x00\x1b\x00\x69\xff\xbb\x00\x1b\x00\x6a\xff\xbb\x00\x1b\x00\x6b\xff\xbb\x00\x1b\x00\x6c\xff\xaf"
"\x00\x1b\x00\x6d\xff\x80\x00\x1b\x00\x6f\xff\xaf\x00\x1b\x00\x70\xff\xaf\x00\x1b\x00\x71\xff\xaf\x00\x1b\x00\x74\xff\xaf\x00\x1b\x00\x75\xff\xec\x00\x1b\x00\x76"
"\xff\xaf\x00\x1b\x00\x8f\xff\xb2\x00\x1b\x00\x96\xff\x4d\x00\x1b\x00\x99\xff\xbb\x00\x1b\x00\xa5\xff\xa3\x00\x1b\x00\xa8\xff\x98\x00\x1b\x00\xaa\xff\x75\x00\x1b"
"\x00\xac\xff\xbb\x00\x1b\x00\xad\xff\x4d\x00\x1b\x00\xae\xff\xbb\x00\x1b\x00\xaf\xff\x4d\x00\x1b\x00\xb0\xff\xbb\x00\x1b\x00\xb1\xff\x4d\x00\x1b\x00\xb2\xff\x98"
"\x00\x1b\x00\xb6\xff\xe2\x00\x1b\x00\xb7\xff\xb2\x00\x1b\x00\xd5\xff\x4d\x00\x1c\x00\x0a\xff\xc6\x00\x1c\x00\x0b\xff\xc6\x00\x1c\x00\x13\xff\xc6\x00\x1c\x00\x20"
"\xff\xc6\x00\x1c\x00\x21\xff\xc6\x00\x1c\x00\x22\xff\xc6\x00\x1c\x00\x23\xff\xc6\x00\x1c\x00\x24\xff\xc6\x00\x1c\x00\x25\xff\xc6\x00\x1c\x00\x26\xff\xc6\x00\x1c"
"\x00\x28\xff\xc6\x00\x1c\x00\x2b\xff\x42\x00\x1c\x00\x31\xff\x68\x00\x1c\x00\x32\xff\xce\x00\x1c\x00\x34\xff\x73\x00\x1c\x00\x35\xff\x73\x00\x1c\x00\x65\xff\xd2"
"\x00\x1c\x00\x6c\xff\x75\x00\x1c\x00\x6f\xff\x75\x00\x1c\x00\x70\xff\x75\x00\x1c\x00\x71\xff\x75\x00\x1c\x00\x7b\xff\xa3\x00\x1c\x00\x8f\xff\xc6\x00\x1c\x00\x95"
"\xff\x68\x00\x1c\x00\x96\xff\x98\x00\x1c\x00\x99\xff\xbb\x00\x1c\x00\x9a\xff\x52\x00\x1c\x00\x9b\xff\x68\x00\x1c\x00\x9c\xff\x46\x00\x1c\x00\x9d\xff\x46\x00\x1c"
"\x00\x9e\xff\x52\x00\x1c\x00\x9f\xff\x68\x00\x1c\x00\xa5\xff\x80\x00\x1c\x00\xa8\xff\x80\x00\x1c\x00\xad\xff\x6b\x00\x1c\x00\xae\xff\xbb\x00\x1c\x00\xaf\xff\x6b"
"\x00\x1c\x00\xb1\xff\xaf\x00\x1c\x00\xb2\xfe\xf5\x00\x1c\x00\xb4\xfe\xf5\x00\x1c\x00\xb5\xff\xaf\x00\x1c\x00\xb6\xff\x5b\x00\x1c\x00\xb7\xff\xc6\x00\x1c\x00\xb8"
"\xff\xa3\x00\x1c\x00\xb9\xff\x3b\x00\x1c\x00\xba\xff\x3b\x00\x1c\x00\xbb\xff\x5a\x00\x1c\x00\xd5\xff\x6b\x00\x1d\x00\x4e\x00\x7f\x00\x1d\x00\x65\x00\x1e\x00\x1d"
"\x00\x6c\x00\x11\x00\x1d\x00\x6f\x00\x11\x00\x1d\x00\x70\x00\x11\x00\x1d\x00\x71\x00\x11\x00\x1d\x00\x8a\x00\x19\x00\x1d\x00\x8c\x00\x19\x00\x1d\x00\x8e\x00\x19"
"\x00\x1d\x00\xb3\x00\x19\x00\x1d\x00\xd9\x00\x45\x00\x1e\x00\x4e\x00\x7f\x00\x1e\x00\x65\x00\x1e\x00\x1e\x00\x6c\x00\x11\x00\x1e\x00\x6f\x00\x11\x00\x1e\x00\x70"
"\x00\x11\x00\x1e\x00\x71\x00\x11\x00\x1e\x00\x8a\x00\x19\x00\x1e\x00\x8c\x00\x19\x00\x1e\x00\x8e\x00\x19\x00\x1e\x00\xb3\x00\x19\x00\x1e\x00\xd9\x00\x45\x00\x1f"
"\x00\x4e\x00\x7f\x00\x1f\x00\x65\x00\x1e\x00\x1f\x00\x6c\x00\x11\x00\x1f\x00\x6f\x00\x11\x00\x1f\x00\x70\x00\x11\x00\x1f\x00\x71\x00\x11\x00\x1f\x00\x8a\x00\x19"
"\x00\x1f\x00\x8c\x00\x19\x00\x1f\x00\x8e\x00\x19\x00\x1f\x00\xb3\x00\x19\x00\x1f\x00\xd9\x00\x45\x00\x20\x00\x01\xff\xaf\x00\x20\x00\x02\xff\xaf\x00\x20\x00\x03"
"\xff\xaf\x00\x20\x00\x04\xff\xaf\x00\x20\x00\x05\xff\xaf\x00\x20\x00\x06\xff\xaf\x00\x20\x00\x07\xff\xaf\x00\x20\x00\x08\xff\xaf\x00\x20\x00\x2b\xff\xc0\x00\x20"
"\x00\x31\xff\xb2\x00\x20\x00\x32\xff\xdf\x00\x20\x00\x33\xff\xa1\x00\x20\x00\x34\xff\xae\x00\x20\x00\x35\xff\xae\x00\x20\x00\x92\xff\xaf\x00\x20\x00\x95\xff\xb2"
"\x00\x20\x00\x9a\xff\xbb\x00\x20\x00\x9e\xff\xbb\x00\x20\x00\xa0\xff\xa6\x00\x20\x00\xa1\xff\xa6\x00\x20\x00\xa2\xff\xa6\x00\x20\x00\xb3\xff\xaf\x00\x20\x00\xb6"
"\xff\xf5\x00\x21\x00\x01\xff\xaf\x00\x21\x00\x02\xff\xaf\x00\x21\x00\x03\xff\xaf\x00\x21\x00\x04\xff\xaf\x00\x21\x00\x05\xff\xaf\x00\x21\x00\x06\xff\xaf\x00\x21"
"\x00\x07\xff\xaf\x00\x21\x00\x08\xff\xaf\x00\x21\x00\x2b\xff\xc0\x00\x21\x00\x31\xff\xb2\x00\x21\x00\x32\xff\xdf\x00\x21\x00\x33\xff\xa1\x00\x21\x00\x34\xff\xae"
"\x00\x21\x00\x35\xff\xae\x00\x21\x00\x92\xff\xaf\x00\x21\x00\x95\xff\xb2\x00\x21\x00\x9a\xff\xbb\x00\x21\x00\x9e\xff\xbb\x00\x21\x00\xa0\xff\xa6\x00\x21\x00\xa1"
"\xff\xa6\x00\x21\x00\xa2\xff\xa6\x00\x21\x00\xb3\xff\xaf\x00\x21\x00\xb6\xff\xf5\x00\x22\x00\x01\xff\xaf\x00\x22\x00\x02\xff\xaf\x00\x22\x00\x03\xff\xaf\x00\x22"
"\x00\x04\xff\xaf\x00\x22\x00\x05\xff\xaf\x00\x22\x00\x06\xff\xaf\x00\x22\x00\x07\xff\xaf\x00\x22\x00\x08\xff\xaf\x00\x22\x00\x2b\xff\xc0\x00\x22\x00\x31\xff\xb2"
"\x00\x22\x00\x32\xff\xdf\x00\x22\x00\x33\xff\xa1\x00\x22\x00\x34\xff\xae\x00\x22\x00\x35\xff\xae\x00\x22\x00\x92\xff\xaf\x00\x22\x00\x95\xff\xb2\x00\x22\x00\x9a"
"\xff\xbb\x00\x22\x00\x9e\xff\xbb\x00\x22\x00\xa0\xff\xa6\x00\x22\x00\xa1\xff\xa6\x00\x22\x00\xa2\xff\xa6\x00\x22\x00\xb3\xff\xaf\x00\x22\x00\xb6\xff\xf5\x00\x23"
"\x00\x01\xff\xaf\x00\x23\x00\x02\xff\xaf\x00\x23\x00\x03\xff\xaf\x00\x23\x00\x04\xff\xaf\x00\x23\x00\x05\xff\xaf\x00\x23\x00\x06\xff\xaf\x00\x23\x00\x07\xff\xaf"
"\x00\x23\x00\x08\xff\xaf\x00\x23\x00\x2b\xff\xc0\x00\x23\x00\x31\xff\xb2\x00\x23\x00\x32\xff\xdf\x00\x23\x00\x33\xff\xa1\x00\x23\x00\x34\xff\xae\x00\x23\x00\x35"
"\xff\xae\x00\x23\x00\x92\xff\xaf\x00\x23\x00\x95\xff\xb2\x00\x23\x00\x9a\xff\xbb\x00\x23\x00\x9e\xff\xbb\x00\x23\x00\xa0\xff\xa6\x00\x23\x00\xa1\xff\xa6\x00\x23"
"\x00\xa2\xff\xa6\x00\x23\x00\xb3\xff\xaf\x00\x23\x00\xb6\xff\xf5\x00\x24\x00\x01\xff\xaf\x00\x24\x00\x02\xff\xaf\x00\x24\x00\x03\xff\xaf\x00\x24\x00\x04\xff\xaf"
"\x00\x24\x00\x05\xff\xaf\x00\x24\x00\x06\xff\xaf\x00\x24\x00\x07\xff\xaf\x00\x24\x00\x08\xff\xaf\x00\x24\x00\x2b\xff\xc0\x00\x24\x00\x31\xff\xb2\x00\x24\x00\x32"
"\xff\xdf\x00\x24\x00\x33\xff\xa1\x00\x24\x00\x34\xff\xae\x00\x24\x00\x35\xff\xae\x00\x24\x00\x92\xff\xaf\x00\x24\x00\x95\xff\xb2\x00\x24\x00\x9a\xff\xbb\x00\x24"
"\x00\x9e\xff\xbb\x00\x24\x00\xa0\xff\xa6\x00\x24\x00\xa1\xff\xa6\x00\x24\x00\xa2\xff\xa6\x00\x24\x00\xb3\xff\xaf\x00\x24\x00\xb6\xff\xf5\x00\x25\x00\x01\xff\xaf"
"\x00\x25\x00\x02\xff\xaf\x00\x25\x00\x03\xff\xaf\x00\x25\x00\x04\xff\xaf\x00\x25\x00\x05\xff\xaf\x00\x25\x00\x06\xff\xaf\x00\x25\x00\x07\xff\xaf\x00\x25\x00\x08"
"\xff\xaf\x00\x25\x00\x2b\xff\xc0\x00\x25\x00\x31\xff\xb2\x00\x25\x00\x32\xff\xdf\x00\x25\x00\x33\xff\xa1\x00\x25\x00\x34\xff\xae\x00\x25\x00\x35\xff\xae\x00\x25"
"\x00\x92\xff\xaf\x00\x25\x00\x95\xff\xb2\x00\x25\x00\x9a\xff\xbb\x00\x25\x00\x9e\xff\xbb\x00\x25\x00\xa0\xff\xa6\x00\x25\x00\xa1\xff\xa6\x00\x25\x00\xa2\xff\xa6"
"\x00\x25\x00\xb3\xff\xaf\x00\x25\x00\xb6\xff\xf5\x00\x26\x00\x01\xff\xaf\x00\x26\x00\x02\xff\xaf\x00\x26\x00\x03\xff\xaf\x00\x26\x00\x04\xff\xaf\x00\x26\x00\x05"
"\xff\xaf\x00\x26\x00\x06\xff\xaf\x00\x26\x00\x07\xff\xaf\x00\x26\x00\x08\xff\xaf\x00\x26\x00\x2b\xff\xc0\x00\x26\x00\x31\xff\xb2\x00\x26\x00\x32\xff\xdf\x00\x26"
"\x00\x33\xff\xa1\x00\x26\x00\x34\xff\xae\x00\x26\x00\x35\xff\xae\x00\x26\x00\x92\xff\xaf\x00\x26\x00\x95\xff\xb2\x00\x26\x00\x9a\xff\xbb\x00\x26\x00\x9e\xff\xbb"
"\x00\x26\x00\xa0\xff\xa6\x00\x26\x00\xa1\xff\xa6\x00\x26\x00\xa2\xff\xa6\x00\x26\x00\xb3\xff\xaf\x00\x26\x00\xb6\xff\xf5\x00\x27\x00\x01\xff\x5c\x00\x27\x00\x02"
"\xff\x5c\x00\x27\x00\x03\xff\x5c\x00\x27\x00\x04\xff\x5c\x00\x27\x00\x05\xff\x5c\x00\x27\x00\x06\xff\x5c\x00\x27\x00\x07\xff\x5c\x00\x27\x00\x08\xff\x5c\x00\x27"
"\x00\x1a\xff\x3b\x00\x27\x00\x37\xff\xee\x00\x27\x00\x38\xff\xee\x00\x27\x00\x39\xff\xee\x00\x27\x00\x3a\xff\xee\x00\x27\x00\x3b\xff\xee\x00\x27\x00\x3c\xff\xee"
"\x00\x27\x00\x3d\xff\xee\x00\x27\x00\x3e\xff\xee\x00\x27\x00\x41\xff\xf1\x00\x27\x00\x42\xff\xf1\x00\x27\x00\x43\xff\xf1\x00\x27\x00\x44\xff\xf1\x00\x27\x00\x45"
"\xff\xf1\x00\x27\x00\x46\xff\xf1\x00\x27\x00\x47\xff\xf1\x00\x27\x00\x48\xff\xf1\x00\x27\x00\x4a\xff\xf1\x00\x27\x00\x59\xff\xf1\x00\x27\x00\x5a\xff\xf1\x00\x27"
"\x00\x5b\xff\xf1\x00\x27\x00\x5c\xff\xf1\x00\x27\x00\x5d\xff\xf1\x00\x27\x00\x5e\xff\xf1\x00\x27\x00\x5f\xff\xf1\x00\x27\x00\x61\xff\xf1\x00\x27\x00\x74\xff\xf1"
"\x00\x27\x00\x76\xff\xf1\x00\x27\x00\x84\xff\xbb\x00\x27\x00\x96\xff\xc4\x00\x27\x00\xa0\xff\xaf\x00\x27\x00\xa1\xff\xbb\x00\x27\x00\xa2\xff\x3b\x00\x27\x00\xa5"
"\xff\xc4\x00\x27\x00\xad\xff\xc4\x00\x27\x00\xaf\xff\xc4\x00\x27\x00\xb1\xff\xc4\x00\x27\x00\xb2\xff\xc4\x00\x27\x00\xd5\xff\xc4\x00\x28\x00\x01\xff\xaf\x00\x28"
"\x00\x02\xff\xaf\x00\x28\x00\x03\xff\xaf\x00\x28\x00\x04\xff\xaf\x00\x28\x00\x05\xff\xaf\x00\x28\x00\x06\xff\xaf\x00\x28\x00\x07\xff\xaf\x00\x28\x00\x08\xff\xaf"
"\x00\x28\x00\x2b\xff\xc0\x00\x28\x00\x31\xff\xb2\x00\x28\x00\x32\xff\xdf\x00\x28\x00\x33\xff\xa1\x00\x28\x00\x34\xff\xae\x00\x28\x00\x35\xff\xae\x00\x28\x00\x92"
"\xff\xaf\x00\x28\x00\x95\xff\xb2\x00\x28\x00\x9a\xff\xbb\x00\x28\x00\x9e\xff\xbb\x00\x28\x00\xa0\xff\xa6\x00\x28\x00\xa1\xff\xa6\x00\x28\x00\xa2\xff\xa6\x00\x28"
"\x00\xb3\xff\xaf\x00\x28\x00\xb6\xff\xf5\x00\x29\x00\x31\xff\xda\x00\x29\x00\x34\xff\xc8\x00\x29\x00\x35\xff\xc8\x00\x29\x00\x37\xff\xf6\x00\x29\x00\x38\xff\xf6"
"\x00\x29\x00\x39\xff\xf6\x00\x29\x00\x3a\xff\xf6\x00\x29\x00\x3b\xff\xf6\x00\x29\x00\x3c\xff\xf6\x00\x29\x00\x3d\xff\xf6\x00\x29\x00\x3e\xff\xf6\x00\x29\x00\x41"
"\xff\xe6\x00\x29\x00\x42\xff\xe6\x00\x29\x00\x43\xff\xe6\x00\x29\x00\x44\xff\xe6\x00\x29\x00\x45\xff\xe6\x00\x29\x00\x46\xff\xe6\x00\x29\x00\x47\xff\xe6\x00\x29"
"\x00\x48\xff\xe6\x00\x29\x00\x4a\xff\xe6\x00\x29\x00\x4e\x00\x5d\x00\x29\x00\x59\xff\xe6\x00\x29\x00\x5a\xff\xe6\x00\x29\x00\x5b\xff\xe6\x00\x29\x00\x5c\xff\xe6"
"\x00\x29\x00\x5d\xff\xe6\x00\x29\x00\x5e\xff\xe6\x00\x29\x00\x5f\xff\xe6\x00\x29\x00\x61\xff\xe6\x00\x29\x00\x74\xff\xe6\x00\x29\x00\x76\xff\xe6\x00\x29\x00\x95"
"\xff\xda\x00\x2a\x00\x01\xff\xeb\x00\x2a\x00\x02\xff\xeb\x00\x2a\x00\x03\xff\xeb\x00\x2a\x00\x04\xff\xeb\x00\x2a\x00\x05\xff\xeb\x00\x2a\x00\x06\xff\xeb\x00\x2a"
"\x00\x07\xff\xeb\x00\x2a\x00\x08\xff\xeb\x00\x2a\x00\x2b\xff\xf2\x00\x2a\x00\x33\xff\xe8\x00\x2a\x00\x4e\x00\x5d\x00\x2b\x00\x01\xff\x4d\x00\x2b\x00\x02\xff\x4d"
"\x00\x2b\x00\x03\xff\x4d\x00\x2b\x00\x04\xff\x4d\x00\x2b\x00\x05\xff\x4d\x00\x2b\x00\x06\xff\x4d\x00\x2b\x00\x07\xff\x4d\x00\x2b\x00\x08\xff\x4d\x00\x2b\x00\x0a"
"\xff\xc0\x00\x2b\x00\x0b\xff\xc0\x00\x2b\x00\x13\xff\xc0\x00\x2b\x00\x1a\xff\x46\x00\x2b\x00\x20\xff\xc0\x00\x2b\x00\x21\xff\xc0\x00\x2b\x00\x22\xff\xc0\x00\x2b"
"\x00\x23\xff\xc0\x00\x2b\x00\x24\xff\xc0\x00\x2b\x00\x25\xff\xc0\x00\x2b\x00\x26\xff\xc0\x00\x2b\x00\x28\xff\xc0\x00\x2b\x00\x2a\xff\xf9\x00\x2b\x00\x34\x00\x1a"
"\x00\x2b\x00\x35\x00\x1a\x00\x2b\x00\x37\xff\x6a\x00\x2b\x00\x38\xff\x6a\x00\x2b\x00\x39\xff\x6a\x00\x2b\x00\x3a\xff\xaf\x00\x2b\x00\x3b\xff\x6a\x00\x2b\x00\x3c"
"\xff\x6a\x00\x2b\x00\x3d\xff\xaf\x00\x2b\x00\x3e\xff\x6a\x00\x2b\x00\x41\xff\x60\x00\x2b\x00\x42\xff\x60\x00\x2b\x00\x43\xff\x60\x00\x2b\x00\x44\xff\x60\x00\x2b"
"\x00\x45\xff\x98\x00\x2b\x00\x46\xff\x60\x00\x2b\x00\x47\xff\x60\x00\x2b\x00\x48\xff\x60\x00\x2b\x00\x4a\xff\x60\x00\x2b\x00\x4e\x00\xba\x00\x2b\x00\x56\xff\x8c"
"\x00\x2b\x00\x57\xff\x8c\x00\x2b\x00\x58\xff\x8c\x00\x2b\x00\x59\xff\x60\x00\x2b\x00\x5a\xff\x98\x00\x2b\x00\x5b\xff\x98\x00\x2b\x00\x5c\xff\x60\x00\x2b\x00\x5d"
"\xff\x60\x00\x2b\x00\x5e\xff\x60\x00\x2b\x00\x5f\xff\x60\x00\x2b\x00\x60\xff\x8c\x00\x2b\x00\x61\xff\x60\x00\x2b\x00\x62\xff\x8c\x00\x2b\x00\x63\xff\x69\x00\x2b"
"\x00\x65\xff\x2f\x00\x2b\x00\x66\xff\x69\x00\x2b\x00\x67\xff\x98\x00\x2b\x00\x68\xff\x2f\x00\x2b\x00\x69\xff\x69\x00\x2b\x00\x6a\xff\x69\x00\x2b\x00\x6b\xff\x69"
"\x00\x2b\x00\x6c\xff\x80\x00\x2b\x00\x6d\xff\x80\x00\x2b\x00\x6e\xff\xaa\x00\x2b\x00\x6f\xff\x80\x00\x2b\x00\x70\xff\xbb\x00\x2b\x00\x71\xff\x80\x00\x2b\x00\x72"
"\xff\xa3\x00\x2b\x00\x74\xff\x60\x00\x2b\x00\x75\xff\xf9\x00\x2b\x00\x76\xff\x60\x00\x2b\x00\x7a\xff\xbb\x00\x2b\x00\x7e\xff\x75\x00\x2b\x00\x80\xff\xbb\x00\x2b"
"\x00\x81\xff\x5e\x00\x2b\x00\x84\xff\xbb\x00\x2b\x00\x8f\xff\xc0\x00\x2b\x00\x92\xff\x98\x00\x2b\x00\x96\xff\x87\x00\x2b\x00\x99\xff\xbb\x00\x2b\x00\xa0\xff\xbb"
"\x00\x2b\x00\xa1\xff\xbb\x00\x2b\x00\xa2\xff\x52\x00\x2b\x00\xa3\xff\xbb\x00\x2b\x00\xa4\xff\xbb\x00\x2b\x00\xa5\xff\x5e\x00\x2b\x00\xa8\xfe\xf5\x00\x2b\x00\xa9"
"\xff\x98\x00\x2b\x00\xaa\xff\x5e\x00\x2b\x00\xac\xff\xbb\x00\x2b\x00\xad\xff\x87\x00\x2b\x00\xae\xff\xbb\x00\x2b\x00\xaf\xff\x87\x00\x2b\x00\xb0\xff\xbb\x00\x2b"
"\x00\xb1\xff\x87\x00\x2b\x00\xb2\xff\x87\x00\x2b\x00\xb3\xff\x8c\x00\x2b\x00\xb7\xff\xc0\x00\x2b\x00\xd5\xff\x87\x00\x2c\x00\x01\xff\xd8\x00\x2c\x00\x02\xff\xd8"
"\x00\x2c\x00\x03\xff\xd8\x00\x2c\x00\x04\xff\xd8\x00\x2c\x00\x05\xff\xd8\x00\x2c\x00\x06\xff\xd8\x00\x2c\x00\x07\xff\xd8\x00\x2c\x00\x08\xff\xd8\x00\x2c\x00\x92"
"\xff\x8c\x00\x2c\x00\xa0\xff\xbb\x00\x2c\x00\xa1\xff\xbb\x00\x2c\x00\xa2\xff\xbb\x00\x2c\x00\xb3\xff\x98\x00\x2d\x00\x01\xff\xd8\x00\x2d\x00\x02\xff\xd8\x00\x2d"
"\x00\x03\xff\xd8\x00\x2d\x00\x04\xff\xd8\x00\x2d\x00\x05\xff\xd8\x00\x2d\x00\x06\xff\xd8\x00\x2d\x00\x07\xff\xd8\x00\x2d\x00\x08\xff\xd8\x00\x2d\x00\x92\xff\x8c"
"\x00\x2d\x00\xa0\xff\xbb\x00\x2d\x00\xa1\xff\xbb\x00\x2d\x00\xa2\xff\xbb\x00\x2d\x00\xb3\xff\x98\x00\x2e\x00\x01\xff\xd8\x00\x2e\x00\x02\xff\xd8\x00\x2e\x00\x03"
"\xff\xd8\x00\x2e\x00\x04\xff\xd8\x00\x2e\x00\x05\xff\xd8\x00\x2e\x00\x06\xff\xd8\x00\x2e\x00\x07\xff\xd8\x00\x2e\x00\x08\xff\xd8\x00\x2e\x00\x92\xff\x8c\x00\x2e"
"\x00\xa0\xff\xbb\x00\x2e\x00\xa1\xff\xbb\x00\x2e\x00\xa2\xff\xbb\x00\x2e\x00\xb3\xff\x98\x00\x2f\x00\x01\xff\xd8\x00\x2f\x00\x02\xff\xd8\x00\x2f\x00\x03\xff\xd8"
"\x00\x2f\x00\x04\xff\xd8\x00\x2f\x00\x05\xff\xd8\x00\x2f\x00\x06\xff\xd8\x00\x2f\x00\x07\xff\xd8\x00\x2f\x00\x08\xff\xd8\x00\x2f\x00\x92\xff\x8c\x00\x2f\x00\xa0"
"\xff\xbb\x00\x2f\x00\xa1\xff\xbb\x00\x2f\x00\xa2\xff\xbb\x00\x2f\x00\xb3\xff\x98\x00\x30\x00\x01\xff\xd8\x00\x30\x00\x02\xff\xd8\x00\x30\x00\x03\xff\xd8\x00\x30"
"\x00\x04\xff\xd8\x00\x30\x00\x05\xff\xd8\x00\x30\x00\x06\xff\xd8\x00\x30\x00\x07\xff\xd8\x00\x30\x00\x08\xff\xd8\x00\x30\x00\x92\xff\x8c\x00\x30\x00\xa0\xff\xbb"
"\x00\x30\x00\xa1\xff\xbb\x00\x30\x00\xa2\xff\xbb\x00\x30\x00\xb3\xff\x98\x00\x31\x00\x01\xff\x66\x00\x31\x00\x02\xff\x66\x00\x31\x00\x03\xff\x66\x00\x31\x00\x04"
"\xff\x66\x00\x31\x00\x05\xff\x66\x00\x31\x00\x06\xff\x66\x00\x31\x00\x07\xff\x66\x00\x31\x00\x08\xff\x66\x00\x31\x00\x0a\xff\xb2\x00\x31\x00\x0b\xff\xb2\x00\x31"
"\x00\x13\xff\xb2\x00\x31\x00\x1a\xff\x3b\x00\x31\x00\x20\xff\xb2\x00\x31\x00\x21\xff\xb2\x00\x31\x00\x22\xff\xb2\x00\x31\x00\x23\xff\xb2\x00\x31\x00\x24\xff\xb2"
"\x00\x31\x00\x25\xff\xb2\x00\x31\x00\x26\xff\xb2\x00\x31\x00\x28\xff\xb2\x00\x31\x00\x31\x00\x1e\x00\x31\x00\x37\xff\x8c\x00\x31\x00\x38\xff\x8c\x00\x31\x00\x39"
"\xff\x8c\x00\x31\x00\x3a\xff\xaf\x00\x31\x00\x3b\xff\x8c\x00\x31\x00\x3c\xff\x8c\x00\x31\x00\x3d\xff\x8c\x00\x31\x00\x3e\xff\x8c\x00\x31\x00\x41\xff\x8a\x00\x31"
"\x00\x42\xff\x8a\x00\x31\x00\x43\xff\x8a\x00\x31\x00\x44\xff\x8a\x00\x31\x00\x45\xff\x8a\x00\x31\x00\x46\xff\x8a\x00\x31\x00\x47\xff\x8a\x00\x31\x00\x48\xff\x8a"
"\x00\x31\x00\x4a\xff\x8a\x00\x31\x00\x4e\x00\xae\x00\x31\x00\x56\xff\xf5\x00\x31\x00\x57\xff\xf5\x00\x31\x00\x58\xff\xf5\x00\x31\x00\x59\xff\x8a\x00\x31\x00\x5a"
"\xff\x8a\x00\x31\x00\x5b\xff\xa3\x00\x31\x00\x5c\xff\x8a\x00\x31\x00\x5d\xff\x8a\x00\x31\x00\x5e\xff\x8a\x00\x31\x00\x5f\xff\x8a\x00\x31\x00\x60\xff\xf5\x00\x31"
"\x00\x61\xff\x8a\x00\x31\x00\x62\xff\xf5\x00\x31\x00\x63\xff\xa3\x00\x31\x00\x74\xff\x8a\x00\x31\x00\x76\xff\x8a\x00\x31\x00\x7a\xff\xd6\x00\x31\x00\x7e\xff\xbb"
"\x00\x31\x00\x80\xff\xd6\x00\x31\x00\x84\xff\x98\x00\x31\x00\x88\xff\xd6\x00\x31\x00\x8f\xff\xbb\x00\x31\x00\x92\xff\x9c\x00\x31\x00\x95\x00\x1e\x00\x31\x00\x96"
"\xff\x8f\x00\x31\x00\x99\xff\xaf\x00\x31\x00\xa0\xff\x3b\x00\x31\x00\xa1\xff\x3b\x00\x31\x00\xa2\xff\x3b\x00\x31\x00\xa3\xff\x80\x00\x31\x00\xa4\xff\x80\x00\x31"
"\x00\xa5\xff\xaf\x00\x31\x00\xa8\xff\x8c\x00\x31\x00\xaa\xff\x69\x00\x31\x00\xac\xff\x80\x00\x31\x00\xad\xff\x8f\x00\x31\x00\xae\xff\xaf\x00\x31\x00\xaf\xff\x8f"
"\x00\x31\x00\xb0\xff\x80\x00\x31\x00\xb1\xff\x8f\x00\x31\x00\xb2\xff\x80\x00\x31\x00\xb3\xff\x5e\x00\x31\x00\xb7\xff\xb2\x00\x31\x00\xd5\xff\x8f\x00\x32\x00\x01"
"\xff\x77\x00\x32\x00\x02\xff\x77\x00\x32\x00\x03\xff\x77\x00\x32\x00\x04\xff\x77\x00\x32\x00\x05\xff\x77\x00\x32\x00\x06\xff\x77\x00\x32\x00\x07\xff\x77\x00\x32"
"\x00\x08\xff\x77\x00\x32\x00\x0a\xff\xdf\x00\x32\x00\x0b\xff\xdf\x00\x32\x00\x13\xff\xdf\x00\x32\x00\x1a\xff\x80\x00\x32\x00\x20\xff\xdf\x00\x32\x00\x21\xff\xdf"
"\x00\x32\x00\x22\xff\xdf\x00\x32\x00\x23\xff\xdf\x00\x32\x00\x24\xff\xdf\x00\x32\x00\x25\xff\xdf\x00\x32\x00\x26\xff\xdf\x00\x32\x00\x28\xff\xdf\x00\x32\x00\x2a"
"\xff\xf8\x00\x32\x00\x31\x00\x0a\x00\x32\x00\x32\x00\x2e\x00\x32\x00\x37\xff\x8f\x00\x32\x00\x38\xff\x8f\x00\x32\x00\x39\xff\x8f\x00\x32\x00\x3a\xff\x8f\x00\x32"
"\x00\x3b\xff\x8f\x00\x32\x00\x3c\xff\x8f\x00\x32\x00\x3d\xff\x8f\x00\x32\x00\x3e\xff\x8f\x00\x32\x00\x41\xff\x99\x00\x32\x00\x42\xff\x99\x00\x32\x00\x43\xff\x99"
"\x00\x32\x00\x44\xff\x99\x00\x32\x00\x45\xff\x99\x00\x32\x00\x46\xff\x99\x00\x32\x00\x47\xff\x99\x00\x32\x00\x48\xff\x99\x00\x32\x00\x4a\xff\x99\x00\x32\x00\x56"
"\xff\xba\x00\x32\x00\x57\xff\xba\x00\x32\x00\x58\xff\xba\x00\x32\x00\x59\xff\x99\x00\x32\x00\x5a\xff\x99\x00\x32\x00\x5b\xff\x99\x00\x32\x00\x5c\xff\x99\x00\x32"
"\x00\x5d\xff\x99\x00\x32\x00\x5e\xff\x99\x00\x32\x00\x5f\xff\x99\x00\x32\x00\x60\xff\xba\x00\x32\x00\x61\xff\x99\x00\x32\x00\x62\xff\xba\x00\x32\x00\x63\xff\xbb"
"\x00\x32\x00\x74\xff\x99\x00\x32\x00\x75\xff\xf8\x00\x32\x00\x76\xff\x99\x00\x32\x00\x7e\xff\xbb\x00\x32\x00\x84\xff\x98\x00\x32\x00\x88\xff\xd6\x00\x32\x00\x8f"
"\xff\xdf\x00\x32\x00\x92\xff\xd5\x00\x32\x00\x95\x00\x0a\x00\x32\x00\x96\xff\xa5\x00\x32\x00\xa0\xff\x3b\x00\x32\x00\xa1\xff\x3b\x00\x32\x00\xa2\xff\x3b\x00\x32"
"\x00\xa3\xff\x98\x00\x32\x00\xa4\xff\x98\x00\x32\x00\xa5\xff\xbb\x00\x32\x00\xa8\xff\x8c\x00\x32\x00\xaa\xff\x69\x00\x32\x00\xac\xff\x80\x00\x32\x00\xad\xff\xa5"
"\x00\x32\x00\xaf\xff\xa5\x00\x32\x00\xb0\xff\x80\x00\x32\x00\xb1\xff\xa5\x00\x32\x00\xb2\xff\xa5\x00\x32\x00\xb7\xff\xdf\x00\x32\x00\xd5\xff\xa5\x00\x33\x00\x0a"
"\xff\xa1\x00\x33\x00\x0b\xff\xa1\x00\x33\x00\x13\xff\xa1\x00\x33\x00\x20\xff\xa1\x00\x33\x00\x21\xff\xa1\x00\x33\x00\x22\xff\xa1\x00\x33\x00\x23\xff\xa1\x00\x33"
"\x00\x24\xff\xa1\x00\x33\x00\x25\xff\xa1\x00\x33\x00\x26\xff\xa1\x00\x33\x00\x28\xff\xa1\x00\x33\x00\x2a\xff\xe8\x00\x33\x00\x2b\xff\xaf\x00\x33\x00\x37\xff\x8c"
"\x00\x33\x00\x38\xff\x8c\x00\x33\x00\x39\xff\x8c\x00\x33\x00\x3a\xff\x8c\x00\x33\x00\x3b\xff\x8c\x00\x33\x00\x3c\xff\x8c\x00\x33\x00\x3d\xff\x8c\x00\x33\x00\x3e"
"\xff\x8c\x00\x33\x00\x41\xff\xc6\x00\x33\x00\x42\xff\xc6\x00\x33\x00\x43\xff\xc6\x00\x33\x00\x44\xff\xc6\x00\x33\x00\x45\xff\xc6\x00\x33\x00\x46\xff\xc6\x00\x33"
"\x00\x47\xff\xc6\x00\x33\x00\x48\xff\xc6\x00\x33\x00\x4a\xff\xc6\x00\x33\x00\x59\xff\xc6\x00\x33\x00\x5a\xff\xc6\x00\x33\x00\x5b\xff\xc6\x00\x33\x00\x5c\xff\xc6"
"\x00\x33\x00\x5d\xff\xc6\x00\x33\x00\x5e\xff\xc6\x00\x33\x00\x5f\xff\xc6\x00\x33\x00\x61\xff\xc6\x00\x33\x00\x74\xff\xc6\x00\x33\x00\x75\xff\xe8\x00\x33\x00\x76"
"\xff\xc6\x00\x33\x00\x7a\xff\xb6\x00\x33\x00\x7d\xff\xd4\x00\x33\x00\x7e\xff\xaf\x00\x33\x00\x80\xff\xb6\x00\x33\x00\x82\xff\xd4\x00\x33\x00\x8f\xff\xa1\x00\x33"
"\x00\x96\xff\xb2\x00\x33\x00\x99\xff\xa3\x00\x33\x00\xa5\xff\xa3\x00\x33\x00\xa8\xff\xaf\x00\x33\x00\xaa\xff\x8c\x00\x33\x00\xac\xff\x98\x00\x33\x00\xad\xff\xb2"
"\x00\x33\x00\xae\xff\xa3\x00\x33\x00\xaf\xff\xb2\x00\x33\x00\xb0\xff\x98\x00\x33\x00\xb1\xff\xba\x00\x33\x00\xb2\xff\x98\x00\x33\x00\xb6\xff\xf2\x00\x33\x00\xb7"
"\xff\xa1\x00\x33\x00\xd5\xff\xb2\x00\x34\x00\x01\xff\x62\x00\x34\x00\x02\xff\x62\x00\x34\x00\x03\xff\x62\x00\x34\x00\x04\xff\x62\x00\x34\x00\x05\xff\x62\x00\x34"
"\x00\x06\xff\x62\x00\x34\x00\x07\xff\x62\x00\x34\x00\x08\xff\x62\x00\x34\x00\x0a\xff\xae\x00\x34\x00\x0b\xff\xae\x00\x34\x00\x13\xff\xae\x00\x34\x00\x1a\xff\xbb"
"\x00\x34\x00\x20\xff\xae\x00\x34\x00\x21\xff\xae\x00\x34\x00\x22\xff\xae\x00\x34\x00\x23\xff\xae\x00\x34\x00\x24\xff\xae\x00\x34\x00\x25\xff\xae\x00\x34\x00\x26"
"\xff\xae\x00\x34\x00\x28\xff\xae\x00\x34\x00\x2b\x00\x1a\x00\x34\x00\x37\xff\x45\x00\x34\x00\x38\xff\x45\x00\x34\x00\x39\xff\x45\x00\x34\x00\x3a\xff\x98\x00\x34"
"\x00\x3b\xff\x45\x00\x34\x00\x3c\xff\x45\x00\x34\x00\x3d\xff\x74\x00\x34\x00\x3e\xff\x45\x00\x34\x00\x41\xff\x36\x00\x34\x00\x42\xff\x36\x00\x34\x00\x43\xff\x36"
"\x00\x34\x00\x44\xff\x36\x00\x34\x00\x45\xff\x36\x00\x34\x00\x46\xff\x36\x00\x34\x00\x47\xff\x36\x00\x34\x00\x48\xff\x36\x00\x34\x00\x4a\xff\x36\x00\x34\x00\x4c"
"\xff\xd0\x00\x34\x00\x4f\xff\xd0\x00\x34\x00\x50\xff\xbc\x00\x34\x00\x51\xff\xd0\x00\x34\x00\x56\xff\xb0\x00\x34\x00\x57\xff\xb0\x00\x34\x00\x58\xff\xb0\x00\x34"
"\x00\x59\xff\x36\x00\x34\x00\x5a\xff\x36\x00\x34\x00\x5b\xff\x36\x00\x34\x00\x5c\xff\x36\x00\x34\x00\x5d\xff\x36\x00\x34\x00\x5e\xff\x36\x00\x34\x00\x5f\xff\x36"
"\x00\x34\x00\x60\xff\xb0\x00\x34\x00\x61\xff\x36\x00\x34\x00\x62\xff\xb0\x00\x34\x00\x63\xff\x75\x00\x34\x00\x66\xff\xaf\x00\x34\x00\x67\xff\xaf\x00\x34\x00\x68"
"\xff\xaf\x00\x34\x00\x69\xff\xaf\x00\x34\x00\x6a\xff\xaf\x00\x34\x00\x6b\xff\xaf\x00\x34\x00\x74\xff\x36\x00\x34\x00\x76\xff\x36\x00\x34\x00\x7e\xff\x75\x00\x34"
"\x00\x84\xff\x80\x00\x34\x00\x8f\xff\xae\x00\x34\x00\x96\xff\x73\x00\x34\x00\x99\xff\xaf\x00\x34\x00\xa0\xff\x91\x00\x34\x00\xa1\xff\x91\x00\x34\x00\xa2\xff\x3b"
"\x00\x34\x00\xa3\xff\x80\x00\x34\x00\xa4\xff\x80\x00\x34\x00\xa5\xff\x98\x00\x34\x00\xa8\xff\x46\x00\x34\x00\xa9\xff\x80\x00\x34\x00\xaa\xff\x2f\x00\x34\x00\xac"
"\xff\x3b\x00\x34\x00\xad\xff\x73\x00\x34\x00\xae\xff\xa3\x00\x34\x00\xaf\xff\x73\x00\x34\x00\xb0\xff\x3b\x00\x34\x00\xb1\xff\x73\x00\x34\x00\xb2\xff\x98\x00\x34"
"\x00\xb6\xff\xef\x00\x34\x00\xb7\xff\xae\x00\x34\x00\xd5\xff\x73\x00\x35\x00\x01\xff\x62\x00\x35\x00\x02\xff\x62\x00\x35\x00\x03\xff\x62\x00\x35\x00\x04\xff\x62"
"\x00\x35\x00\x05\xff\x62\x00\x35\x00\x06\xff\x62\x00\x35\x00\x07\xff\x62\x00\x35\x00\x08\xff\x62\x00\x35\x00\x0a\xff\xae\x00\x35\x00\x0b\xff\xae\x00\x35\x00\x13"
"\xff\xae\x00\x35\x00\x1a\xff\xbb\x00\x35\x00\x20\xff\xae\x00\x35\x00\x21\xff\xae\x00\x35\x00\x22\xff\xae\x00\x35\x00\x23\xff\xae\x00\x35\x00\x24\xff\xae\x00\x35"
"\x00\x25\xff\xae\x00\x35\x00\x26\xff\xae\x00\x35\x00\x28\xff\xae\x00\x35\x00\x2b\x00\x1a\x00\x35\x00\x37\xff\x45\x00\x35\x00\x38\xff\x45\x00\x35\x00\x39\xff\x45"
"\x00\x35\x00\x3a\xff\x98\x00\x35\x00\x3b\xff\x45\x00\x35\x00\x3c\xff\x45\x00\x35\x00\x3d\xff\x74\x00\x35\x00\x3e\xff\x45\x00\x35\x00\x41\xff\x36\x00\x35\x00\x42"
"\xff\x36\x00\x35\x00\x43\xff\x36\x00\x35\x00\x44\xff\x36\x00\x35\x00\x45\xff\x36\x00\x35\x00\x46\xff\x36\x00\x35\x00\x47\xff\x36\x00\x35\x00\x48\xff\x36\x00\x35"
"\x00\x4a\xff\x36\x00\x35\x00\x4c\xff\xd0\x00\x35\x00\x4f\xff\xd0\x00\x35\x00\x50\xff\xbc\x00\x35\x00\x51\xff\xd0\x00\x35\x00\x56\xff\xb0\x00\x35\x00\x57\xff\xb0"
"\x00\x35\x00\x58\xff\xb0\x00\x35\x00\x59\xff\x36\x00\x35\x00\x5a\xff\x36\x00\x35\x00\x5b\xff\x36\x00\x35\x00\x5c\xff\x36\x00\x35\x00\x5d\xff\x36\x00\x35\x00\x5e"
"\xff\x36\x00\x35\x00\x5f\xff\x36\x00\x35\x00\x60\xff\xb0\x00\x35\x00\x61\xff\x36\x00\x35\x00\x62\xff\xb0\x00\x35\x00\x63\xff\x75\x00\x35\x00\x66\xff\xaf\x00\x35"
"\x00\x67\xff\xaf\x00\x35\x00\x68\xff\xaf\x00\x35\x00\x69\xff\xaf\x00\x35\x00\x6a\xff\xaf\x00\x35\x00\x6b\xff\xaf\x00\x35\x00\x74\xff\x36\x00\x35\x00\x76\xff\x36"
"\x00\x35\x00\x7e\xff\x75\x00\x35\x00\x84\xff\x80\x00\x35\x00\x8f\xff\xae\x00\x35\x00\x96\xff\x73\x00\x35\x00\x99\xff\xaf\x00\x35\x00\xa0\xff\x91\x00\x35\x00\xa1"
"\xff\x91\x00\x35\x00\xa2\xff\x3b\x00\x35\x00\xa3\xff\x80\x00\x35\x00\xa4\xff\x80\x00\x35\x00\xa5\xff\x98\x00\x35\x00\xa8\xff\x46\x00\x35\x00\xa9\xff\x80\x00\x35"
"\x00\xaa\xff\x2f\x00\x35\x00\xac\xff\x3b\x00\x35\x00\xad\xff\x73\x00\x35\x00\xae\xff\xa3\x00\x35\x00\xaf\xff\x73\x00\x35\x00\xb0\xff\x3b\x00\x35\x00\xb1\xff\x73"
"\x00\x35\x00\xb2\xff\x98\x00\x35\x00\xb6\xff\xef\x00\x35\x00\xb7\xff\xae\x00\x35\x00\xd5\xff\x73\x00\x36\x00\x0a\xff\xbb\x00\x36\x00\x0b\xff\xbb\x00\x36\x00\x13"
"\xff\xbb\x00\x36\x00\x20\xff\xbb\x00\x36\x00\x21\xff\xbb\x00\x36\x00\x22\xff\xbb\x00\x36\x00\x23\xff\xbb\x00\x36\x00\x24\xff\xbb\x00\x36\x00\x25\xff\xbb\x00\x36"
"\x00\x26\xff\xbb\x00\x36\x00\x28\xff\xbb\x00\x36\x00\x4e\x00\xae\x00\x36\x00\x8f\xff\xbb\x00\x36\x00\x96\xff\xb3\x00\x36\x00\xa5\xff\xbb\x00\x36\x00\xa8\xff\xbb"
"\x00\x36\x00\xaa\xff\x80\x00\x36\x00\xad\xff\xb3\x00\x36\x00\xaf\xff\xb3\x00\x36\x00\xb1\xff\xb3\x00\x36\x00\xb2\xff\xb3\x00\x36\x00\xb7\xff\xbb\x00\x36\x00\xd5"
"\xff\xb3\x00\x37\x00\x2b\xff\x70\x00\x37\x00\x31\xff\x98\x00\x37\x00\x32\xff\x98\x00\x37\x00\x34\xff\x4a\x00\x37\x00\x35\xff\x4a\x00\x37\x00\x6c\xff\xde\x00\x37"
"\x00\x6f\xff\xde\x00\x37\x00\x70\xff\xde\x00\x37\x00\x71\xff\xde\x00\x37\x00\x7b\xff\xaf\x00\x37\x00\x95\xff\x98\x00\x37\x00\x9a\xff\xa3\x00\x37\x00\x9b\xff\xd1"
"\x00\x37\x00\x9c\xff\xe3\x00\x37\x00\x9d\xff\xe3\x00\x37\x00\x9e\xff\xa3\x00\x37\x00\x9f\xff\xd1\x00\x37\x00\xb6\xff\xef\x00\x38\x00\x2b\xff\x70\x00\x38\x00\x31"
"\xff\x98\x00\x38\x00\x32\xff\x98\x00\x38\x00\x34\xff\x4a\x00\x38\x00\x35\xff\x4a\x00\x38\x00\x6c\xff\xde\x00\x38\x00\x6f\xff\xde\x00\x38\x00\x70\xff\xde\x00\x38"
"\x00\x71\xff\xde\x00\x38\x00\x7b\xff\xaf\x00\x38\x00\x95\xff\x98\x00\x38\x00\x9a\xff\xa3\x00\x38\x00\x9b\xff\xd1\x00\x38\x00\x9c\xff\xe3\x00\x38\x00\x9d\xff\xe3"
"\x00\x38\x00\x9e\xff\xa3\x00\x38\x00\x9f\xff\xd1\x00\x38\x00\xb6\xff\xef\x00\x39\x00\x2b\xff\x70\x00\x39\x00\x31\xff\x98\x00\x39\x00\x32\xff\x98\x00\x39\x00\x34"
"\xff\x4a\x00\x39\x00\x35\xff\x4a\x00\x39\x00\x6c\xff\xde\x00\x39\x00\x6f\xff\xde\x00\x39\x00\x70\xff\xde\x00\x39\x00\x71\xff\xde\x00\x39\x00\x7b\xff\xaf\x00\x39"
"\x00\x95\xff\x98\x00\x39\x00\x9a\xff\xa3\x00\x39\x00\x9b\xff\xd1\x00\x39\x00\x9c\xff\xe3\x00\x39\x00\x9d\xff\xe3\x00\x39\x00\x9e\xff\xa3\x00\x39\x00\x9f\xff\xd1"
"\x00\x39\x00\xb6\xff\xef\x00\x3a\x00\x2b\xff\x70\x00\x3a\x00\x31\xff\x98\x00\x3a\x00\x32\xff\x98\x00\x3a\x00\x34\xff\x4a\x00\x3a\x00\x35\xff\x4a\x00\x3a\x00\x6c"
"\xff\xde\x00\x3a\x00\x6f\xff\xde\x00\x3a\x00\x70\xff\xde\x00\x3a\x00\x71\xff\xde\x00\x3a\x00\x7b\xff\xaf\x00\x3a\x00\x95\xff\x98\x00\x3a\x00\x9a\xff\xa3\x00\x3a"
"\x00\x9b\xff\xd1\x00\x3a\x00\x9c\xff\xe3\x00\x3a\x00\x9d\xff\xe3\x00\x3a\x00\x9e\xff\xa3\x00\x3a\x00\x9f\xff\xd1\x00\x3a\x00\xb6\xff\xef\x00\x3b\x00\x2b\xff\x70"
"\x00\x3b\x00\x31\xff\x98\x00\x3b\x00\x32\xff\x98\x00\x3b\x00\x34\xff\x4a\x00\x3b\x00\x35\xff\x4a\x00\x3b\x00\x6c\xff\xde\x00\x3b\x00\x6f\xff\xde\x00\x3b\x00\x70"
"\xff\xde\x00\x3b\x00\x71\xff\xde\x00\x3b\x00\x7b\xff\xaf\x00\x3b\x00\x95\xff\x98\x00\x3b\x00\x9a\xff\xa3\x00\x3b\x00\x9b\xff\xd1\x00\x3b\x00\x9c\xff\xe3\x00\x3b"
"\x00\x9d\xff\xe3\x00\x3b\x00\x9e\xff\xa3\x00\x3b\x00\x9f\xff\xd1\x00\x3b\x00\xb6\xff\xef\x00\x3c\x00\x2b\xff\x70\x00\x3c\x00\x31\xff\x98\x00\x3c\x00\x32\xff\x98"
"\x00\x3c\x00\x34\xff\x4a\x00\x3c\x00\x35\xff\x4a\x00\x3c\x00\x6c\xff\xde\x00\x3c\x00\x6f\xff\xde\x00\x3c\x00\x70\xff\xde\x00\x3c\x00\x71\xff\xde\x00\x3c\x00\x7b"
"\xff\xaf\x00\x3c\x00\x95\xff\x98\x00\x3c\x00\x9a\xff\xa3\x00\x3c\x00\x9b\xff\xd1\x00\x3c\x00\x9c\xff\xe3\x00\x3c\x00\x9d\xff\xe3\x00\x3c\x00\x9e\xff\xa3\x00\x3c"
"\x00\x9f\xff\xd1\x00\x3c\x00\xb6\xff\xef\x00\x3d\x00\x2b\xff\x70\x00\x3d\x00\x31\xff\x98\x00\x3d\x00\x32\xff\x98\x00\x3d\x00\x34\xff\x4a\x00\x3d\x00\x35\xff\x4a"
"\x00\x3d\x00\x6c\xff\xde\x00\x3d\x00\x6f\xff\xde\x00\x3d\x00\x70\xff\xde\x00\x3d\x00\x71\xff\xde\x00\x3d\x00\x7b\xff\xaf\x00\x3d\x00\x95\xff\x98\x00\x3d\x00\x9a"
"\xff\xa3\x00\x3d\x00\x9b\xff\xd1\x00\x3d\x00\x9c\xff\xe3\x00\x3d\x00\x9d\xff\xe3\x00\x3d\x00\x9e\xff\xa3\x00\x3d\x00\x9f\xff\xd1\x00\x3d\x00\xb6\xff\xef\x00\x3e"
"\x00\x2b\xff\x5e\x00\x3f\x00\x01\xff\xbb\x00\x3f\x00\x02\xff\xbb\x00\x3f\x00\x03\xff\xbb\x00\x3f\x00\x04\xff\xbb\x00\x3f\x00\x05\xff\xbb\x00\x3f\x00\x06\xff\xbb"
"\x00\x3f\x00\x07\xff\xbb\x00\x3f\x00\x08\xff\xbb\x00\x3f\x00\x2b\xff\x60\x00\x3f\x00\x31\xff\x8a\x00\x3f\x00\x32\xff\x99\x00\x3f\x00\x33\xff\xc6\x00\x3f\x00\x34"
"\xff\x2b\x00\x3f\x00\x35\xff\x2b\x00\x3f\x00\x37\x00\x14\x00\x3f\x00\x38\x00\x14\x00\x3f\x00\x39\x00\x14\x00\x3f\x00\x3a\x00\x14\x00\x3f\x00\x3b\x00\x14\x00\x3f"
"\x00\x3c\x00\x14\x00\x3f\x00\x3d\x00\x14\x00\x3f\x00\x3e\x00\x14\x00\x3f\x00\x6c\xff\xda\x00\x3f\x00\x6d\xff\xe1\x00\x3f\x00\x6e\xff\xd5\x00\x3f\x00\x6f\xff\xda"
"\x00\x3f\x00\x70\xff\xda\x00\x3f\x00\x71\xff\xda\x00\x3f\x00\x72\xff\xdb\x00\x3f\x00\x7b\xff\xbb\x00\x3f\x00\x8a\xff\xe7\x00\x3f\x00\x8c\xff\xe7\x00\x3f\x00\x8e"
"\xff\xe7\x00\x3f\x00\x95\xff\x8a\x00\x3f\x00\x9a\xff\x80\x00\x3f\x00\x9b\xff\xd2\x00\x3f\x00\x9c\xff\xdb\x00\x3f\x00\x9d\xff\xdb\x00\x3f\x00\x9e\xff\x80\x00\x3f"
"\x00\x9f\xff\xd2\x00\x3f\x00\xb6\xff\xe9\x00\x3f\x00\xb9\xff\xbb\x00\x3f\x00\xba\xff\xbb\x00\x40\x00\x01\xff\xbb\x00\x40\x00\x02\xff\xbb\x00\x40\x00\x03\xff\xbb"
"\x00\x40\x00\x04\xff\xbb\x00\x40\x00\x05\xff\xbb\x00\x40\x00\x06\xff\xbb\x00\x40\x00\x07\xff\xbb\x00\x40\x00\x08\xff\xbb\x00\x40\x00\x2b\xff\x60\x00\x40\x00\x31"
"\xff\x8a\x00\x40\x00\x32\xff\x99\x00\x40\x00\x33\xff\xc6\x00\x40\x00\x34\xff\x2b\x00\x40\x00\x35\xff\x2b\x00\x40\x00\x37\x00\x14\x00\x40\x00\x38\x00\x14\x00\x40"
"\x00\x39\x00\x14\x00\x40\x00\x3a\x00\x14\x00\x40\x00\x3b\x00\x14\x00\x40\x00\x3c\x00\x14\x00\x40\x00\x3d\x00\x14\x00\x40\x00\x3e\x00\x14\x00\x40\x00\x6c\xff\xda"
"\x00\x40\x00\x6d\xff\xe1\x00\x40\x00\x6e\xff\xd5\x00\x40\x00\x6f\xff\xda\x00\x40\x00\x70\xff\xda\x00\x40\x00\x71\xff\xda\x00\x40\x00\x72\xff\xdb\x00\x40\x00\x7b"
"\xff\xbb\x00\x40\x00\x8a\xff\xe7\x00\x40\x00\x8c\xff\xe7\x00\x40\x00\x8e\xff\xe7\x00\x40\x00\x95\xff\x8a\x00\x40\x00\x9a\xff\x80\x00\x40\x00\x9b\xff\xd2\x00\x40"
"\x00\x9c\xff\xdb\x00\x40\x00\x9d\xff\xdb\x00\x40\x00\x9e\xff\x80\x00\x40\x00\x9f\xff\xd2\x00\x40\x00\xb6\xff\xe9\x00\x40\x00\xb9\xff\xbb\x00\x40\x00\xba\xff\xbb"
"\x00\x41\x00\x01\xff\xbb\x00\x41\x00\x02\xff\xbb\x00\x41\x00\x03\xff\xbb\x00\x41\x00\x04\xff\xbb\x00\x41\x00\x05\xff\xbb\x00\x41\x00\x06\xff\xbb\x00\x41\x00\x07"
"\xff\xbb\x00\x41\x00\x08\xff\xbb\x00\x41\x00\x2b\xff\x60\x00\x41\x00\x31\xff\x8a\x00\x41\x00\x32\xff\x99\x00\x41\x00\x33\xff\xc6\x00\x41\x00\x34\xff\x2b\x00\x41"
"\x00\x35\xff\x2b\x00\x41\x00\x37\x00\x14\x00\x41\x00\x38\x00\x14\x00\x41\x00\x39\x00\x14\x00\x41\x00\x3a\x00\x14\x00\x41\x00\x3b\x00\x14\x00\x41\x00\x3c\x00\x14"
"\x00\x41\x00\x3d\x00\x14\x00\x41\x00\x3e\x00\x14\x00\x41\x00\x6c\xff\xda\x00\x41\x00\x6d\xff\xe1\x00\x41\x00\x6e\xff\xd5\x00\x41\x00\x6f\xff\xda\x00\x41\x00\x70"
"\xff\xda\x00\x41\x00\x71\xff\xda\x00\x41\x00\x72\xff\xdb\x00\x41\x00\x7b\xff\xbb\x00\x41\x00\x8a\xff\xe7\x00\x41\x00\x8c\xff\xe7\x00\x41\x00\x8e\xff\xe7\x00\x41"
"\x00\x95\xff\x8a\x00\x41\x00\x9a\xff\x80\x00\x41\x00\x9b\xff\xd2\x00\x41\x00\x9c\xff\xdb\x00\x41\x00\x9d\xff\xdb\x00\x41\x00\x9e\xff\x80\x00\x41\x00\x9f\xff\xd2"
"\x00\x41\x00\xb6\xff\xe9\x00\x41\x00\xb9\xff\xbb\x00\x41\x00\xba\xff\xbb\x00\x42\x00\x01\xff\xbb\x00\x42\x00\x02\xff\xbb\x00\x42\x00\x03\xff\xbb\x00\x42\x00\x04"
"\xff\xbb\x00\x42\x00\x05\xff\xbb\x00\x42\x00\x06\xff\xbb\x00\x42\x00\x07\xff\xbb\x00\x42\x00\x08\xff\xbb\x00\x42\x00\x2b\xff\x60\x00\x42\x00\x31\xff\x8a\x00\x42"
"\x00\x32\xff\x99\x00\x42\x00\x33\xff\xc6\x00\x42\x00\x34\xff\x2b\x00\x42\x00\x35\xff\x2b\x00\x42\x00\x37\x00\x14\x00\x42\x00\x38\x00\x14\x00\x42\x00\x39\x00\x14"
"\x00\x42\x00\x3a\x00\x14\x00\x42\x00\x3b\x00\x14\x00\x42\x00\x3c\x00\x14\x00\x42\x00\x3d\x00\x14\x00\x42\x00\x3e\x00\x14\x00\x42\x00\x6c\xff\xda\x00\x42\x00\x6d"
"\xff\xe1\x00\x42\x00\x6e\xff\xd5\x00\x42\x00\x6f\xff\xda\x00\x42\x00\x70\xff\xda\x00\x42\x00\x71\xff\xda\x00\x42\x00\x72\xff\xdb\x00\x42\x00\x7b\xff\xbb\x00\x42"
"\x00\x8a\xff\xe7\x00\x42\x00\x8c\xff\xe7\x00\x42\x00\x8e\xff\xe7\x00\x42\x00\x95\xff\x8a\x00\x42\x00\x9a\xff\x80\x00\x42\x00\x9b\xff\xd2\x00\x42\x00\x9c\xff\xdb"
"\x00\x42\x00\x9d\xff\xdb\x00\x42\x00\x9e\xff\x80\x00\x42\x00\x9f\xff\xd2\x00\x42\x00\xb6\xff\xe9\x00\x42\x00\xb9\xff\xbb\x00\x42\x00\xba\xff\xbb\x00\x43\x00\x4e"
"\x00\x7f\x00\x43\x00\x65\x00\x1e\x00\x43\x00\x6c\x00\x11\x00\x43\x00\x6f\x00\x11\x00\x43\x00\x70\x00\x11\x00\x43\x00\x71\x00\x11\x00\x43\x00\x8a\x00\x19\x00\x43"
"\x00\x8c\x00\x19\x00\x43\x00\x8e\x00\x19\x00\x43\x00\xb3\x00\x19\x00\x43\x00\xd9\x00\x45\x00\x44\x00\x01\xff\xbb\x00\x44\x00\x02\xff\xbb\x00\x44\x00\x03\xff\xbb"
"\x00\x44\x00\x04\xff\xbb\x00\x44\x00\x05\xff\xbb\x00\x44\x00\x06\xff\xbb\x00\x44\x00\x07\xff\xbb\x00\x44\x00\x08\xff\xbb\x00\x44\x00\x2b\xff\x60\x00\x44\x00\x31"
"\xff\x8a\x00\x44\x00\x32\xff\x99\x00\x44\x00\x33\xff\xc6\x00\x44\x00\x34\xff\x2b\x00\x44\x00\x35\xff\x2b\x00\x44\x00\x37\x00\x14\x00\x44\x00\x38\x00\x14\x00\x44"
"\x00\x39\x00\x14\x00\x44\x00\x3a\x00\x14\x00\x44\x00\x3b\x00\x14\x00\x44\x00\x3c\x00\x14\x00\x44\x00\x3d\x00\x14\x00\x44\x00\x3e\x00\x14\x00\x44\x00\x6c\xff\xda"
"\x00\x44\x00\x6d\xff\xe1\x00\x44\x00\x6e\xff\xd5\x00\x44\x00\x6f\xff\xda\x00\x44\x00\x70\xff\xda\x00\x44\x00\x71\xff\xda\x00\x44\x00\x72\xff\xdb\x00\x44\x00\x7b"
"\xff\xbb\x00\x44\x00\x8a\xff\xe7\x00\x44\x00\x8c\xff\xe7\x00\x44\x00\x8e\xff\xe7\x00\x44\x00\x95\xff\x8a\x00\x44\x00\x9a\xff\x80\x00\x44\x00\x9b\xff\xd2\x00\x44"
"\x00\x9c\xff\xdb\x00\x44\x00\x9d\xff\xdb\x00\x44\x00\x9e\xff\x80\x00\x44\x00\x9f\xff\xd2\x00\x44\x00\xb6\xff\xe9\x00\x44\x00\xb9\xff\xbb\x00\x44\x00\xba\xff\xbb"
"\x00\x45\x00\x01\xff\xbb\x00\x45\x00\x02\xff\xbb\x00\x45\x00\x03\xff\xbb\x00\x45\x00\x04\xff\xbb\x00\x45\x00\x05\xff\xbb\x00\x45\x00\x06\xff\xbb\x00\x45\x00\x07"
"\xff\xbb\x00\x45\x00\x08\xff\xbb\x00\x45\x00\x2b\xff\x60\x00\x45\x00\x31\xff\x8a\x00\x45\x00\x32\xff\x99\x00\x45\x00\x33\xff\xc6\x00\x45\x00\x34\xff\x2b\x00\x45"
"\x00\x35\xff\x2b\x00\x45\x00\x37\x00\x14\x00\x45\x00\x38\x00\x14\x00\x45\x00\x39\x00\x14\x00\x45\x00\x3a\x00\x14\x00\x45\x00\x3b\x00\x14\x00\x45\x00\x3c\x00\x14"
"\x00\x45\x00\x3d\x00\x14\x00\x45\x00\x3e\x00\x14\x00\x45\x00\x6c\xff\xda\x00\x45\x00\x6d\xff\xe1\x00\x45\x00\x6e\xff\xd5\x00\x45\x00\x6f\xff\xda\x00\x45\x00\x70"
"\xff\xda\x00\x45\x00\x71\xff\xda\x00\x45\x00\x72\xff\xdb\x00\x45\x00\x7b\xff\xbb\x00\x45\x00\x8a\xff\xe7\x00\x45\x00\x8c\xff\xe7\x00\x45\x00\x8e\xff\xe7\x00\x45"
"\x00\x95\xff\x8a\x00\x45\x00\x9a\xff\x80\x00\x45\x00\x9b\xff\xd2\x00\x45\x00\x9c\xff\xdb\x00\x45\x00\x9d\xff\xdb\x00\x45\x00\x9e\xff\x80\x00\x45\x00\x9f\xff\xd2"
"\x00\x45\x00\xb6\xff\xe9\x00\x45\x00\xb9\xff\xbb\x00\x45\x00\xba\xff\xbb\x00\x46\x00\x01\xff\xbb\x00\x46\x00\x02\xff\xbb\x00\x46\x00\x03\xff\xbb\x00\x46\x00\x04"
"\xff\xbb\x00\x46\x00\x05\xff\xbb\x00\x46\x00\x06\xff\xbb\x00\x46\x00\x07\xff\xbb\x00\x46\x00\x08\xff\xbb\x00\x46\x00\x2b\xff\x60\x00\x46\x00\x31\xff\x8a\x00\x46"
"\x00\x32\xff\x99\x00\x46\x00\x33\xff\xc6\x00\x46\x00\x34\xff\x2b\x00\x46\x00\x35\xff\x2b\x00\x46\x00\x37\x00\x14\x00\x46\x00\x38\x00\x14\x00\x46\x00\x39\x00\x14"
"\x00\x46\x00\x3a\x00\x14\x00\x46\x00\x3b\x00\x14\x00\x46\x00\x3c\x00\x14\x00\x46\x00\x3d\x00\x14\x00\x46\x00\x3e\x00\x14\x00\x46\x00\x6c\xff\xda\x00\x46\x00\x6d"
"\xff\xe1\x00\x46\x00\x6e\xff\xd5\x00\x46\x00\x6f\xff\xda\x00\x46\x00\x70\xff\xda\x00\x46\x00\x71\xff\xda\x00\x46\x00\x72\xff\xdb\x00\x46\x00\x7b\xff\xbb\x00\x46"
"\x00\x8a\xff\xe7\x00\x46\x00\x8c\xff\xe7\x00\x46\x00\x8e\xff\xe7\x00\x46\x00\x95\xff\x8a\x00\x46\x00\x9a\xff\x80\x00\x46\x00\x9b\xff\xd2\x00\x46\x00\x9c\xff\xdb"
"\x00\x46\x00\x9d\xff\xdb\x00\x46\x00\x9e\xff\x80\x00\x46\x00\x9f\xff\xd2\x00\x46\x00\xb6\xff\xe9\x00\x46\x00\xb9\xff\xbb\x00\x46\x00\xba\xff\xbb\x00\x47\x00\x01"
"\xff\xbb\x00\x47\x00\x02\xff\xbb\x00\x47\x00\x03\xff\xbb\x00\x47\x00\x04\xff\xbb\x00\x47\x00\x05\xff\xbb\x00\x47\x00\x06\xff\xbb\x00\x47\x00\x07\xff\xbb\x00\x47"
"\x00\x08\xff\xbb\x00\x47\x00\x2b\xff\x60\x00\x47\x00\x31\xff\x8a\x00\x47\x00\x32\xff\x99\x00\x47\x00\x33\xff\xc6\x00\x47\x00\x34\xff\x2b\x00\x47\x00\x35\xff\x2b"
"\x00\x47\x00\x37\x00\x14\x00\x47\x00\x38\x00\x14\x00\x47\x00\x39\x00\x14\x00\x47\x00\x3a\x00\x14\x00\x47\x00\x3b\x00\x14\x00\x47\x00\x3c\x00\x14\x00\x47\x00\x3d"
"\x00\x14\x00\x47\x00\x3e\x00\x14\x00\x47\x00\x6c\xff\xda\x00\x47\x00\x6d\xff\xe1\x00\x47\x00\x6e\xff\xd5\x00\x47\x00\x6f\xff\xda\x00\x47\x00\x70\xff\xda\x00\x47"
"\x00\x71\xff\xda\x00\x47\x00\x72\xff\xdb\x00\x47\x00\x7b\xff\xbb\x00\x47\x00\x8a\xff\xe7\x00\x47\x00\x8c\xff\xe7\x00\x47\x00\x8e\xff\xe7\x00\x47\x00\x95\xff\x8a"
"\x00\x47\x00\x9a\xff\x80\x00\x47\x00\x9b\xff\xd2\x00\x47\x00\x9c\xff\xdb\x00\x47\x00\x9d\xff\xdb\x00\x47\x00\x9e\xff\x80\x00\x47\x00\x9f\xff\xd2\x00\x47\x00\xb6"
"\xff\xe9\x00\x47\x00\xb9\xff\xbb\x00\x47\x00\xba\xff\xbb\x00\x48\x00\x01\xff\xbb\x00\x48\x00\x02\xff\xbb\x00\x48\x00\x03\xff\xbb\x00\x48\x00\x04\xff\xbb\x00\x48"
"\x00\x05\xff\xbb\x00\x48\x00\x06\xff\xbb\x00\x48\x00\x07\xff\xbb\x00\x48\x00\x08\xff\xbb\x00\x48\x00\x2b\xff\x60\x00\x48\x00\x31\xff\x8a\x00\x48\x00\x32\xff\x99"
"\x00\x48\x00\x33\xff\xc6\x00\x48\x00\x34\xff\x2b\x00\x48\x00\x35\xff\x2b\x00\x48\x00\x37\x00\x14\x00\x48\x00\x38\x00\x14\x00\x48\x00\x39\x00\x14\x00\x48\x00\x3a"
"\x00\x14\x00\x48\x00\x3b\x00\x14\x00\x48\x00\x3c\x00\x14\x00\x48\x00\x3d\x00\x14\x00\x48\x00\x3e\x00\x14\x00\x48\x00\x6c\xff\xda\x00\x48\x00\x6d\xff\xe1\x00\x48"
"\x00\x6e\xff\xd5\x00\x48\x00\x6f\xff\xda\x00\x48\x00\x70\xff\xda\x00\x48\x00\x71\xff\xda\x00\x48\x00\x72\xff\xdb\x00\x48\x00\x7b\xff\xbb\x00\x48\x00\x8a\xff\xe7"
"\x00\x48\x00\x8c\xff\xe7\x00\x48\x00\x8e\xff\xe7\x00\x48\x00\x95\xff\x8a\x00\x48\x00\x9a\xff\x80\x00\x48\x00\x9b\xff\xd2\x00\x48\x00\x9c\xff\xdb\x00\x48\x00\x9d"
"\xff\xdb\x00\x48\x00\x9e\xff\x80\x00\x48\x00\x9f\xff\xd2\x00\x48\x00\xb6\xff\xe9\x00\x48\x00\xb9\xff\xbb\x00\x48\x00\xba\xff\xbb\x00\x49\x00\x01\xff\xbb\x00\x49"
"\x00\x02\xff\xbb\x00\x49\x00\x03\xff\xbb\x00\x49\x00\x04\xff\xbb\x00\x49\x00\x05\xff\xbb\x00\x49\x00\x06\xff\xbb\x00\x49\x00\x07\xff\xbb\x00\x49\x00\x08\xff\xbb"
"\x00\x49\x00\x1a\xff\x80\x00\x49\x00\x34\x00\x0d\x00\x49\x00\x35\x00\x0d\x00\x49\x00\x37\xff\xdb\x00\x49\x00\x38\xff\xdb\x00\x49\x00\x39\xff\xdb\x00\x49\x00\x3a"
"\xff\xdb\x00\x49\x00\x3b\xff\xdb\x00\x49\x00\x3c\xff\xdb\x00\x49\x00\x3d\xff\xdb\x00\x49\x00\x3e\xff\xdb\x00\x49\x00\x41\xff\xcf\x00\x49\x00\x42\xff\xcf\x00\x49"
"\x00\x43\xff\xcf\x00\x49\x00\x44\xff\xcf\x00\x49\x00\x45\xff\xcf\x00\x49\x00\x46\xff\xcf\x00\x49\x00\x47\xff\xcf\x00\x49\x00\x48\xff\xcf\x00\x49\x00\x49\xff\xac"
"\x00\x49\x00\x4a\xff\xcf\x00\x49\x00\x4c\x00\x0c\x00\x49\x00\x4e\x00\xd1\x00\x49\x00\x4f\x00\x0c\x00\x49\x00\x50\x00\x0c\x00\x49\x00\x51\x00\x0c\x00\x49\x00\x53"
"\x00\x07\x00\x49\x00\x59\xff\xcf\x00\x49\x00\x5a\xff\xcf\x00\x49\x00\x5b\xff\xcf\x00\x49\x00\x5c\xff\xcf\x00\x49\x00\x5d\xff\xcf\x00\x49\x00\x5e\xff\xcf\x00\x49"
"\x00\x5f\xff\xcf\x00\x49\x00\x61\xff\xcf\x00\x49\x00\x63\xff\xd8\x00\x49\x00\x65\xff\xb3\x00\x49\x00\x6d\x00\x25\x00\x49\x00\x74\xff\xcf\x00\x49\x00\x76\xff\xcf"
"\x00\x49\x00\x7e\xff\x80\x00\x49\x00\x92\xff\xdb\x00\x49\x00\x96\xff\xd0\x00\x49\x00\x99\xff\xd8\x00\x49\x00\xa0\xff\x8c\x00\x49\x00\xa1\xff\x8c\x00\x49\x00\xa2"
"\xff\x8c\x00\x49\x00\xa5\xff\xd0\x00\x49\x00\xa8\xff\xaf\x00\x49\x00\xad\xff\xd0\x00\x49\x00\xae\xff\xd8\x00\x49\x00\xaf\xff\xd0\x00\x49\x00\xb1\xff\xd0\x00\x49"
"\x00\xb2\xff\xd0\x00\x49\x00\xb3\xff\xe3\x00\x49\x00\xd5\xff\xd0\x00\x4a\x00\x2b\xff\x98\x00\x4a\x00\x53\x00\x0c\x00\x4b\x00\x2b\xff\x70\x00\x4b\x00\x31\xff\x98"
"\x00\x4b\x00\x32\xff\x98\x00\x4b\x00\x34\xff\x4a\x00\x4b\x00\x35\xff\x4a\x00\x4b\x00\x6c\xff\xde\x00\x4b\x00\x6f\xff\xde\x00\x4b\x00\x70\xff\xde\x00\x4b\x00\x71"
"\xff\xde\x00\x4b\x00\x7b\xff\xaf\x00\x4b\x00\x95\xff\x98\x00\x4b\x00\x9a\xff\xa3\x00\x4b\x00\x9b\xff\xd1\x00\x4b\x00\x9c\xff\xe3\x00\x4b\x00\x9d\xff\xe3\x00\x4b"
"\x00\x9e\xff\xa3\x00\x4b\x00\x9f\xff\xd1\x00\x4b\x00\xb6\xff\xef\x00\x4c\x00\x4e\x00\x7e\x00\x4e\x00\x09\x00\x7f\x00\x4e\x00\x0c\x00\x7f\x00\x4e\x00\x0d\x00\x7f"
"\x00\x4e\x00\x0e\x00\x7f\x00\x4e\x00\x0f\x00\x7f\x00\x4e\x00\x10\x00\x7f\x00\x4e\x00\x11\x00\x7f\x00\x4e\x00\x12\x00\x7f\x00\x4e\x00\x14\x00\x7f\x00\x4e\x00\x15"
"\x00\x7f\x00\x4e\x00\x16\x00\x41\x00\x4e\x00\x17\x00\x7f\x00\x4e\x00\x18\x00\x7f\x00\x4e\x00\x19\x00\x41\x00\x4e\x00\x1b\x00\x7f\x00\x4e\x00\x1c\x00\x7f\x00\x4e"
"\x00\x1d\x00\x7f\x00\x4e\x00\x1e\x00\x7f\x00\x4e\x00\x1f\x00\x7f\x00\x4e\x00\x27\x00\x7f\x00\x4e\x00\x29\x00\x7f\x00\x4e\x00\x2b\x00\xba\x00\x4e\x00\x31\x00\xae"
"\x00\x4e\x00\x36\x00\xba\x00\x4e\x00\x3f\x00\x7f\x00\x4e\x00\x40\x00\x7f\x00\x4e\x00\x49\x00\x51\x00\x4e\x00\x4b\x00\x7f\x00\x4e\x00\x4c\x00\x7e\x00\x4e\x00\x4e"
"\x01\x49\x00\x4e\x00\x4f\x00\x45\x00\x4e\x00\x50\x00\x7e\x00\x4e\x00\x51\x00\x45\x00\x4e\x00\x53\x00\x7e\x00\x4e\x00\x54\x00\x7f\x00\x4e\x00\x55\x00\x7f\x00\x4e"
"\x00\x56\x00\x2c\x00\x4e\x00\x57\x00\x2c\x00\x4e\x00\x58\x00\x2c\x00\x4e\x00\x60\x00\x2c\x00\x4e\x00\x62\x00\x2c\x00\x4e\x00\x64\x00\x7f\x00\x4e\x00\x65\x00\x68"
"\x00\x4e\x00\x73\x00\x7f\x00\x4e\x00\x7b\x00\x5d\x00\x4e\x00\x81\x00\xba\x00\x4e\x00\x93\x00\x7f\x00\x4e\x00\x95\x00\xae\x00\x4f\x00\x4e\x00\x7e\x00\x50\x00\x4e"
"\x00\x7e\x00\x51\x00\x4e\x00\x45\x00\x53\x00\x4e\x00\x7e\x00\x54\x00\x2b\xff\x8c\x00\x54\x00\x41\xff\xd2\x00\x54\x00\x42\xff\xd2\x00\x54\x00\x43\xff\xd2\x00\x54"
"\x00\x44\xff\xd2\x00\x54\x00\x45\xff\xd2\x00\x54\x00\x46\xff\xd2\x00\x54\x00\x47\xff\xd2\x00\x54\x00\x48\xff\xd2\x00\x54\x00\x4a\xff\xd2\x00\x54\x00\x59\xff\xd2"
"\x00\x54\x00\x5a\xff\xd2\x00\x54\x00\x5b\xff\xd2\x00\x54\x00\x5c\xff\xd2\x00\x54\x00\x5d\xff\xd2\x00\x54\x00\x5e\xff\xd2\x00\x54\x00\x5f\xff\xd2\x00\x54\x00\x61"
"\xff\xd2\x00\x54\x00\x6c\x00\x0a\x00\x54\x00\x6f\x00\x0a\x00\x54\x00\x70\x00\x0a\x00\x54\x00\x71\x00\x0a\x00\x54\x00\x74\xff\xd2\x00\x54\x00\x76\xff\xd2\x00\x54"
"\x00\x7e\xff\xa3\x00\x54\x00\x96\xff\x92\x00\x54\x00\xa5\xff\x92\x00\x54\x00\xa8\xff\x98\x00\x54\x00\xaa\xff\x52\x00\x54\x00\xad\xff\x92\x00\x54\x00\xaf\xff\x92"
"\x00\x54\x00\xb1\xff\x92\x00\x54\x00\xb2\xff\x75\x00\x54\x00\xd5\xff\x92\x00\x55\x00\x4e\x00\x7f\x00\x55\x00\x65\x00\x1e\x00\x55\x00\x6c\x00\x11\x00\x55\x00\x6f"
"\x00\x11\x00\x55\x00\x70\x00\x11\x00\x55\x00\x71\x00\x11\x00\x55\x00\x8a\x00\x19\x00\x55\x00\x8c\x00\x19\x00\x55\x00\x8e\x00\x19\x00\x55\x00\xb3\x00\x19\x00\x55"
"\x00\xd9\x00\x45\x00\x56\x00\x2b\xff\x70\x00\x56\x00\x31\xff\x98\x00\x56\x00\x32\xff\x98\x00\x56\x00\x34\xff\x4a\x00\x56\x00\x35\xff\x4a\x00\x56\x00\x6c\xff\xde"
"\x00\x56\x00\x6f\xff\xde\x00\x56\x00\x70\xff\xde\x00\x56\x00\x71\xff\xde\x00\x56\x00\x7b\xff\xaf\x00\x56\x00\x95\xff\x98\x00\x56\x00\x9a\xff\xa3\x00\x56\x00\x9b"
"\xff\xd1\x00\x56\x00\x9c\xff\xe3\x00\x56\x00\x9d\xff\xe3\x00\x56\x00\x9e\xff\xa3\x00\x56\x00\x9f\xff\xd1\x00\x56\x00\xb6\xff\xef\x00\x57\x00\x2b\xff\x70\x00\x57"
"\x00\x31\xff\x98\x00\x57\x00\x32\xff\x98\x00\x57\x00\x34\xff\x4a\x00\x57\x00\x35\xff\x4a\x00\x57\x00\x6c\xff\xde\x00\x57\x00\x6f\xff\xde\x00\x57\x00\x70\xff\xde"
"\x00\x57\x00\x71\xff\xde\x00\x57\x00\x7b\xff\xaf\x00\x57\x00\x95\xff\x98\x00\x57\x00\x9a\xff\xa3\x00\x57\x00\x9b\xff\xd1\x00\x57\x00\x9c\xff\xe3\x00\x57\x00\x9d"
"\xff\xe3\x00\x57\x00\x9e\xff\xa3\x00\x57\x00\x9f\xff\xd1\x00\x57\x00\xb6\xff\xef\x00\x58\x00\x2b\xff\x98\x00\x58\x00\x31\xff\x98\x00\x58\x00\x32\xff\x98\x00\x58"
"\x00\x34\xff\x4a\x00\x58\x00\x35\xff\x4a\x00\x58\x00\x6c\xff\xde\x00\x58\x00\x6f\xff\xde\x00\x58\x00\x70\xff\xde\x00\x58\x00\x71\xff\xde\x00\x58\x00\x7b\xff\xaf"
"\x00\x58\x00\x95\xff\x98\x00\x58\x00\x9a\xff\xa3\x00\x58\x00\x9b\xff\xd1\x00\x58\x00\x9c\xff\xe3\x00\x58\x00\x9d\xff\xe3\x00\x58\x00\x9e\xff\xa3\x00\x58\x00\x9f"
"\xff\xd1\x00\x58\x00\xb6\xff\xef\x00\x59\x00\x01\xff\xbb\x00\x59\x00\x02\xff\xbb\x00\x59\x00\x03\xff\xbb\x00\x59\x00\x04\xff\xbb\x00\x59\x00\x05\xff\xbb\x00\x59"
"\x00\x06\xff\xbb\x00\x59\x00\x07\xff\xbb\x00\x59\x00\x08\xff\xbb\x00\x59\x00\x2b\xff\x60\x00\x59\x00\x31\xff\x8a\x00\x59\x00\x32\xff\x99\x00\x59\x00\x33\xff\xc6"
"\x00\x59\x00\x34\xff\x2b\x00\x59\x00\x35\xff\x2b\x00\x59\x00\x37\x00\x14\x00\x59\x00\x38\x00\x14\x00\x59\x00\x39\x00\x14\x00\x59\x00\x3a\x00\x14\x00\x59\x00\x3b"
"\x00\x14\x00\x59\x00\x3c\x00\x14\x00\x59\x00\x3d\x00\x14\x00\x59\x00\x3e\x00\x14\x00\x59\x00\x6c\xff\xda\x00\x59\x00\x6d\xff\xe1\x00\x59\x00\x6e\xff\xd5\x00\x59"
"\x00\x6f\xff\xda\x00\x59\x00\x70\xff\xda\x00\x59\x00\x71\xff\xda\x00\x59\x00\x72\xff\xdb\x00\x59\x00\x7b\xff\xbb\x00\x59\x00\x8a\xff\xe7\x00\x59\x00\x8c\xff\xe7"
"\x00\x59\x00\x8e\xff\xe7\x00\x59\x00\x95\xff\x8a\x00\x59\x00\x9a\xff\x80\x00\x59\x00\x9b\xff\xd2\x00\x59\x00\x9c\xff\xdb\x00\x59\x00\x9d\xff\xdb\x00\x59\x00\x9e"
"\xff\x80\x00\x59\x00\x9f\xff\xd2\x00\x59\x00\xb6\xff\xe9\x00\x59\x00\xb9\xff\xbb\x00\x59\x00\xba\xff\xbb\x00\x5a\x00\x01\xff\xbb\x00\x5a\x00\x02\xff\xbb\x00\x5a"
"\x00\x03\xff\xbb\x00\x5a\x00\x04\xff\xbb\x00\x5a\x00\x05\xff\xbb\x00\x5a\x00\x06\xff\xbb\x00\x5a\x00\x07\xff\xbb\x00\x5a\x00\x08\xff\xbb\x00\x5a\x00\x2b\xff\x98"
"\x00\x5a\x00\x31\xff\x8a\x00\x5a\x00\x32\xff\x99\x00\x5a\x00\x33\xff\xc6\x00\x5a\x00\x34\xff\x2b\x00\x5a\x00\x35\xff\x2b\x00\x5a\x00\x37\x00\x14\x00\x5a\x00\x38"
"\x00\x14\x00\x5a\x00\x39\x00\x14\x00\x5a\x00\x3a\x00\x14\x00\x5a\x00\x3b\x00\x14\x00\x5a\x00\x3c\x00\x14\x00\x5a\x00\x3d\x00\x14\x00\x5a\x00\x3e\x00\x14\x00\x5a"
"\x00\x6c\xff\xda\x00\x5a\x00\x6d\xff\xe1\x00\x5a\x00\x6e\xff\xd5\x00\x5a\x00\x6f\xff\xda\x00\x5a\x00\x70\xff\xda\x00\x5a\x00\x71\xff\xda\x00\x5a\x00\x72\xff\xdb"
"\x00\x5a\x00\x7b\xff\xbb\x00\x5a\x00\x8a\xff\xe7\x00\x5a\x00\x8c\xff\xe7\x00\x5a\x00\x8e\xff\xe7\x00\x5a\x00\x95\xff\x8a\x00\x5a\x00\x9a\xff\x80\x00\x5a\x00\x9b"
"\xff\xd2\x00\x5a\x00\x9c\xff\xdb\x00\x5a\x00\x9d\xff\xdb\x00\x5a\x00\x9e\xff\x80\x00\x5a\x00\x9f\xff\xd2\x00\x5a\x00\xb6\xff\xe9\x00\x5a\x00\xb9\xff\xbb\x00\x5a"
"\x00\xba\xff\xbb\x00\x5b\x00\x01\xff\xbb\x00\x5b\x00\x02\xff\xbb\x00\x5b\x00\x03\xff\xbb\x00\x5b\x00\x04\xff\xbb\x00\x5b\x00\x05\xff\xbb\x00\x5b\x00\x06\xff\xbb"
"\x00\x5b\x00\x07\xff\xbb\x00\x5b\x00\x08\xff\xbb\x00\x5b\x00\x2b\xff\x98\x00\x5b\x00\x31\xff\x8a\x00\x5b\x00\x32\xff\x99\x00\x5b\x00\x33\xff\xc6\x00\x5b\x00\x34"
"\xff\x2b\x00\x5b\x00\x35\xff\x2b\x00\x5b\x00\x37\x00\x14\x00\x5b\x00\x38\x00\x14\x00\x5b\x00\x39\x00\x14\x00\x5b\x00\x3a\x00\x14\x00\x5b\x00\x3b\x00\x14\x00\x5b"
"\x00\x3c\x00\x14\x00\x5b\x00\x3d\x00\x14\x00\x5b\x00\x3e\x00\x14\x00\x5b\x00\x6c\xff\xda\x00\x5b\x00\x6d\xff\xe1\x00\x5b\x00\x6e\xff\xd5\x00\x5b\x00\x6f\xff\xda"
"\x00\x5b\x00\x70\xff\xda\x00\x5b\x00\x71\xff\xda\x00\x5b\x00\x72\xff\xdb\x00\x5b\x00\x7b\xff\xbb\x00\x5b\x00\x8a\xff\xe7\x00\x5b\x00\x8c\xff\xe7\x00\x5b\x00\x8e"
"\xff\xe7\x00\x5b\x00\x95\xff\x8a\x00\x5b\x00\x9a\xff\x80\x00\x5b\x00\x9b\xff\xd2\x00\x5b\x00\x9c\xff\xdb\x00\x5b\x00\x9d\xff\xdb\x00\x5b\x00\x9e\xff\x80\x00\x5b"
"\x00\x9f\xff\xd2\x00\x5b\x00\xb6\xff\xe9\x00\x5b\x00\xb9\xff\xbb\x00\x5b\x00\xba\xff\xbb\x00\x5c\x00\x01\xff\xbb\x00\x5c\x00\x02\xff\xbb\x00\x5c\x00\x03\xff\xbb"
"\x00\x5c\x00\x04\xff\xbb\x00\x5c\x00\x05\xff\xbb\x00\x5c\x00\x06\xff\xbb\x00\x5c\x00\x07\xff\xbb\x00\x5c\x00\x08\xff\xbb\x00\x5c\x00\x2b\xff\x60\x00\x5c\x00\x31"
"\xff\x8a\x00\x5c\x00\x32\xff\x99\x00\x5c\x00\x33\xff\xc6\x00\x5c\x00\x34\xff\x2b\x00\x5c\x00\x35\xff\x2b\x00\x5c\x00\x37\x00\x14\x00\x5c\x00\x38\x00\x14\x00\x5c"
"\x00\x39\x00\x14\x00\x5c\x00\x3a\x00\x14\x00\x5c\x00\x3b\x00\x14\x00\x5c\x00\x3c\x00\x14\x00\x5c\x00\x3d\x00\x14\x00\x5c\x00\x3e\x00\x14\x00\x5c\x00\x6c\xff\xda"
"\x00\x5c\x00\x6d\xff\xe1\x00\x5c\x00\x6e\xff\xd5\x00\x5c\x00\x6f\xff\xda\x00\x5c\x00\x70\xff\xda\x00\x5c\x00\x71\xff\xda\x00\x5c\x00\x72\xff\xdb\x00\x5c\x00\x7b"
"\xff\xbb\x00\x5c\x00\x8a\xff\xe7\x00\x5c\x00\x8c\xff\xe7\x00\x5c\x00\x8e\xff\xe7\x00\x5c\x00\x95\xff\x8a\x00\x5c\x00\x9a\xff\x80\x00\x5c\x00\x9b\xff\xd2\x00\x5c"
"\x00\x9c\xff\xdb\x00\x5c\x00\x9d\xff\xdb\x00\x5c\x00\x9e\xff\x80\x00\x5c\x00\x9f\xff\xd2\x00\x5c\x00\xb6\xff\xe9\x00\x5c\x00\xb9\xff\xbb\x00\x5c\x00\xba\xff\xbb"
"\x00\x5d\x00\x01\xff\xbb\x00\x5d\x00\x02\xff\xbb\x00\x5d\x00\x03\xff\xbb\x00\x5d\x00\x04\xff\xbb\x00\x5d\x00\x05\xff\xbb\x00\x5d\x00\x06\xff\xbb\x00\x5d\x00\x07"
"\xff\xbb\x00\x5d\x00\x08\xff\xbb\x00\x5d\x00\x2b\xff\x60\x00\x5d\x00\x31\xff\x8a\x00\x5d\x00\x32\xff\x99\x00\x5d\x00\x33\xff\xc6\x00\x5d\x00\x34\xff\x2b\x00\x5d"
"\x00\x35\xff\x2b\x00\x5d\x00\x37\x00\x14\x00\x5d\x00\x38\x00\x14\x00\x5d\x00\x39\x00\x14\x00\x5d\x00\x3a\x00\x14\x00\x5d\x00\x3b\x00\x14\x00\x5d\x00\x3c\x00\x14"
"\x00\x5d\x00\x3d\x00\x14\x00\x5d\x00\x3e\x00\x14\x00\x5d\x00\x6c\xff\xda\x00\x5d\x00\x6d\xff\xe1\x00\x5d\x00\x6e\xff\xd5\x00\x5d\x00\x6f\xff\xda\x00\x5d\x00\x70"
"\xff\xda\x00\x5d\x00\x71\xff\xda\x00\x5d\x00\x72\xff\xdb\x00\x5d\x00\x7b\xff\xbb\x00\x5d\x00\x8a\xff\xe7\x00\x5d\x00\x8c\xff\xe7\x00\x5d\x00\x8e\xff\xe7\x00\x5d"
"\x00\x95\xff\x8a\x00\x5d\x00\x9a\xff\x80\x00\x5d\x00\x9b\xff\xd2\x00\x5d\x00\x9c\xff\xdb\x00\x5d\x00\x9d\xff\xdb\x00\x5d\x00\x9e\xff\x80\x00\x5d\x00\x9f\xff\xd2"
"\x00\x5d\x00\xb6\xff\xe9\x00\x5d\x00\xb9\xff\xbb\x00\x5d\x00\xba\xff\xbb\x00\x5e\x00\x01\xff\xbb\x00\x5e\x00\x02\xff\xbb\x00\x5e\x00\x03\xff\xbb\x00\x5e\x00\x04"
"\xff\xbb\x00\x5e\x00\x05\xff\xbb\x00\x5e\x00\x06\xff\xbb\x00\x5e\x00\x07\xff\xbb\x00\x5e\x00\x08\xff\xbb\x00\x5e\x00\x2b\xff\x60\x00\x5e\x00\x31\xff\x8a\x00\x5e"
"\x00\x32\xff\x99\x00\x5e\x00\x33\xff\xc6\x00\x5e\x00\x34\xff\x2b\x00\x5e\x00\x35\xff\x2b\x00\x5e\x00\x37\x00\x14\x00\x5e\x00\x38\x00\x14\x00\x5e\x00\x39\x00\x14"
"\x00\x5e\x00\x3a\x00\x14\x00\x5e\x00\x3b\x00\x14\x00\x5e\x00\x3c\x00\x14\x00\x5e\x00\x3d\x00\x14\x00\x5e\x00\x3e\x00\x14\x00\x5e\x00\x6c\xff\xda\x00\x5e\x00\x6d"
"\xff\xe1\x00\x5e\x00\x6e\xff\xd5\x00\x5e\x00\x6f\xff\xda\x00\x5e\x00\x70\xff\xda\x00\x5e\x00\x71\xff\xda\x00\x5e\x00\x72\xff\xdb\x00\x5e\x00\x7b\xff\xbb\x00\x5e"
"\x00\x8a\xff\xe7\x00\x5e\x00\x8c\xff\xe7\x00\x5e\x00\x8e\xff\xe7\x00\x5e\x00\x95\xff\x8a\x00\x5e\x00\x9a\xff\x80\x00\x5e\x00\x9b\xff\xd2\x00\x5e\x00\x9c\xff\xdb"
"\x00\x5e\x00\x9d\xff\xdb\x00\x5e\x00\x9e\xff\x80\x00\x5e\x00\x9f\xff\xd2\x00\x5e\x00\xb6\xff\xe9\x00\x5e\x00\xb9\xff\xbb\x00\x5e\x00\xba\xff\xbb\x00\x5f\x00\x01"
"\xff\xbb\x00\x5f\x00\x02\xff\xbb\x00\x5f\x00\x03\xff\xbb\x00\x5f\x00\x04\xff\xbb\x00\x5f\x00\x05\xff\xbb\x00\x5f\x00\x06\xff\xbb\x00\x5f\x00\x07\xff\xbb\x00\x5f"
"\x00\x08\xff\xbb\x00\x5f\x00\x2b\xff\x60\x00\x5f\x00\x31\xff\x8a\x00\x5f\x00\x32\xff\x99\x00\x5f\x00\x33\xff\xc6\x00\x5f\x00\x34\xff\x2b\x00\x5f\x00\x35\xff\x2b"
"\x00\x5f\x00\x37\x00\x14\x00\x5f\x00\x38\x00\x14\x00\x5f\x00\x39\x00\x14\x00\x5f\x00\x3a\x00\x14\x00\x5f\x00\x3b\x00\x14\x00\x5f\x00\x3c\x00\x14\x00\x5f\x00\x3d"
"\x00\x14\x00\x5f\x00\x3e\x00\x14\x00\x5f\x00\x6c\xff\xda\x00\x5f\x00\x6d\xff\xe1\x00\x5f\x00\x6e\xff\xd5\x00\x5f\x00\x6f\xff\xda\x00\x5f\x00\x70\xff\xda\x00\x5f"
"\x00\x71\xff\xda\x00\x5f\x00\x72\xff\xdb\x00\x5f\x00\x7b\xff\xbb\x00\x5f\x00\x8a\xff\xe7\x00\x5f\x00\x8c\xff\xe7\x00\x5f\x00\x8e\xff\xe7\x00\x5f\x00\x95\xff\x8a"
"\x00\x5f\x00\x9a\xff\x80\x00\x5f\x00\x9b\xff\xd2\x00\x5f\x00\x9c\xff\xdb\x00\x5f\x00\x9d\xff\xdb\x00\x5f\x00\x9e\xff\x80\x00\x5f\x00\x9f\xff\xd2\x00\x5f\x00\xb6"
"\xff\xe9\x00\x5f\x00\xb9\xff\xbb\x00\x5f\x00\xba\xff\xbb\x00\x60\x00\x01\xff\xbb\x00\x60\x00\x02\xff\xbb\x00\x60\x00\x03\xff\xbb\x00\x60\x00\x04\xff\xbb\x00\x60"
"\x00\x05\xff\xbb\x00\x60\x00\x06\xff\xbb\x00\x60\x00\x07\xff\xbb\x00\x60\x00\x08\xff\xbb\x00\x60\x00\x2b\xff\x60\x00\x60\x00\x31\xff\x8a\x00\x60\x00\x32\xff\x99"
"\x00\x60\x00\x33\xff\xc6\x00\x60\x00\x34\xff\x2b\x00\x60\x00\x35\xff\x2b\x00\x60\x00\x37\x00\x14\x00\x60\x00\x38\x00\x14\x00\x60\x00\x39\x00\x14\x00\x60\x00\x3a"
"\x00\x14\x00\x60\x00\x3b\x00\x14\x00\x60\x00\x3c\x00\x14\x00\x60\x00\x3d\x00\x14\x00\x60\x00\x3e\x00\x14\x00\x60\x00\x6c\xff\xda\x00\x60\x00\x6d\xff\xe1\x00\x60"
"\x00\x6e\xff\xd5\x00\x60\x00\x6f\xff\xda\x00\x60\x00\x70\xff\xda\x00\x60\x00\x71\xff\xda\x00\x60\x00\x72\xff\xdb\x00\x60\x00\x7b\xff\xbb\x00\x60\x00\x8a\xff\xe7"
"\x00\x60\x00\x8c\xff\xe7\x00\x60\x00\x8e\xff\xe7\x00\x60\x00\x95\xff\x8a\x00\x60\x00\x9a\xff\x80\x00\x60\x00\x9b\xff\xd2\x00\x60\x00\x9c\xff\xdb\x00\x60\x00\x9d"
"\xff\xdb\x00\x60\x00\x9e\xff\x80\x00\x60\x00\x9f\xff\xd2\x00\x60\x00\xb6\xff\xe9\x00\x60\x00\xb9\xff\xbb\x00\x60\x00\xba\xff\xbb\x00\x61\x00\x2b\xff\x98\x00\x61"
"\x00\x53\x00\x0c\x00\x62\x00\x01\xff\xaf\x00\x62\x00\x02\xff\xaf\x00\x62\x00\x03\xff\xaf\x00\x62\x00\x04\xff\xaf\x00\x62\x00\x05\xff\xaf\x00\x62\x00\x06\xff\xaf"
"\x00\x62\x00\x07\xff\xaf\x00\x62\x00\x08\xff\xaf\x00\x62\x00\x09\x00\x20\x00\x62\x00\x0c\x00\x20\x00\x62\x00\x0d\x00\x20\x00\x62\x00\x0e\x00\x20\x00\x62\x00\x0f"
"\x00\x20\x00\x62\x00\x10\x00\x20\x00\x62\x00\x11\x00\x20\x00\x62\x00\x12\x00\x20\x00\x62\x00\x14\x00\x20\x00\x62\x00\x15\x00\x20\x00\x62\x00\x17\x00\x20\x00\x62"
"\x00\x18\x00\x20\x00\x62\x00\x1a\xff\x8c\x00\x62\x00\x1b\x00\x20\x00\x62\x00\x1c\x00\x20\x00\x62\x00\x1d\x00\x20\x00\x62\x00\x1e\x00\x20\x00\x62\x00\x1f\x00\x20"
"\x00\x62\x00\x27\x00\x20\x00\x62\x00\x29\x00\x20\x00\x62\x00\x2b\xff\x8c\x00\x62\x00\x36\xff\xbb\x00\x62\x00\x37\xff\xed\x00\x62\x00\x38\xff\xed\x00\x62\x00\x39"
"\xff\xed\x00\x62\x00\x3a\xff\xed\x00\x62\x00\x3b\xff\xed\x00\x62\x00\x3c\xff\xed\x00\x62\x00\x3d\xff\xed\x00\x62\x00\x3e\xff\xed\x00\x62\x00\x3f\x00\x20\x00\x62"
"\x00\x40\x00\x20\x00\x62\x00\x41\xff\xd3\x00\x62\x00\x42\xff\xd3\x00\x62\x00\x43\xff\xd3\x00\x62\x00\x44\xff\xd3\x00\x62\x00\x45\xff\xd3\x00\x62\x00\x46\xff\xd3"
"\x00\x62\x00\x47\xff\xd3\x00\x62\x00\x48\xff\xd3\x00\x62\x00\x49\x00\x25\x00\x62\x00\x4a\xff\xd3\x00\x62\x00\x4b\x00\x20\x00\x62\x00\x4c\x00\x0d\x00\x62\x00\x4e"
"\x00\x2c\x00\x62\x00\x4f\x00\x0d\x00\x62\x00\x50\x00\x0d\x00\x62\x00\x51\x00\x0d\x00\x62\x00\x53\x00\x1f\x00\x62\x00\x54\x00\x20\x00\x62\x00\x55\x00\x20\x00\x62"
"\x00\x56\x00\x14\x00\x62\x00\x57\x00\x14\x00\x62\x00\x58\x00\x14\x00\x62\x00\x59\xff\xd3\x00\x62\x00\x5a\xff\xd3\x00\x62\x00\x5b\xff\xd3\x00\x62\x00\x5c\xff\xd3"
"\x00\x62\x00\x5d\xff\xd3\x00\x62\x00\x5e\xff\xd3\x00\x62\x00\x5f\xff\xd3\x00\x62\x00\x60\x00\x14\x00\x62\x00\x61\xff\xd3\x00\x62\x00\x62\x00\x14\x00\x62\x00\x64"
"\x00\x20\x00\x62\x00\x65\x00\x25\x00\x62\x00\x6c\x00\x20\x00\x62\x00\x6d\x00\x11\x00\x62\x00\x6e\x00\x20\x00\x62\x00\x6f\x00\x20\x00\x62\x00\x70\x00\x20\x00\x62"
"\x00\x71\x00\x20\x00\x62\x00\x73\x00\x20\x00\x62\x00\x74\xff\xd3\x00\x62\x00\x76\xff\xd3\x00\x62\x00\x92\xff\xbf\x00\x62\x00\x93\x00\x20\x00\x62\x00\x96\xff\xb3"
"\x00\x62\x00\x9a\xff\xaf\x00\x62\x00\x9b\x00\x21\x00\x62\x00\x9e\xff\xaf\x00\x62\x00\x9f\x00\x21\x00\x62\x00\xa0\xff\x80\x00\x62\x00\xa1\xff\x80\x00\x62\x00\xa2"
"\xff\x80\x00\x62\x00\xa5\xff\xb3\x00\x62\x00\xaa\xff\xaf\x00\x62\x00\xad\xff\xb3\x00\x62\x00\xaf\xff\xb3\x00\x62\x00\xb1\xff\xb3\x00\x62\x00\xb2\xff\xbb\x00\x62"
"\x00\xd5\xff\xb3\x00\x63\x00\x2b\xff\x69\x00\x63\x00\x31\xff\xa3\x00\x63\x00\x32\xff\xbb\x00\x63\x00\x34\xff\x69\x00\x63\x00\x35\xff\x69\x00\x63\x00\x95\xff\xa3"
"\x00\x63\x00\x9a\xff\x98\x00\x63\x00\x9c\xff\xf5\x00\x63\x00\x9d\xff\xf5\x00\x63\x00\x9e\xff\x98\x00\x63\x00\xb6\xff\xef\x00\x64\x00\x2b\xff\x8c\x00\x64\x00\x4e"
"\x00\x45\x00\x64\x00\x9a\xff\x75\x00\x64\x00\x9e\xff\x75\x00\x65\x00\x09\x00\x04\x00\x65\x00\x0c\x00\x04\x00\x65\x00\x0d\x00\x04\x00\x65\x00\x0e\x00\x04\x00\x65"
"\x00\x0f\x00\x04\x00\x65\x00\x10\x00\x04\x00\x65\x00\x11\x00\x04\x00\x65\x00\x12\x00\x04\x00\x65\x00\x14\x00\x04\x00\x65\x00\x15\x00\x04\x00\x65\x00\x17\x00\x04"
"\x00\x65\x00\x18\x00\x04\x00\x65\x00\x1b\x00\x04\x00\x65\x00\x1c\x00\x04\x00\x65\x00\x1d\x00\x04\x00\x65\x00\x1e\x00\x04\x00\x65\x00\x1f\x00\x04\x00\x65\x00\x27"
"\x00\x04\x00\x65\x00\x29\x00\x04\x00\x65\x00\x2b\xff\xbb\x00\x65\x00\x31\xff\xf3\x00\x65\x00\x32\xff\xf3\x00\x65\x00\x34\xff\xec\x00\x65\x00\x35\xff\xec\x00\x65"
"\x00\x37\x00\x0a\x00\x65\x00\x38\x00\x0a\x00\x65\x00\x39\x00\x0a\x00\x65\x00\x3a\x00\x0a\x00\x65\x00\x3b\x00\x0a\x00\x65\x00\x3c\x00\x0a\x00\x65\x00\x3d\x00\x0a"
"\x00\x65\x00\x3e\x00\x0a\x00\x65\x00\x3f\x00\x04\x00\x65\x00\x40\x00\x04\x00\x65\x00\x41\xff\xec\x00\x65\x00\x42\xff\xec\x00\x65\x00\x43\xff\xec\x00\x65\x00\x44"
"\xff\xec\x00\x65\x00\x45\xff\xec\x00\x65\x00\x46\xff\xec\x00\x65\x00\x47\xff\xec\x00\x65\x00\x48\xff\xec\x00\x65\x00\x49\xff\xc3\x00\x65\x00\x4a\xff\xec\x00\x65"
"\x00\x4b\x00\x04\x00\x65\x00\x53\x00\x10\x00\x65\x00\x54\x00\x04\x00\x65\x00\x55\x00\x04\x00\x65\x00\x59\xff\xec\x00\x65\x00\x5a\xff\xec\x00\x65\x00\x5b\xff\xec"
"\x00\x65\x00\x5c\xff\xec\x00\x65\x00\x5d\xff\xec\x00\x65\x00\x5e\xff\xec\x00\x65\x00\x5f\xff\xec\x00\x65\x00\x61\xff\xec\x00\x65\x00\x63\xff\xef\x00\x65\x00\x64"
"\x00\x04\x00\x65\x00\x65\xff\xf2\x00\x65\x00\x6c\x00\x2c\x00\x65\x00\x6d\x00\x25\x00\x65\x00\x6f\x00\x2c\x00\x65\x00\x70\x00\x2c\x00\x65\x00\x71\x00\x2c\x00\x65"
"\x00\x73\x00\x04\x00\x65\x00\x74\xff\xec\x00\x65\x00\x76\xff\xec\x00\x65\x00\x7e\xff\xed\x00\x65\x00\x93\x00\x04\x00\x65\x00\x95\xff\xf3\x00\x65\x00\x96\xff\xdc"
"\x00\x65\x00\x99\xff\xf1\x00\x65\x00\x9a\xff\xaf\x00\x65\x00\x9b\x00\x0f\x00\x65\x00\x9e\xff\xaf\x00\x65\x00\x9f\x00\x0f\x00\x65\x00\xa5\xff\xdc\x00\x65\x00\xaa"
"\xff\xc6\x00\x65\x00\xad\xff\xdc\x00\x65\x00\xae\xff\xf1\x00\x65\x00\xaf\xff\xdc\x00\x65\x00\xb1\xff\xdc\x00\x65\x00\xb2\xff\xdc\x00\x65\x00\xd5\xff\xdc\x00\x66"
"\x00\x2b\xff\x98\x00\x66\x00\x34\xff\x8c\x00\x66\x00\x35\xff\x8c\x00\x66\x00\x92\xff\xbb\x00\x66\x00\x96\xff\xb3\x00\x66\x00\x9a\xff\xaf\x00\x66\x00\x9b\x00\x1d"
"\x00\x66\x00\x9e\xff\xaf\x00\x66\x00\x9f\x00\x1d\x00\x66\x00\xa5\xff\xb3\x00\x66\x00\xaa\xff\xaf\x00\x66\x00\xad\xff\xb3\x00\x66\x00\xaf\xff\xb3\x00\x66\x00\xb1"
"\xff\xb3\x00\x66\x00\xb2\xff\xbb\x00\x66\x00\xb3\xff\xbb\x00\x66\x00\xd5\xff\xb3\x00\x67\x00\x2b\xff\x98\x00\x67\x00\x34\xff\x8c\x00\x67\x00\x35\xff\x8c\x00\x67"
"\x00\x92\xff\xbb\x00\x67\x00\x96\xff\xb3\x00\x67\x00\x9a\xff\xaf\x00\x67\x00\x9b\x00\x1d\x00\x67\x00\x9e\xff\xaf\x00\x67\x00\x9f\x00\x1d\x00\x67\x00\xa5\xff\xb3"
"\x00\x67\x00\xaa\xff\xaf\x00\x67\x00\xad\xff\xb3\x00\x67\x00\xaf\xff\xb3\x00\x67\x00\xb1\xff\xb3\x00\x67\x00\xb2\xff\xbb\x00\x67\x00\xb3\xff\xbb\x00\x67\x00\xd5"
"\xff\xb3\x00\x68\x00\x2b\xff\x98\x00\x68\x00\x34\xff\x8c\x00\x68\x00\x35\xff\x8c\x00\x68\x00\x92\xff\xbb\x00\x68\x00\x96\xff\xb3\x00\x68\x00\x9a\xff\x98\x00\x68"
"\x00\x9b\x00\x1d\x00\x68\x00\x9e\xff\x98\x00\x68\x00\x9f\x00\x1d\x00\x68\x00\xa5\xff\xb3\x00\x68\x00\xaa\xff\xaf\x00\x68\x00\xad\xff\xb3\x00\x68\x00\xaf\xff\xb3"
"\x00\x68\x00\xb1\xff\xb3\x00\x68\x00\xb2\xff\xbb\x00\x68\x00\xb3\xff\xbb\x00\x68\x00\xd5\xff\xb3\x00\x69\x00\x2b\xff\x98\x00\x69\x00\x34\xff\x8c\x00\x69\x00\x35"
"\xff\x8c\x00\x69\x00\x92\xff\xbb\x00\x69\x00\x96\xff\xb3\x00\x69\x00\x9a\xff\xaf\x00\x69\x00\x9b\x00\x1d\x00\x69\x00\x9e\xff\xaf\x00\x69\x00\x9f\x00\x1d\x00\x69"
"\x00\xa5\xff\xb3\x00\x69\x00\xaa\xff\xaf\x00\x69\x00\xad\xff\xb3\x00\x69\x00\xaf\xff\xb3\x00\x69\x00\xb1\xff\xb3\x00\x69\x00\xb2\xff\xbb\x00\x69\x00\xb3\xff\xbb"
"\x00\x69\x00\xd5\xff\xb3\x00\x6a\x00\x2b\xff\x98\x00\x6a\x00\x34\xff\x8c\x00\x6a\x00\x35\xff\x8c\x00\x6a\x00\x92\xff\xbb\x00\x6a\x00\x96\xff\xb3\x00\x6a\x00\x9a"
"\xff\xaf\x00\x6a\x00\x9b\x00\x1d\x00\x6a\x00\x9e\xff\xaf\x00\x6a\x00\x9f\x00\x1d\x00\x6a\x00\xa5\xff\xb3\x00\x6a\x00\xaa\xff\xaf\x00\x6a\x00\xad\xff\xb3\x00\x6a"
"\x00\xaf\xff\xb3\x00\x6a\x00\xb1\xff\xb3\x00\x6a\x00\xb2\xff\xbb\x00\x6a\x00\xb3\xff\xbb\x00\x6a\x00\xd5\xff\xb3\x00\x6b\x00\x2b\xff\x98\x00\x6b\x00\x34\xff\x8c"
"\x00\x6b\x00\x35\xff\x8c\x00\x6b\x00\x92\xff\xbb\x00\x6b\x00\x96\xff\xb3\x00\x6b\x00\x9a\xff\xaf\x00\x6b\x00\x9b\x00\x1d\x00\x6b\x00\x9e\xff\xaf\x00\x6b\x00\x9f"
"\x00\x1d\x00\x6b\x00\xa5\xff\xb3\x00\x6b\x00\xaa\xff\xaf\x00\x6b\x00\xad\xff\xb3\x00\x6b\x00\xaf\xff\xb3\x00\x6b\x00\xb1\xff\xb3\x00\x6b\x00\xb2\xff\xbb\x00\x6b"
"\x00\xb3\xff\xbb\x00\x6b\x00\xd5\xff\xb3\x00\x6c\x00\x01\xff\x75\x00\x6c\x00\x02\xff\x75\x00\x6c\x00\x03\xff\x75\x00\x6c\x00\x04\xff\x75\x00\x6c\x00\x05\xff\x75"
"\x00\x6c\x00\x06\xff\x75\x00\x6c\x00\x07\xff\x75\x00\x6c\x00\x08\xff\x75\x00\x6c\x00\x09\x00\x06\x00\x6c\x00\x0c\x00\x06\x00\x6c\x00\x0d\x00\x06\x00\x6c\x00\x0e"
"\x00\x06\x00\x6c\x00\x0f\x00\x06\x00\x6c\x00\x10\x00\x06\x00\x6c\x00\x11\x00\x06\x00\x6c\x00\x12\x00\x06\x00\x6c\x00\x14\x00\x06\x00\x6c\x00\x15\x00\x06\x00\x6c"
"\x00\x17\x00\x06\x00\x6c\x00\x18\x00\x06\x00\x6c\x00\x1a\xff\x80\x00\x6c\x00\x1b\x00\x06\x00\x6c\x00\x1c\x00\x06\x00\x6c\x00\x1d\x00\x06\x00\x6c\x00\x1e\x00\x06"
"\x00\x6c\x00\x1f\x00\x06\x00\x6c\x00\x27\x00\x06\x00\x6c\x00\x29\x00\x06\x00\x6c\x00\x2b\xff\xbb\x00\x6c\x00\x34\xff\xbb\x00\x6c\x00\x35\xff\xbb\x00\x6c\x00\x37"
"\xff\xef\x00\x6c\x00\x38\xff\xef\x00\x6c\x00\x39\xff\xef\x00\x6c\x00\x3a\xff\xef\x00\x6c\x00\x3b\xff\xef\x00\x6c\x00\x3c\xff\xef\x00\x6c\x00\x3d\xff\xef\x00\x6c"
"\x00\x3e\xff\xef\x00\x6c\x00\x3f\x00\x06\x00\x6c\x00\x40\x00\x06\x00\x6c\x00\x41\xff\xda\x00\x6c\x00\x42\xff\xda\x00\x6c\x00\x43\xff\xda\x00\x6c\x00\x44\xff\xda"
"\x00\x6c\x00\x45\xff\xda\x00\x6c\x00\x46\xff\xda\x00\x6c\x00\x47\xff\xda\x00\x6c\x00\x48\xff\xda\x00\x6c\x00\x49\x00\x1e\x00\x6c\x00\x4a\xff\xda\x00\x6c\x00\x4b"
"\x00\x06\x00\x6c\x00\x4e\x00\x21\x00\x6c\x00\x54\x00\x06\x00\x6c\x00\x55\x00\x06\x00\x6c\x00\x59\xff\xda\x00\x6c\x00\x5a\xff\xda\x00\x6c\x00\x5b\xff\xda\x00\x6c"
"\x00\x5c\xff\xda\x00\x6c\x00\x5d\xff\xda\x00\x6c\x00\x5e\xff\xda\x00\x6c\x00\x5f\xff\xda\x00\x6c\x00\x61\xff\xda\x00\x6c\x00\x64\x00\x06\x00\x6c\x00\x65\x00\x22"
"\x00\x6c\x00\x73\x00\x06\x00\x6c\x00\x74\xff\xda\x00\x6c\x00\x76\xff\xda\x00\x6c\x00\x92\xff\x8c\x00\x6c\x00\x93\x00\x06\x00\x6c\x00\x96\xff\xaf\x00\x6c\x00\xa0"
"\xff\xad\x00\x6c\x00\xa1\xff\xad\x00\x6c\x00\xa2\xff\x69\x00\x6c\x00\xa5\xff\xaf\x00\x6c\x00\xa8\xff\xaf\x00\x6c\x00\xaa\xff\xbb\x00\x6c\x00\xac\xff\xaf\x00\x6c"
"\x00\xad\xff\xaf\x00\x6c\x00\xaf\xff\xaf\x00\x6c\x00\xb0\xff\xaf\x00\x6c\x00\xb1\xff\xaf\x00\x6c\x00\xb2\xff\xaf\x00\x6c\x00\xb3\xff\x5e\x00\x6c\x00\xd5\xff\xaf"
"\x00\x6d\x00\x01\xff\x75\x00\x6d\x00\x02\xff\x75\x00\x6d\x00\x03\xff\x75\x00\x6d\x00\x04\xff\x75\x00\x6d\x00\x05\xff\x75\x00\x6d\x00\x06\xff\x75\x00\x6d\x00\x07"
"\xff\x75\x00\x6d\x00\x08\xff\x75\x00\x6d\x00\x1a\xff\x8c\x00\x6d\x00\x2b\xff\x98\x00\x6d\x00\x36\xff\xbb\x00\x6d\x00\x37\xff\xfc\x00\x6d\x00\x38\xff\xfc\x00\x6d"
"\x00\x39\xff\xfc\x00\x6d\x00\x3a\xff\xfc\x00\x6d\x00\x3b\xff\xfc\x00\x6d\x00\x3c\xff\xfc\x00\x6d\x00\x3d\xff\xfc\x00\x6d\x00\x3e\xff\xfc\x00\x6d\x00\x41\xff\xe1"
"\x00\x6d\x00\x42\xff\xe1\x00\x6d\x00\x43\xff\xe1\x00\x6d\x00\x44\xff\xe1\x00\x6d\x00\x45\xff\xe1\x00\x6d\x00\x46\xff\xe1\x00\x6d\x00\x47\xff\xe1\x00\x6d\x00\x48"
"\xff\xe1\x00\x6d\x00\x4a\xff\xe1\x00\x6d\x00\x59\xff\xe1\x00\x6d\x00\x5a\xff\xe1\x00\x6d\x00\x5b\xff\xe1\x00\x6d\x00\x5c\xff\xe1\x00\x6d\x00\x5d\xff\xe1\x00\x6d"
"\x00\x5e\xff\xe1\x00\x6d\x00\x5f\xff\xe1\x00\x6d\x00\x61\xff\xe1\x00\x6d\x00\x74\xff\xe1\x00\x6d\x00\x76\xff\xe1\x00\x6d\x00\x84\xff\xbb\x00\x6d\x00\xa0\xff\x69"
"\x00\x6d\x00\xa1\xff\x69\x00\x6d\x00\xa2\xff\x69\x00\x6d\x00\xa8\xff\xbb\x00\x6e\x00\x2b\xff\xaa\x00\x6e\x00\x37\xff\xfd\x00\x6e\x00\x38\xff\xfd\x00\x6e\x00\x39"
"\xff\xfd\x00\x6e\x00\x3a\xff\xfd\x00\x6e\x00\x3b\xff\xfd\x00\x6e\x00\x3c\xff\xfd\x00\x6e\x00\x3d\xff\xfd\x00\x6e\x00\x3e\xff\xfd\x00\x6e\x00\x41\xff\xd5\x00\x6e"
"\x00\x42\xff\xd5\x00\x6e\x00\x43\xff\xd5\x00\x6e\x00\x44\xff\xd5\x00\x6e\x00\x45\xff\xd5\x00\x6e\x00\x46\xff\xd5\x00\x6e\x00\x47\xff\xd5\x00\x6e\x00\x48\xff\xd5"
"\x00\x6e\x00\x49\x00\x21\x00\x6e\x00\x4a\xff\xd5\x00\x6e\x00\x59\xff\xd5\x00\x6e\x00\x5a\xff\xd5\x00\x6e\x00\x5b\xff\xd5\x00\x6e\x00\x5c\xff\xd5\x00\x6e\x00\x5d"
"\xff\xd5\x00\x6e\x00\x5e\xff\xd5\x00\x6e\x00\x5f\xff\xd5\x00\x6e\x00\x61\xff\xd5\x00\x6e\x00\x65\x00\x21\x00\x6e\x00\x74\xff\xd5\x00\x6e\x00\x76\xff\xd5\x00\x6e"
"\x00\x96\xff\xd2\x00\x6e\x00\xa5\xff\xd2\x00\x6e\x00\xa8\xff\xbb\x00\x6e\x00\xac\xff\xbb\x00\x6e\x00\xad\xff\xd2\x00\x6e\x00\xaf\xff\xd2\x00\x6e\x00\xb0\xff\xbb"
"\x00\x6e\x00\xb1\xff\xd2\x00\x6e\x00\xb2\xff\xd2\x00\x6e\x00\xd5\xff\xd2\x00\x6f\x00\x01\xff\x75\x00\x6f\x00\x02\xff\x75\x00\x6f\x00\x03\xff\x75\x00\x6f\x00\x04"
"\xff\x75\x00\x6f\x00\x05\xff\x75\x00\x6f\x00\x06\xff\x75\x00\x6f\x00\x07\xff\x75\x00\x6f\x00\x08\xff\x75\x00\x6f\x00\x09\x00\x06\x00\x6f\x00\x0c\x00\x06\x00\x6f"
"\x00\x0d\x00\x06\x00\x6f\x00\x0e\x00\x06\x00\x6f\x00\x0f\x00\x06\x00\x6f\x00\x10\x00\x06\x00\x6f\x00\x11\x00\x06\x00\x6f\x00\x12\x00\x06\x00\x6f\x00\x14\x00\x06"
"\x00\x6f\x00\x15\x00\x06\x00\x6f\x00\x17\x00\x06\x00\x6f\x00\x18\x00\x06\x00\x6f\x00\x1a\xff\x80\x00\x6f\x00\x1b\x00\x06\x00\x6f\x00\x1c\x00\x06\x00\x6f\x00\x1d"
"\x00\x06\x00\x6f\x00\x1e\x00\x06\x00\x6f\x00\x1f\x00\x06\x00\x6f\x00\x27\x00\x06\x00\x6f\x00\x29\x00\x06\x00\x6f\x00\x2b\xff\xbb\x00\x6f\x00\x34\xff\xbb\x00\x6f"
"\x00\x35\xff\xbb\x00\x6f\x00\x37\xff\xef\x00\x6f\x00\x38\xff\xef\x00\x6f\x00\x39\xff\xef\x00\x6f\x00\x3a\xff\xef\x00\x6f\x00\x3b\xff\xef\x00\x6f\x00\x3c\xff\xef"
"\x00\x6f\x00\x3d\xff\xef\x00\x6f\x00\x3e\xff\xef\x00\x6f\x00\x3f\x00\x06\x00\x6f\x00\x40\x00\x06\x00\x6f\x00\x41\xff\xda\x00\x6f\x00\x42\xff\xda\x00\x6f\x00\x43"
"\xff\xda\x00\x6f\x00\x44\xff\xda\x00\x6f\x00\x45\xff\xda\x00\x6f\x00\x46\xff\xda\x00\x6f\x00\x47\xff\xda\x00\x6f\x00\x48\xff\xda\x00\x6f\x00\x49\x00\x1e\x00\x6f"
"\x00\x4a\xff\xda\x00\x6f\x00\x4b\x00\x06\x00\x6f\x00\x4e\x00\x21\x00\x6f\x00\x54\x00\x06\x00\x6f\x00\x55\x00\x06\x00\x6f\x00\x59\xff\xda\x00\x6f\x00\x5a\xff\xda"
"\x00\x6f\x00\x5b\xff\xda\x00\x6f\x00\x5c\xff\xda\x00\x6f\x00\x5d\xff\xda\x00\x6f\x00\x5e\xff\xda\x00\x6f\x00\x5f\xff\xda\x00\x6f\x00\x61\xff\xda\x00\x6f\x00\x64"
"\x00\x06\x00\x6f\x00\x65\x00\x22\x00\x6f\x00\x73\x00\x06\x00\x6f\x00\x74\xff\xda\x00\x6f\x00\x76\xff\xda\x00\x6f\x00\x92\xff\x8c\x00\x6f\x00\x93\x00\x06\x00\x6f"
"\x00\x96\xff\xaf\x00\x6f\x00\xa0\xff\xad\x00\x6f\x00\xa1\xff\xad\x00\x6f\x00\xa2\xff\x69\x00\x6f\x00\xa5\xff\xaf\x00\x6f\x00\xa8\xff\xaf\x00\x6f\x00\xaa\xff\xbb"
"\x00\x6f\x00\xac\xff\xaf\x00\x6f\x00\xad\xff\xaf\x00\x6f\x00\xaf\xff\xaf\x00\x6f\x00\xb0\xff\xaf\x00\x6f\x00\xb1\xff\xaf\x00\x6f\x00\xb2\xff\xaf\x00\x6f\x00\xb3"
"\xff\x5e\x00\x6f\x00\xd5\xff\xaf\x00\x70\x00\x01\xff\x75\x00\x70\x00\x02\xff\x75\x00\x70\x00\x03\xff\x75\x00\x70\x00\x04\xff\x75\x00\x70\x00\x05\xff\x75\x00\x70"
"\x00\x06\xff\x75\x00\x70\x00\x07\xff\x75\x00\x70\x00\x08\xff\x75\x00\x70\x00\x09\x00\x06\x00\x70\x00\x0c\x00\x06\x00\x70\x00\x0d\x00\x06\x00\x70\x00\x0e\x00\x06"
"\x00\x70\x00\x0f\x00\x06\x00\x70\x00\x10\x00\x06\x00\x70\x00\x11\x00\x06\x00\x70\x00\x12\x00\x06\x00\x70\x00\x14\x00\x06\x00\x70\x00\x15\x00\x06\x00\x70\x00\x17"
"\x00\x06\x00\x70\x00\x18\x00\x06\x00\x70\x00\x1a\xff\x80\x00\x70\x00\x1b\x00\x06\x00\x70\x00\x1c\x00\x06\x00\x70\x00\x1d\x00\x06\x00\x70\x00\x1e\x00\x06\x00\x70"
"\x00\x1f\x00\x06\x00\x70\x00\x27\x00\x06\x00\x70\x00\x29\x00\x06\x00\x70\x00\x2b\xff\xbb\x00\x70\x00\x34\xff\xbb\x00\x70\x00\x35\xff\xbb\x00\x70\x00\x37\xff\xef"
"\x00\x70\x00\x38\xff\xef\x00\x70\x00\x39\xff\xef\x00\x70\x00\x3a\xff\xef\x00\x70\x00\x3b\xff\xef\x00\x70\x00\x3c\xff\xef\x00\x70\x00\x3d\xff\xef\x00\x70\x00\x3e"
"\xff\xef\x00\x70\x00\x3f\x00\x06\x00\x70\x00\x40\x00\x06\x00\x70\x00\x41\xff\xda\x00\x70\x00\x42\xff\xda\x00\x70\x00\x43\xff\xda\x00\x70\x00\x44\xff\xda\x00\x70"
"\x00\x45\xff\xda\x00\x70\x00\x46\xff\xda\x00\x70\x00\x47\xff\xda\x00\x70\x00\x48\xff\xda\x00\x70\x00\x49\x00\x1e\x00\x70\x00\x4a\xff\xda\x00\x70\x00\x4b\x00\x06"
"\x00\x70\x00\x4e\x00\x21\x00\x70\x00\x54\x00\x06\x00\x70\x00\x55\x00\x06\x00\x70\x00\x59\xff\xda\x00\x70\x00\x5a\xff\xda\x00\x70\x00\x5b\xff\xda\x00\x70\x00\x5c"
"\xff\xda\x00\x70\x00\x5d\xff\xda\x00\x70\x00\x5e\xff\xda\x00\x70\x00\x5f\xff\xda\x00\x70\x00\x61\xff\xda\x00\x70\x00\x64\x00\x06\x00\x70\x00\x65\x00\x22\x00\x70"
"\x00\x73\x00\x06\x00\x70\x00\x74\xff\xda\x00\x70\x00\x76\xff\xda\x00\x70\x00\x92\xff\x8c\x00\x70\x00\x93\x00\x06\x00\x70\x00\x96\xff\xaf\x00\x70\x00\xa0\xff\xad"
"\x00\x70\x00\xa1\xff\xad\x00\x70\x00\xa2\xff\x69\x00\x70\x00\xa5\xff\xaf\x00\x70\x00\xa8\xff\xaf\x00\x70\x00\xaa\xff\xbb\x00\x70\x00\xac\xff\xaf\x00\x70\x00\xad"
"\xff\xaf\x00\x70\x00\xaf\xff\xaf\x00\x70\x00\xb0\xff\xaf\x00\x70\x00\xb1\xff\xaf\x00\x70\x00\xb2\xff\xaf\x00\x70\x00\xb3\xff\x5e\x00\x70\x00\xd5\xff\xaf\x00\x71"
"\x00\x01\xff\x75\x00\x71\x00\x02\xff\x75\x00\x71\x00\x03\xff\x75\x00\x71\x00\x04\xff\x75\x00\x71\x00\x05\xff\x75\x00\x71\x00\x06\xff\x75\x00\x71\x00\x07\xff\x75"
"\x00\x71\x00\x08\xff\x75\x00\x71\x00\x09\x00\x06\x00\x71\x00\x0c\x00\x06\x00\x71\x00\x0d\x00\x06\x00\x71\x00\x0e\x00\x06\x00\x71\x00\x0f\x00\x06\x00\x71\x00\x10"
"\x00\x06\x00\x71\x00\x11\x00\x06\x00\x71\x00\x12\x00\x06\x00\x71\x00\x14\x00\x06\x00\x71\x00\x15\x00\x06\x00\x71\x00\x17\x00\x06\x00\x71\x00\x18\x00\x06\x00\x71"
"\x00\x1a\xff\x80\x00\x71\x00\x1b\x00\x06\x00\x71\x00\x1c\x00\x06\x00\x71\x00\x1d\x00\x06\x00\x71\x00\x1e\x00\x06\x00\x71\x00\x1f\x00\x06\x00\x71\x00\x27\x00\x06"
"\x00\x71\x00\x29\x00\x06\x00\x71\x00\x2b\xff\xbb\x00\x71\x00\x34\xff\xbb\x00\x71\x00\x35\xff\xbb\x00\x71\x00\x37\xff\xef\x00\x71\x00\x38\xff\xef\x00\x71\x00\x39"
"\xff\xef\x00\x71\x00\x3a\xff\xef\x00\x71\x00\x3b\xff\xef\x00\x71\x00\x3c\xff\xef\x00\x71\x00\x3d\xff\xef\x00\x71\x00\x3e\xff\xef\x00\x71\x00\x3f\x00\x06\x00\x71"
"\x00\x40\x00\x06\x00\x71\x00\x41\xff\xda\x00\x71\x00\x42\xff\xda\x00\x71\x00\x43\xff\xda\x00\x71\x00\x44\xff\xda\x00\x71\x00\x45\xff\xda\x00\x71\x00\x46\xff\xda"
"\x00\x71\x00\x47\xff\xda\x00\x71\x00\x48\xff\xda\x00\x71\x00\x49\x00\x1e\x00\x71\x00\x4a\xff\xda\x00\x71\x00\x4b\x00\x06\x00\x71\x00\x4e\x00\x21\x00\x71\x00\x54"
"\x00\x06\x00\x71\x00\x55\x00\x06\x00\x71\x00\x59\xff\xda\x00\x71\x00\x5a\xff\xda\x00\x71\x00\x5b\xff\xda\x00\x71\x00\x5c\xff\xda\x00\x71\x00\x5d\xff\xda\x00\x71"
"\x00\x5e\xff\xda\x00\x71\x00\x5f\xff\xda\x00\x71\x00\x61\xff\xda\x00\x71\x00\x64\x00\x06\x00\x71\x00\x65\x00\x22\x00\x71\x00\x73\x00\x06\x00\x71\x00\x74\xff\xda"
"\x00\x71\x00\x76\xff\xda\x00\x71\x00\x92\xff\x8c\x00\x71\x00\x93\x00\x06\x00\x71\x00\x96\xff\xaf\x00\x71\x00\xa0\xff\xad\x00\x71\x00\xa1\xff\xad\x00\x71\x00\xa2"
"\xff\x69\x00\x71\x00\xa5\xff\xaf\x00\x71\x00\xa8\xff\xaf\x00\x71\x00\xaa\xff\xbb\x00\x71\x00\xac\xff\xaf\x00\x71\x00\xad\xff\xaf\x00\x71\x00\xaf\xff\xaf\x00\x71"
"\x00\xb0\xff\xaf\x00\x71\x00\xb1\xff\xaf\x00\x71\x00\xb2\xff\xaf\x00\x71\x00\xb3\xff\x5e\x00\x71\x00\xd5\xff\xaf\x00\x72\x00\x2b\xff\xbb\x00\x72\x00\x41\xff\xdb"
"\x00\x72\x00\x42\xff\xdb\x00\x72\x00\x43\xff\xdb\x00\x72\x00\x44\xff\xdb\x00\x72\x00\x45\xff\xdb\x00\x72\x00\x46\xff\xdb\x00\x72\x00\x47\xff\xdb\x00\x72\x00\x48"
"\xff\xdb\x00\x72\x00\x4a\xff\xdb\x00\x72\x00\x59\xff\xdb\x00\x72\x00\x5a\xff\xdb\x00\x72\x00\x5b\xff\xdb\x00\x72\x00\x5c\xff\xdb\x00\x72\x00\x5d\xff\xdb\x00\x72"
"\x00\x5e\xff\xdb\x00\x72\x00\x5f\xff\xdb\x00\x72\x00\x61\xff\xdb\x00\x72\x00\x74\xff\xdb\x00\x72\x00\x76\xff\xdb\x00\x73\x00\x01\xff\xaf\x00\x73\x00\x02\xff\xaf"
"\x00\x73\x00\x03\xff\xaf\x00\x73\x00\x04\xff\xaf\x00\x73\x00\x05\xff\xaf\x00\x73\x00\x06\xff\xaf\x00\x73\x00\x07\xff\xaf\x00\x73\x00\x08\xff\xaf\x00\x73\x00\x1a"
"\xff\xaf\x00\x73\x00\x2b\xff\x8c\x00\x73\x00\x31\xff\x98\x00\x73\x00\x36\xff\xaf\x00\x73\x00\x95\xff\x98\x00\x73\x00\x9a\xff\x8c\x00\x73\x00\x9e\xff\x8c\x00\x73"
"\x00\xa0\xff\x2f\x00\x73\x00\xa1\xff\x2f\x00\x73\x00\xa2\xff\x2f\x00\x74\x00\x01\xff\xbb\x00\x74\x00\x02\xff\xbb\x00\x74\x00\x03\xff\xbb\x00\x74\x00\x04\xff\xbb"
"\x00\x74\x00\x05\xff\xbb\x00\x74\x00\x06\xff\xbb\x00\x74\x00\x07\xff\xbb\x00\x74\x00\x08\xff\xbb\x00\x74\x00\x2b\xff\x60\x00\x74\x00\x31\xff\x8a\x00\x74\x00\x32"
"\xff\x99\x00\x74\x00\x33\xff\xc6\x00\x74\x00\x34\xff\x2b\x00\x74\x00\x35\xff\x2b\x00\x74\x00\x37\x00\x14\x00\x74\x00\x38\x00\x14\x00\x74\x00\x39\x00\x14\x00\x74"
"\x00\x3a\x00\x14\x00\x74\x00\x3b\x00\x14\x00\x74\x00\x3c\x00\x14\x00\x74\x00\x3d\x00\x14\x00\x74\x00\x3e\x00\x14\x00\x74\x00\x6c\xff\xda\x00\x74\x00\x6d\xff\xe1"
"\x00\x74\x00\x6e\xff\xd5\x00\x74\x00\x6f\xff\xda\x00\x74\x00\x70\xff\xda\x00\x74\x00\x71\xff\xda\x00\x74\x00\x72\xff\xdb\x00\x74\x00\x7b\xff\xbb\x00\x74\x00\x8a"
"\xff\xe7\x00\x74\x00\x8c\xff\xe7\x00\x74\x00\x8e\xff\xe7\x00\x74\x00\x95\xff\x8a\x00\x74\x00\x9a\xff\x80\x00\x74\x00\x9b\xff\xd2\x00\x74\x00\x9c\xff\xdb\x00\x74"
"\x00\x9d\xff\xdb\x00\x74\x00\x9e\xff\x80\x00\x74\x00\x9f\xff\xd2\x00\x74\x00\xb6\xff\xe9\x00\x74\x00\xb9\xff\xbb\x00\x74\x00\xba\xff\xbb\x00\x75\x00\x01\xff\xeb"
"\x00\x75\x00\x02\xff\xeb\x00\x75\x00\x03\xff\xeb\x00\x75\x00\x04\xff\xeb\x00\x75\x00\x05\xff\xeb\x00\x75\x00\x06\xff\xeb\x00\x75\x00\x07\xff\xeb\x00\x75\x00\x08"
"\xff\xeb\x00\x75\x00\x2b\xff\xf2\x00\x75\x00\x33\xff\xe8\x00\x75\x00\x4e\x00\x5d\x00\x76\x00\x01\xff\xbb\x00\x76\x00\x02\xff\xbb\x00\x76\x00\x03\xff\xbb\x00\x76"
"\x00\x04\xff\xbb\x00\x76\x00\x05\xff\xbb\x00\x76\x00\x06\xff\xbb\x00\x76\x00\x07\xff\xbb\x00\x76\x00\x08\xff\xbb\x00\x76\x00\x2b\xff\x60\x00\x76\x00\x31\xff\x8a"
"\x00\x76\x00\x32\xff\x99\x00\x76\x00\x33\xff\xc6\x00\x76\x00\x34\xff\x2b\x00\x76\x00\x35\xff\x2b\x00\x76\x00\x37\x00\x14\x00\x76\x00\x38\x00\x14\x00\x76\x00\x39"
"\x00\x14\x00\x76\x00\x3a\x00\x14\x00\x76\x00\x3b\x00\x14\x00\x76\x00\x3c\x00\x14\x00\x76\x00\x3d\x00\x14\x00\x76\x00\x3e\x00\x14\x00\x76\x00\x6c\xff\xda\x00\x76"
"\x00\x6d\xff\xe1\x00\x76\x00\x6e\xff\xd5\x00\x76\x00\x6f\xff\xda\x00\x76\x00\x70\xff\xda\x00\x76\x00\x71\xff\xda\x00\x76\x00\x72\xff\xdb\x00\x76\x00\x7b\xff\xbb"
"\x00\x76\x00\x8a\xff\xe7\x00\x76\x00\x8c\xff\xe7\x00\x76\x00\x8e\xff\xe7\x00\x76\x00\x95\xff\x8a\x00\x76\x00\x9a\xff\x80\x00\x76\x00\x9b\xff\xd2\x00\x76\x00\x9c"
"\xff\xdb\x00\x76\x00\x9d\xff\xdb\x00\x76\x00\x9e\xff\x80\x00\x76\x00\x9f\xff\xd2\x00\x76\x00\xb6\xff\xe9\x00\x76\x00\xb9\xff\xbb\x00\x76\x00\xba\xff\xbb\x00\x77"
"\x00\x4c\x00\x45\x00\x77\x00\x4f\x00\x45\x00\x77\x00\x50\x00\x45\x00\x77\x00\x51\x00\x45\x00\x7a\x00\x31\xff\xd6\x00\x7a\x00\x33\xff\xb6\x00\x7a\x00\x34\xff\xbb"
"\x00\x7a\x00\x35\xff\xbb\x00\x7a\x00\x65\x00\x22\x00\x7a\x00\x81\xff\xd8\x00\x7a\x00\x95\xff\xd6\x00\x7a\x00\x9a\xff\xa3\x00\x7a\x00\x9e\xff\xa3\x00\x7a\x00\xa0"
"\xff\xc7\x00\x7a\x00\xa1\xff\xc7\x00\x7a\x00\xa2\xff\xc7\x00\x7a\x00\xb3\xff\xa3\x00\x7b\x00\x4e\x00\x7f\x00\x7b\x00\x65\x00\x1e\x00\x7b\x00\x6c\x00\x11\x00\x7b"
"\x00\x6f\x00\x11\x00\x7b\x00\x70\x00\x11\x00\x7b\x00\x71\x00\x11\x00\x7b\x00\x8a\x00\x19\x00\x7b\x00\x8c\x00\x19\x00\x7b\x00\x8e\x00\x19\x00\x7b\x00\xb3\x00\x19"
"\x00\x7b\x00\xd9\x00\x45\x00\x7c\x00\x7e\xff\xe0\x00\x7d\x00\x33\xff\xd4\x00\x7d\x00\xa0\xff\xd4\x00\x7d\x00\xa1\xff\xd4\x00\x7d\x00\xa2\xff\xd4\x00\x7d\x00\xa8"
"\xff\xbb\x00\x7d\x00\xb4\xff\xed\x00\x7d\x00\xb5\xff\xed\x00\x7d\x00\xb8\xff\xed\x00\x7e\x00\x7b\xff\xbf\x00\x7e\x00\xa0\xff\xbb\x00\x7e\x00\xa1\xff\xbb\x00\x7e"
"\x00\xa2\xff\xbb\x00\x7e\x00\xb4\xff\xc2\x00\x7e\x00\xb5\xff\xc2\x00\x7e\x00\xb6\xff\xf5\x00\x7e\x00\xb8\xff\xc2\x00\x7e\x00\xbb\xff\xa9\x00\x7f\x00\xa0\xff\xce"
"\x00\x7f\x00\xa1\xff\xce\x00\x7f\x00\xa2\xff\xce\x00\x7f\x00\xb4\xff\xf9\x00\x7f\x00\xb5\xff\xf9\x00\x7f\x00\xb6\xff\xf5\x00\x7f\x00\xb8\xff\xf9\x00\x80\x00\xa0"
"\xff\xc0\x00\x80\x00\xa1\xff\xc0\x00\x80\x00\xa2\xff\xc0\x00\x80\x00\xb3\xff\xa3\x00\x81\x00\x01\xff\x23\x00\x81\x00\x02\xff\x23\x00\x81\x00\x03\xff\x23\x00\x81"
"\x00\x04\xff\x23\x00\x81\x00\x05\xff\x23\x00\x81\x00\x06\xff\x23\x00\x81\x00\x07\xff\x23\x00\x81\x00\x08\xff\x23\x00\x81\x00\x1a\xff\x3b\x00\x81\x00\x37\xff\xa3"
"\x00\x81\x00\x38\xff\xa3\x00\x81\x00\x39\xff\xa3\x00\x81\x00\x3a\xff\xa3\x00\x81\x00\x3b\xff\xa3\x00\x81\x00\x3c\xff\xa3\x00\x81\x00\x3d\xff\xa3\x00\x81\x00\x3e"
"\xff\xa3\x00\x81\x00\x41\xff\x98\x00\x81\x00\x42\xff\x98\x00\x81\x00\x43\xff\x98\x00\x81\x00\x44\xff\x98\x00\x81\x00\x45\xff\x98\x00\x81\x00\x46\xff\x98\x00\x81"
"\x00\x47\xff\x98\x00\x81\x00\x48\xff\x98\x00\x81\x00\x4a\xff\x98\x00\x81\x00\x4e\x00\xba\x00\x81\x00\x56\xff\x98\x00\x81\x00\x57\xff\x98\x00\x81\x00\x58\xff\x98"
"\x00\x81\x00\x59\xff\x98\x00\x81\x00\x5a\xff\x98\x00\x81\x00\x5b\xff\x98\x00\x81\x00\x5c\xff\x98\x00\x81\x00\x5d\xff\x98\x00\x81\x00\x5e\xff\x98\x00\x81\x00\x5f"
"\xff\x98\x00\x81\x00\x60\xff\x98\x00\x81\x00\x61\xff\x98\x00\x81\x00\x62\xff\x98\x00\x81\x00\x63\xff\xaf\x00\x81\x00\x74\xff\x98\x00\x81\x00\x76\xff\x98\x00\x81"
"\x00\x7a\xff\xe0\x00\x81\x00\x7d\xff\xde\x00\x81\x00\x7e\xff\x89\x00\x81\x00\x7f\xff\xec\x00\x81\x00\x80\xff\xe0\x00\x81\x00\x81\x00\x28\x00\x81\x00\x82\xff\xe3"
"\x00\x81\x00\x83\xff\xec\x00\x81\x00\x84\xff\xa3\x00\x81\x00\x90\xff\x8c\x00\x81\x00\xa0\xff\x00\x00\x81\x00\xa1\xff\x00\x00\x81\x00\xa2\xff\x00\x00\x81\x00\xa3"
"\xff\xbb\x00\x81\x00\xa4\xff\xbb\x00\x81\x00\xa8\xff\x80\x00\x81\x00\xaa\xff\x46\x00\x81\x00\xb3\xfe\xbb\x00\x82\x00\x33\xff\xd4\x00\x82\x00\xa0\xff\xd4\x00\x82"
"\x00\xa1\xff\xd4\x00\x82\x00\xa2\xff\xd4\x00\x82\x00\xa8\xff\xbb\x00\x82\x00\xb4\xff\xed\x00\x82\x00\xb5\xff\xed\x00\x82\x00\xb8\xff\xed\x00\x83\x00\x31\xff\xd6"
"\x00\x83\x00\x33\xff\xb6\x00\x83\x00\x34\xff\xbb\x00\x83\x00\x35\xff\xbb\x00\x83\x00\x65\x00\x22\x00\x83\x00\x81\xff\xd8\x00\x83\x00\x95\xff\xd6\x00\x83\x00\x9a"
"\xff\xa3\x00\x83\x00\x9e\xff\xa3\x00\x83\x00\xa0\xff\xc7\x00\x83\x00\xa1\xff\xc7\x00\x83\x00\xa2\xff\xc7\x00\x83\x00\xb3\xff\xa3\x00\x84\x00\x2b\xff\x8c\x00\x84"
"\x00\x31\xff\x80\x00\x84\x00\x32\xff\xaf\x00\x84\x00\x34\xff\x69\x00\x84\x00\x35\xff\x69\x00\x84\x00\x6c\xff\xbb\x00\x84\x00\x6d\xff\xbb\x00\x84\x00\x6f\xff\xbb"
"\x00\x84\x00\x70\xff\xbb\x00\x84\x00\x71\xff\xbb\x00\x84\x00\x95\xff\x80\x00\x84\x00\x9a\xff\x46\x00\x84\x00\x9c\xff\xbb\x00\x84\x00\x9d\xff\xbb\x00\x84\x00\x9e"
"\xff\x46\x00\x84\x00\xb6\xff\xd2\x00\x84\x00\xb9\xff\xaf\x00\x84\x00\xba\xff\xaf\x00\x86\x00\x2b\xff\x75\x00\x86\x00\x31\xff\xbb\x00\x86\x00\x34\xff\x75\x00\x86"
"\x00\x35\xff\x75\x00\x86\x00\x95\xff\xbb\x00\x86\x00\x9a\xff\xbb\x00\x86\x00\x9e\xff\xbb\x00\x87\x00\x01\xff\x80\x00\x87\x00\x02\xff\x80\x00\x87\x00\x03\xff\x80"
"\x00\x87\x00\x04\xff\x80\x00\x87\x00\x05\xff\x80\x00\x87\x00\x06\xff\x80\x00\x87\x00\x07\xff\x80\x00\x87\x00\x08\xff\x80\x00\x88\x00\x2b\xff\x75\x00\x88\x00\x31"
"\xff\x2b\x00\x88\x00\x32\xff\x4a\x00\x88\x00\x95\xff\x2b\x00\x88\x00\x9a\xff\x80\x00\x88\x00\x9b\xff\xbb\x00\x88\x00\x9e\xff\x80\x00\x88\x00\x9f\xff\xbb\x00\x89"
"\x00\x09\x00\x19\x00\x89\x00\x0c\x00\x19\x00\x89\x00\x0d\x00\x19\x00\x89\x00\x0e\x00\x19\x00\x89\x00\x0f\x00\x19\x00\x89\x00\x10\x00\x19\x00\x89\x00\x11\x00\x19"
"\x00\x89\x00\x12\x00\x19\x00\x89\x00\x14\x00\x19\x00\x89\x00\x15\x00\x19\x00\x89\x00\x17\x00\x19\x00\x89\x00\x18\x00\x19\x00\x89\x00\x1b\x00\x19\x00\x89\x00\x1c"
"\x00\x19\x00\x89\x00\x1d\x00\x19\x00\x89\x00\x1e\x00\x19\x00\x89\x00\x1f\x00\x19\x00\x89\x00\x27\x00\x19\x00\x89\x00\x29\x00\x19\x00\x89\x00\x3f\x00\x19\x00\x89"
"\x00\x40\x00\x19\x00\x89\x00\x41\xff\xf1\x00\x89\x00\x42\xff\xf1\x00\x89\x00\x43\xff\xf1\x00\x89\x00\x44\xff\xf1\x00\x89\x00\x45\xff\xf1\x00\x89\x00\x46\xff\xf1"
"\x00\x89\x00\x47\xff\xf1\x00\x89\x00\x48\xff\xf1\x00\x89\x00\x4a\xff\xf1\x00\x89\x00\x4b\x00\x19\x00\x89\x00\x53\x00\x25\x00\x89\x00\x54\x00\x19\x00\x89\x00\x55"
"\x00\x19\x00\x89\x00\x56\x00\x19\x00\x89\x00\x57\x00\x19\x00\x89\x00\x58\x00\x19\x00\x89\x00\x59\xff\xf1\x00\x89\x00\x5a\xff\xf1\x00\x89\x00\x5b\xff\xf1\x00\x89"
"\x00\x5c\xff\xf1\x00\x89\x00\x5d\xff\xf1\x00\x89\x00\x5e\xff\xf1\x00\x89\x00\x5f\xff\xf1\x00\x89\x00\x60\x00\x19\x00\x89\x00\x61\xff\xf1\x00\x89\x00\x62\x00\x19"
"\x00\x89\x00\x64\x00\x19\x00\x89\x00\x73\x00\x19\x00\x89\x00\x74\xff\xf1\x00\x89\x00\x76\xff\xf1\x00\x89\x00\x93\x00\x19\x00\x8a\x00\x9a\xff\xbb\x00\x8a\x00\x9e"
"\xff\xbb\x00\x8b\x00\x09\x00\x19\x00\x8b\x00\x0c\x00\x19\x00\x8b\x00\x0d\x00\x19\x00\x8b\x00\x0e\x00\x19\x00\x8b\x00\x0f\x00\x19\x00\x8b\x00\x10\x00\x19\x00\x8b"
"\x00\x11\x00\x19\x00\x8b\x00\x12\x00\x19\x00\x8b\x00\x14\x00\x19\x00\x8b\x00\x15\x00\x19\x00\x8b\x00\x17\x00\x19\x00\x8b\x00\x18\x00\x19\x00\x8b\x00\x1b\x00\x19"
"\x00\x8b\x00\x1c\x00\x19\x00\x8b\x00\x1d\x00\x19\x00\x8b\x00\x1e\x00\x19\x00\x8b\x00\x1f\x00\x19\x00\x8b\x00\x27\x00\x19\x00\x8b\x00\x29\x00\x19\x00\x8b\x00\x3f"
"\x00\x19\x00\x8b\x00\x40\x00\x19\x00\x8b\x00\x41\xff\xf1\x00\x8b\x00\x42\xff\xf1\x00\x8b\x00\x43\xff\xf1\x00\x8b\x00\x44\xff\xf1\x00\x8b\x00\x45\xff\xf1\x00\x8b"
"\x00\x46\xff\xf1\x00\x8b\x00\x47\xff\xf1\x00\x8b\x00\x48\xff\xf1\x00\x8b\x00\x4a\xff\xf1\x00\x8b\x00\x4b\x00\x19\x00\x8b\x00\x53\x00\x25\x00\x8b\x00\x54\x00\x19"
"\x00\x8b\x00\x55\x00\x19\x00\x8b\x00\x56\x00\x19\x00\x8b\x00\x57\x00\x19\x00\x8b\x00\x58\x00\x19\x00\x8b\x00\x59\xff\xf1\x00\x8b\x00\x5a\xff\xf1\x00\x8b\x00\x5b"
"\xff\xf1\x00\x8b\x00\x5c\xff\xf1\x00\x8b\x00\x5d\xff\xf1\x00\x8b\x00\x5e\xff\xf1\x00\x8b\x00\x5f\xff\xf1\x00\x8b\x00\x60\x00\x19\x00\x8b\x00\x61\xff\xf1\x00\x8b"
"\x00\x62\x00\x19\x00\x8b\x00\x64\x00\x19\x00\x8b\x00\x73\x00\x19\x00\x8b\x00\x74\xff\xf1\x00\x8b\x00\x76\xff\xf1\x00\x8b\x00\x93\x00\x19\x00\x8c\x00\x9a\xff\xbb"
"\x00\x8c\x00\x9e\xff\xbb\x00\x8d\x00\x09\x00\x19\x00\x8d\x00\x0c\x00\x19\x00\x8d\x00\x0d\x00\x19\x00\x8d\x00\x0e\x00\x19\x00\x8d\x00\x0f\x00\x19\x00\x8d\x00\x10"
"\x00\x19\x00\x8d\x00\x11\x00\x19\x00\x8d\x00\x12\x00\x19\x00\x8d\x00\x14\x00\x19\x00\x8d\x00\x15\x00\x19\x00\x8d\x00\x17\x00\x19\x00\x8d\x00\x18\x00\x19\x00\x8d"
"\x00\x1b\x00\x19\x00\x8d\x00\x1c\x00\x19\x00\x8d\x00\x1d\x00\x19\x00\x8d\x00\x1e\x00\x19\x00\x8d\x00\x1f\x00\x19\x00\x8d\x00\x27\x00\x19\x00\x8d\x00\x29\x00\x19"
"\x00\x8d\x00\x3f\x00\x19\x00\x8d\x00\x40\x00\x19\x00\x8d\x00\x41\xff\xf1\x00\x8d\x00\x42\xff\xf1\x00\x8d\x00\x43\xff\xf1\x00\x8d\x00\x44\xff\xf1\x00\x8d\x00\x45"
"\xff\xf1\x00\x8d\x00\x46\xff\xf1\x00\x8d\x00\x47\xff\xf1\x00\x8d\x00\x48\xff\xf1\x00\x8d\x00\x4a\xff\xf1\x00\x8d\x00\x4b\x00\x19\x00\x8d\x00\x53\x00\x25\x00\x8d"
"\x00\x54\x00\x19\x00\x8d\x00\x55\x00\x19\x00\x8d\x00\x56\x00\x19\x00\x8d\x00\x57\x00\x19\x00\x8d\x00\x58\x00\x19\x00\x8d\x00\x59\xff\xf1\x00\x8d\x00\x5a\xff\xf1"
"\x00\x8d\x00\x5b\xff\xf1\x00\x8d\x00\x5c\xff\xf1\x00\x8d\x00\x5d\xff\xf1\x00\x8d\x00\x5e\xff\xf1\x00\x8d\x00\x5f\xff\xf1\x00\x8d\x00\x60\x00\x19\x00\x8d\x00\x61"
"\xff\xf1\x00\x8d\x00\x62\x00\x19\x00\x8d\x00\x64\x00\x19\x00\x8d\x00\x73\x00\x19\x00\x8d\x00\x74\xff\xf1\x00\x8d\x00\x76\xff\xf1\x00\x8d\x00\x93\x00\x19\x00\x8e"
"\x00\x9a\xff\xbb\x00\x8e\x00\x9e\xff\xbb\x00\x8f\x00\x01\xff\xaf\x00\x8f\x00\x02\xff\xaf\x00\x8f\x00\x03\xff\xaf\x00\x8f\x00\x04\xff\xaf\x00\x8f\x00\x05\xff\xaf"
"\x00\x8f\x00\x06\xff\xaf\x00\x8f\x00\x07\xff\xaf\x00\x8f\x00\x08\xff\xaf\x00\x8f\x00\x2b\xff\xc0\x00\x8f\x00\x31\xff\xb2\x00\x8f\x00\x32\xff\xdf\x00\x8f\x00\x33"
"\xff\xa1\x00\x8f\x00\x34\xff\xae\x00\x8f\x00\x35\xff\xae\x00\x8f\x00\x92\xff\xaf\x00\x8f\x00\x95\xff\xb2\x00\x8f\x00\x9a\xff\xbb\x00\x8f\x00\x9e\xff\xbb\x00\x8f"
"\x00\xa0\xff\xa6\x00\x8f\x00\xa1\xff\xa6\x00\x8f\x00\xa2\xff\xa6\x00\x8f\x00\xb3\xff\xaf\x00\x8f\x00\xb6\xff\xf5\x00\x92\x00\x01\xff\xce\x00\x92\x00\x02\xff\xce"
"\x00\x92\x00\x03\xff\xce\x00\x92\x00\x04\xff\xce\x00\x92\x00\x05\xff\xce\x00\x92\x00\x06\xff\xce\x00\x92\x00\x07\xff\xce\x00\x92\x00\x08\xff\xce\x00\x92\x00\x1a"
"\xff\x80\x00\x92\x00\x31\x00\x0a\x00\x92\x00\x32\x00\x0a\x00\x92\x00\x95\x00\x0a\x00\x92\x00\xa0\xff\xaf\x00\x92\x00\xa1\xff\xaf\x00\x92\x00\xa2\xff\xaf\x00\x93"
"\x00\x4e\x00\x7f\x00\x93\x00\x65\x00\x1e\x00\x93\x00\x6c\x00\x11\x00\x93\x00\x6f\x00\x11\x00\x93\x00\x70\x00\x11\x00\x93\x00\x71\x00\x11\x00\x93\x00\x8a\x00\x19"
"\x00\x93\x00\x8c\x00\x19\x00\x93\x00\x8e\x00\x19\x00\x93\x00\xb3\x00\x19\x00\x93\x00\xd9\x00\x45\x00\x95\x00\x01\x00\x1e\x00\x95\x00\x02\x00\x1e\x00\x95\x00\x03"
"\x00\x1e\x00\x95\x00\x04\x00\x1e\x00\x95\x00\x05\x00\x1e\x00\x95\x00\x06\x00\x1e\x00\x95\x00\x07\x00\x1e\x00\x95\x00\x08\x00\x1e\x00\x95\x00\x0a\xff\xaf\x00\x95"
"\x00\x0b\xff\xaf\x00\x95\x00\x13\xff\xaf\x00\x95\x00\x20\xff\xaf\x00\x95\x00\x21\xff\xaf\x00\x95\x00\x22\xff\xaf\x00\x95\x00\x23\xff\xaf\x00\x95\x00\x24\xff\xaf"
"\x00\x95\x00\x25\xff\xaf\x00\x95\x00\x26\xff\xaf\x00\x95\x00\x28\xff\xaf\x00\x95\x00\x2a\xff\xeb\x00\x95\x00\x2b\xff\xaf\x00\x95\x00\x2c\xff\xd8\x00\x95\x00\x2d"
"\xff\xd8\x00\x95\x00\x2e\xff\xd8\x00\x95\x00\x2f\xff\xd8\x00\x95\x00\x30\xff\xd8\x00\x95\x00\x31\xff\x9c\x00\x95\x00\x32\xff\x8b\x00\x95\x00\x34\xff\x62\x00\x95"
"\x00\x35\xff\x62\x00\x95\x00\x41\xff\xe1\x00\x95\x00\x42\xff\xe1\x00\x95\x00\x43\xff\xe1\x00\x95\x00\x44\xff\xe1\x00\x95\x00\x45\xff\xe1\x00\x95\x00\x46\xff\xe1"
"\x00\x95\x00\x47\xff\xe1\x00\x95\x00\x48\xff\xe1\x00\x95\x00\x49\xff\xf4\x00\x95\x00\x4a\xff\xe1\x00\x95\x00\x4c\x00\x07\x00\x95\x00\x4f\x00\x07\x00\x95\x00\x50"
"\x00\x07\x00\x95\x00\x51\x00\x07\x00\x95\x00\x59\xff\xe1\x00\x95\x00\x5a\xff\xe1\x00\x95\x00\x5b\xff\xe1\x00\x95\x00\x5c\xff\xe1\x00\x95\x00\x5d\xff\xe1\x00\x95"
"\x00\x5e\xff\xe1\x00\x95\x00\x5f\xff\xe1\x00\x95\x00\x61\xff\xe1\x00\x95\x00\x63\xff\xf1\x00\x95\x00\x65\xff\xce\x00\x95\x00\x6c\xff\x98\x00\x95\x00\x6d\xff\x75"
"\x00\x95\x00\x6f\xff\x98\x00\x95\x00\x70\xff\x98\x00\x95\x00\x71\xff\x98\x00\x95\x00\x74\xff\xe1\x00\x95\x00\x75\xff\xeb\x00\x95\x00\x76\xff\xe1\x00\x95\x00\x7b"
"\xff\xa5\x00\x95\x00\x87\xff\x80\x00\x95\x00\x8f\xff\xaf\x00\x95\x00\x92\x00\x1d\x00\x95\x00\x95\xff\x9c\x00\x95\x00\x96\xff\xbb\x00\x95\x00\x99\xff\xbb\x00\x95"
"\x00\x9a\xff\xa9\x00\x95\x00\x9b\xff\x8c\x00\x95\x00\x9c\xff\x5e\x00\x95\x00\x9d\xff\x5e\x00\x95\x00\x9e\xff\xa9\x00\x95\x00\x9f\xff\x8c\x00\x95\x00\xa5\xff\xbb"
"\x00\x95\x00\xa8\xff\xbb\x00\x95\x00\xa9\xff\xbb\x00\x95\x00\xaa\xff\xcc\x00\x95\x00\xac\xff\x98\x00\x95\x00\xad\xff\xbb\x00\x95\x00\xae\xff\xbb\x00\x95\x00\xaf"
"\xff\xbb\x00\x95\x00\xb0\xff\x98\x00\x95\x00\xb1\xff\xbb\x00\x95\x00\xb2\xff\xbb\x00\x95\x00\xb4\xff\x49\x00\x95\x00\xb5\xff\x49\x00\x95\x00\xb6\xff\x6f\x00\x95"
"\x00\xb7\xff\xaf\x00\x95\x00\xb8\xff\x49\x00\x95\x00\xb9\xff\x69\x00\x95\x00\xba\xff\x69\x00\x95\x00\xbb\xff\x98\x00\x95\x00\xd5\xff\xbb\x00\x96\x00\x01\xff\xbb"
"\x00\x96\x00\x02\xff\xbb\x00\x96\x00\x03\xff\xbb\x00\x96\x00\x04\xff\xbb\x00\x96\x00\x05\xff\xbb\x00\x96\x00\x06\xff\xbb\x00\x96\x00\x07\xff\xbb\x00\x96\x00\x08"
"\xff\xbb\x00\x96\x00\x1a\xff\xa3\x00\x96\x00\x2b\xff\x65\x00\x96\x00\x31\xff\xa0\x00\x96\x00\x32\xff\xbd\x00\x96\x00\x33\xff\xb2\x00\x96\x00\x34\xff\x73\x00\x96"
"\x00\x35\xff\x73\x00\x96\x00\x6e\xff\xd2\x00\x96\x00\x7c\xff\xcc\x00\x96\x00\x7d\xff\xf1\x00\x96\x00\x81\xff\xca\x00\x96\x00\x95\xff\xa0\x00\x96\x00\x9a\xff\xae"
"\x00\x96\x00\x9e\xff\xae\x00\x96\x00\xbb\xff\xea\x00\x99\x00\x01\xff\xbb\x00\x99\x00\x02\xff\xbb\x00\x99\x00\x03\xff\xbb\x00\x99\x00\x04\xff\xbb\x00\x99\x00\x05"
"\xff\xbb\x00\x99\x00\x06\xff\xbb\x00\x99\x00\x07\xff\xbb\x00\x99\x00\x08\xff\xbb\x00\x99\x00\x2b\xff\xbb\x00\x99\x00\x31\xff\xaf\x00\x99\x00\x33\xff\xa3\x00\x99"
"\x00\x34\xff\xa3\x00\x99\x00\x35\xff\xa3\x00\x99\x00\x95\xff\xaf\x00\x9a\x00\x01\xff\x3b\x00\x9a\x00\x02\xff\x3b\x00\x9a\x00\x03\xff\x3b\x00\x9a\x00\x04\xff\x3b"
"\x00\x9a\x00\x05\xff\x3b\x00\x9a\x00\x06\xff\x3b\x00\x9a\x00\x07\xff\x3b\x00\x9a\x00\x08\xff\x3b\x00\x9a\x00\x1a\xfe\xd2\x00\x9a\x00\x41\xff\xb0\x00\x9a\x00\x42"
"\xff\xb0\x00\x9a\x00\x43\xff\xb0\x00\x9a\x00\x44\xff\xb0\x00\x9a\x00\x45\xff\xb0\x00\x9a\x00\x46\xff\xb0\x00\x9a\x00\x47\xff\xb0\x00\x9a\x00\x48\xff\xb0\x00\x9a"
"\x00\x4a\xff\xb0\x00\x9a\x00\x59\xff\xb0\x00\x9a\x00\x5a\xff\xb0\x00\x9a\x00\x5b\xff\xb0\x00\x9a\x00\x5c\xff\xb0\x00\x9a\x00\x5d\xff\xb0\x00\x9a\x00\x5e\xff\xb0"
"\x00\x9a\x00\x5f\xff\xb0\x00\x9a\x00\x61\xff\xb0\x00\x9a\x00\x63\xff\xdc\x00\x9a\x00\x74\xff\xb0\x00\x9a\x00\x76\xff\xb0\x00\x9a\x00\x7e\xff\x80\x00\x9a\x00\x84"
"\xff\x80\x00\x9a\x00\x88\xff\x80\x00\x9a\x00\x92\xff\x3b\x00\x9a\x00\xa0\xff\x34\x00\x9a\x00\xa1\xff\x34\x00\x9a\x00\xa2\xff\x34\x00\x9b\x00\x01\xfe\xe8\x00\x9b"
"\x00\x02\xfe\xe8\x00\x9b\x00\x03\xfe\xe8\x00\x9b\x00\x04\xfe\xe8\x00\x9b\x00\x05\xfe\xe8\x00\x9b\x00\x06\xfe\xe8\x00\x9b\x00\x07\xfe\xe8\x00\x9b\x00\x08\xfe\xe8"
"\x00\x9b\x00\x0a\xff\x8c\x00\x9b\x00\x0b\xff\x8c\x00\x9b\x00\x13\xff\x8c\x00\x9b\x00\x1a\xff\x00\x00\x9b\x00\x20\xff\x8c\x00\x9b\x00\x21\xff\x8c\x00\x9b\x00\x22"
"\xff\x8c\x00\x9b\x00\x23\xff\x8c\x00\x9b\x00\x24\xff\x8c\x00\x9b\x00\x25\xff\x8c\x00\x9b\x00\x26\xff\x8c\x00\x9b\x00\x28\xff\x8c\x00\x9b\x00\x37\xff\x8c\x00\x9b"
"\x00\x38\xff\x8c\x00\x9b\x00\x39\xff\x8c\x00\x9b\x00\x3a\xff\x8c\x00\x9b\x00\x3b\xff\x8c\x00\x9b\x00\x3c\xff\x8c\x00\x9b\x00\x3d\xff\x8c\x00\x9b\x00\x3e\xff\x8c"
"\x00\x9b\x00\x41\xff\x80\x00\x9b\x00\x42\xff\x80\x00\x9b\x00\x43\xff\x80\x00\x9b\x00\x44\xff\x80\x00\x9b\x00\x45\xff\x80\x00\x9b\x00\x46\xff\x80\x00\x9b\x00\x47"
"\xff\x80\x00\x9b\x00\x48\xff\x80\x00\x9b\x00\x4a\xff\x80\x00\x9b\x00\x56\xff\xcb\x00\x9b\x00\x57\xff\xcb\x00\x9b\x00\x58\xff\xcb\x00\x9b\x00\x59\xff\x80\x00\x9b"
"\x00\x5a\xff\x80\x00\x9b\x00\x5b\xff\x80\x00\x9b\x00\x5c\xff\x80\x00\x9b\x00\x5d\xff\x80\x00\x9b\x00\x5e\xff\x80\x00\x9b\x00\x5f\xff\x80\x00\x9b\x00\x60\xff\xcb"
"\x00\x9b\x00\x61\xff\x80\x00\x9b\x00\x62\xff\xcb\x00\x9b\x00\x63\xff\x6d\x00\x9b\x00\x65\x00\x13\x00\x9b\x00\x66\xff\xaf\x00\x9b\x00\x67\xff\xaf\x00\x9b\x00\x68"
"\xff\xa3\x00\x9b\x00\x69\xff\xaf\x00\x9b\x00\x6a\xff\xaf\x00\x9b\x00\x6b\xff\xaf\x00\x9b\x00\x6c\x00\x13\x00\x9b\x00\x6f\x00\x13\x00\x9b\x00\x70\x00\x13\x00\x9b"
"\x00\x71\x00\x13\x00\x9b\x00\x74\xff\x80\x00\x9b\x00\x76\xff\x80\x00\x9b\x00\x7a\xff\xa3\x00\x9b\x00\x7e\xff\x3b\x00\x9b\x00\x80\xff\xa3\x00\x9b\x00\x81\xff\x80"
"\x00\x9b\x00\x82\xff\xaf\x00\x9b\x00\x84\xff\x75\x00\x9b\x00\x88\xff\x75\x00\x9b\x00\x8f\xff\x8c\x00\x9b\x00\x90\xff\x00\x00\x9b\x00\x92\xfe\xde\x00\x9b\x00\x96"
"\xff\x8d\x00\x9b\x00\xa0\xff\x0c\x00\x9b\x00\xa1\xff\x0c\x00\x9b\x00\xa2\xff\x0c\x00\x9b\x00\xa3\xff\x8c\x00\x9b\x00\xa4\xff\x8c\x00\x9b\x00\xa5\xff\x8d\x00\x9b"
"\x00\xa8\xff\x52\x00\x9b\x00\xaa\xff\x3b\x00\x9b\x00\xac\xff\x8c\x00\x9b\x00\xad\xff\x8d\x00\x9b\x00\xaf\xff\x8d\x00\x9b\x00\xb0\xff\x8c\x00\x9b\x00\xb1\xff\xa3"
"\x00\x9b\x00\xb2\xff\x8d\x00\x9b\x00\xb3\xff\xaf\x00\x9b\x00\xb7\xff\x8c\x00\x9b\x00\xbb\xff\xe9\x00\x9b\x00\xd5\xff\x8d\x00\x9c\x00\x01\xff\x5e\x00\x9c\x00\x02"
"\xff\x5e\x00\x9c\x00\x03\xff\x5e\x00\x9c\x00\x04\xff\x5e\x00\x9c\x00\x05\xff\x5e\x00\x9c\x00\x06\xff\x5e\x00\x9c\x00\x07\xff\x5e\x00\x9c\x00\x08\xff\x5e\x00\x9c"
"\x00\x1a\xfe\xaf\x00\x9c\x00\x41\xff\xdb\x00\x9c\x00\x42\xff\xdb\x00\x9c\x00\x43\xff\xdb\x00\x9c\x00\x44\xff\xdb\x00\x9c\x00\x45\xff\xdb\x00\x9c\x00\x46\xff\xdb"
"\x00\x9c\x00\x47\xff\xdb\x00\x9c\x00\x48\xff\xdb\x00\x9c\x00\x4a\xff\xdb\x00\x9c\x00\x59\xff\xdb\x00\x9c\x00\x5a\xff\xdb\x00\x9c\x00\x5b\xff\xdb\x00\x9c\x00\x5c"
"\xff\xdb\x00\x9c\x00\x5d\xff\xdb\x00\x9c\x00\x5e\xff\xdb\x00\x9c\x00\x5f\xff\xdb\x00\x9c\x00\x61\xff\xdb\x00\x9c\x00\x63\xff\xf5\x00\x9c\x00\x74\xff\xdb\x00\x9c"
"\x00\x76\xff\xdb\x00\x9c\x00\x7e\xff\x80\x00\x9c\x00\x84\xff\xbb\x00\x9c\x00\xa0\xff\x4e\x00\x9c\x00\xa1\xff\x4e\x00\x9c\x00\xa2\xff\x4e\x00\x9d\x00\x01\xff\x5e"
"\x00\x9d\x00\x02\xff\x5e\x00\x9d\x00\x03\xff\x5e\x00\x9d\x00\x04\xff\x5e\x00\x9d\x00\x05\xff\x5e\x00\x9d\x00\x06\xff\x5e\x00\x9d\x00\x07\xff\x5e\x00\x9d\x00\x08"
"\xff\x5e\x00\x9d\x00\x1a\xfe\xaf\x00\x9d\x00\x41\xff\xdb\x00\x9d\x00\x42\xff\xdb\x00\x9d\x00\x43\xff\xdb\x00\x9d\x00\x44\xff\xdb\x00\x9d\x00\x45\xff\xdb\x00\x9d"
"\x00\x46\xff\xdb\x00\x9d\x00\x47\xff\xdb\x00\x9d\x00\x48\xff\xdb\x00\x9d\x00\x4a\xff\xdb\x00\x9d\x00\x59\xff\xdb\x00\x9d\x00\x5a\xff\xdb\x00\x9d\x00\x5b\xff\xdb"
"\x00\x9d\x00\x5c\xff\xdb\x00\x9d\x00\x5d\xff\xdb\x00\x9d\x00\x5e\xff\xdb\x00\x9d\x00\x5f\xff\xdb\x00\x9d\x00\x61\xff\xdb\x00\x9d\x00\x63\xff\xf5\x00\x9d\x00\x74"
"\xff\xdb\x00\x9d\x00\x76\xff\xdb\x00\x9d\x00\x7e\xff\x80\x00\x9d\x00\x84\xff\xbb\x00\x9d\x00\xa0\xff\x4e\x00\x9d\x00\xa1\xff\x4e\x00\x9d\x00\xa2\xff\x4e\x00\x9e"
"\x00\x01\xff\x3b\x00\x9e\x00\x02\xff\x3b\x00\x9e\x00\x03\xff\x3b\x00\x9e\x00\x04\xff\x3b\x00\x9e\x00\x05\xff\x3b\x00\x9e\x00\x06\xff\x3b\x00\x9e\x00\x07\xff\x3b"
"\x00\x9e\x00\x08\xff\x3b\x00\x9e\x00\x1a\xfe\xd2\x00\x9e\x00\x41\xff\xb0\x00\x9e\x00\x42\xff\xb0\x00\x9e\x00\x43\xff\xb0\x00\x9e\x00\x44\xff\xb0\x00\x9e\x00\x45"
"\xff\xb0\x00\x9e\x00\x46\xff\xb0\x00\x9e\x00\x47\xff\xb0\x00\x9e\x00\x48\xff\xb0\x00\x9e\x00\x4a\xff\xb0\x00\x9e\x00\x59\xff\xb0\x00\x9e\x00\x5a\xff\xb0\x00\x9e"
"\x00\x5b\xff\xb0\x00\x9e\x00\x5c\xff\xb0\x00\x9e\x00\x5d\xff\xb0\x00\x9e\x00\x5e\xff\xb0\x00\x9e\x00\x5f\xff\xb0\x00\x9e\x00\x61\xff\xb0\x00\x9e\x00\x63\xff\xdc"
"\x00\x9e\x00\x74\xff\xb0\x00\x9e\x00\x76\xff\xb0\x00\x9e\x00\x7e\xff\x80\x00\x9e\x00\x84\xff\x80\x00\x9e\x00\x88\xff\x80\x00\x9e\x00\x92\xff\x3b\x00\x9e\x00\xa0"
"\xff\x34\x00\x9e\x00\xa1\xff\x34\x00\x9e\x00\xa2\xff\x34\x00\x9f\x00\x01\xfe\xe8\x00\x9f\x00\x02\xfe\xe8\x00\x9f\x00\x03\xfe\xe8\x00\x9f\x00\x04\xfe\xe8\x00\x9f"
"\x00\x05\xfe\xe8\x00\x9f\x00\x06\xfe\xe8\x00\x9f\x00\x07\xfe\xe8\x00\x9f\x00\x08\xfe\xe8\x00\x9f\x00\x0a\xff\x8c\x00\x9f\x00\x0b\xff\x8c\x00\x9f\x00\x13\xff\x8c"
"\x00\x9f\x00\x1a\xff\x00\x00\x9f\x00\x20\xff\x8c\x00\x9f\x00\x21\xff\x8c\x00\x9f\x00\x22\xff\x8c\x00\x9f\x00\x23\xff\x8c\x00\x9f\x00\x24\xff\x8c\x00\x9f\x00\x25"
"\xff\x8c\x00\x9f\x00\x26\xff\x8c\x00\x9f\x00\x28\xff\x8c\x00\x9f\x00\x37\xff\x8c\x00\x9f\x00\x38\xff\x8c\x00\x9f\x00\x39\xff\x8c\x00\x9f\x00\x3a\xff\x8c\x00\x9f"
"\x00\x3b\xff\x8c\x00\x9f\x00\x3c\xff\x8c\x00\x9f\x00\x3d\xff\x8c\x00\x9f\x00\x3e\xff\x8c\x00\x9f\x00\x41\xff\x80\x00\x9f\x00\x42\xff\x80\x00\x9f\x00\x43\xff\x80"
"\x00\x9f\x00\x44\xff\x80\x00\x9f\x00\x45\xff\x80\x00\x9f\x00\x46\xff\x80\x00\x9f\x00\x47\xff\x80\x00\x9f\x00\x48\xff\x80\x00\x9f\x00\x4a\xff\x80\x00\x9f\x00\x56"
"\xff\xcb\x00\x9f\x00\x57\xff\xcb\x00\x9f\x00\x58\xff\xcb\x00\x9f\x00\x59\xff\x80\x00\x9f\x00\x5a\xff\x80\x00\x9f\x00\x5b\xff\x80\x00\x9f\x00\x5c\xff\x80\x00\x9f"
"\x00\x5d\xff\x80\x00\x9f\x00\x5e\xff\x80\x00\x9f\x00\x5f\xff\x80\x00\x9f\x00\x60\xff\xcb\x00\x9f\x00\x61\xff\x80\x00\x9f\x00\x62\xff\xcb\x00\x9f\x00\x63\xff\x6d"
"\x00\x9f\x00\x65\x00\x13\x00\x9f\x00\x66\xff\xaf\x00\x9f\x00\x67\xff\xaf\x00\x9f\x00\x68\xff\xa3\x00\x9f\x00\x69\xff\xaf\x00\x9f\x00\x6a\xff\xaf\x00\x9f\x00\x6b"
"\xff\xaf\x00\x9f\x00\x6c\x00\x13\x00\x9f\x00\x6f\x00\x13\x00\x9f\x00\x70\x00\x13\x00\x9f\x00\x71\x00\x13\x00\x9f\x00\x74\xff\x80\x00\x9f\x00\x76\xff\x80\x00\x9f"
"\x00\x7a\xff\xa3\x00\x9f\x00\x7e\xff\x3b\x00\x9f\x00\x80\xff\xa3\x00\x9f\x00\x81\xff\x80\x00\x9f\x00\x82\xff\xaf\x00\x9f\x00\x84\xff\x75\x00\x9f\x00\x88\xff\x75"
"\x00\x9f\x00\x8f\xff\x8c\x00\x9f\x00\x90\xff\x00\x00\x9f\x00\x92\xfe\xde\x00\x9f\x00\x96\xff\x8d\x00\x9f\x00\xa0\xff\x0c\x00\x9f\x00\xa1\xff\x0c\x00\x9f\x00\xa2"
"\xff\x0c\x00\x9f\x00\xa3\xff\x8c\x00\x9f\x00\xa4\xff\x8c\x00\x9f\x00\xa5\xff\x8d\x00\x9f\x00\xa8\xff\x52\x00\x9f\x00\xaa\xff\x3b\x00\x9f\x00\xac\xff\x8c\x00\x9f"
"\x00\xad\xff\x8d\x00\x9f\x00\xaf\xff\x8d\x00\x9f\x00\xb0\xff\x8c\x00\x9f\x00\xb1\xff\xa3\x00\x9f\x00\xb2\xff\x8d\x00\x9f\x00\xb3\xff\xaf\x00\x9f\x00\xb7\xff\x8c"
"\x00\x9f\x00\xbb\xff\xe9\x00\x9f\x00\xd5\xff\x8d\x00\xa0\x00\x0a\xff\xa6\x00\xa0\x00\x0b\xff\xa6\x00\xa0\x00\x13\xff\xa6\x00\xa0\x00\x20\xff\xa6\x00\xa0\x00\x21"
"\xff\xa6\x00\xa0\x00\x22\xff\xa6\x00\xa0\x00\x23\xff\xa6\x00\xa0\x00\x24\xff\xa6\x00\xa0\x00\x25\xff\xa6\x00\xa0\x00\x26\xff\xa6\x00\xa0\x00\x28\xff\xa6\x00\xa0"
"\x00\x2b\xff\xbb\x00\xa0\x00\x34\xff\x91\x00\xa0\x00\x35\xff\x91\x00\xa0\x00\x7a\xff\xc7\x00\xa0\x00\x7b\xff\x4a\x00\xa0\x00\x7d\xff\xce\x00\xa0\x00\x7f\xff\xed"
"\x00\xa0\x00\x80\xff\xc7\x00\xa0\x00\x81\xff\xd4\x00\xa0\x00\x82\xff\xca\x00\xa0\x00\x83\xff\xea\x00\xa0\x00\x85\xff\xef\x00\xa0\x00\x87\xff\x4c\x00\xa0\x00\x8f"
"\xff\xa6\x00\xa0\x00\x9b\xff\x58\x00\xa0\x00\x9c\xff\x41\x00\xa0\x00\x9d\xff\x41\x00\xa0\x00\x9f\xff\x58\x00\xa0\x00\xb7\xff\xa6\x00\xa0\x00\xbb\xff\x98\x00\xa0"
"\x00\xd2\xff\xd6\x00\xa1\x00\x0a\xff\xa6\x00\xa1\x00\x0b\xff\xa6\x00\xa1\x00\x13\xff\xa6\x00\xa1\x00\x20\xff\xa6\x00\xa1\x00\x21\xff\xa6\x00\xa1\x00\x22\xff\xa6"
"\x00\xa1\x00\x23\xff\xa6\x00\xa1\x00\x24\xff\xa6\x00\xa1\x00\x25\xff\xa6\x00\xa1\x00\x26\xff\xa6\x00\xa1\x00\x28\xff\xa6\x00\xa1\x00\x2b\xff\xbb\x00\xa1\x00\x34"
"\xff\x91\x00\xa1\x00\x35\xff\x91\x00\xa1\x00\x7a\xff\xc7\x00\xa1\x00\x7b\xff\x4a\x00\xa1\x00\x7d\xff\xce\x00\xa1\x00\x7f\xff\xed\x00\xa1\x00\x80\xff\xc7\x00\xa1"
"\x00\x81\xff\xd4\x00\xa1\x00\x82\xff\xca\x00\xa1\x00\x83\xff\xea\x00\xa1\x00\x85\xff\xef\x00\xa1\x00\x87\xff\x4c\x00\xa1\x00\x8f\xff\xa6\x00\xa1\x00\x9b\xff\x58"
"\x00\xa1\x00\x9c\xff\x41\x00\xa1\x00\x9d\xff\x41\x00\xa1\x00\x9f\xff\x58\x00\xa1\x00\xb7\xff\xa6\x00\xa1\x00\xbb\xff\x98\x00\xa1\x00\xd2\xff\xd6\x00\xa2\x00\x0a"
"\xff\xa6\x00\xa2\x00\x0b\xff\xa6\x00\xa2\x00\x13\xff\xa6\x00\xa2\x00\x20\xff\xa6\x00\xa2\x00\x21\xff\xa6\x00\xa2\x00\x22\xff\xa6\x00\xa2\x00\x23\xff\xa6\x00\xa2"
"\x00\x24\xff\xa6\x00\xa2\x00\x25\xff\xa6\x00\xa2\x00\x26\xff\xa6\x00\xa2\x00\x28\xff\xa6\x00\xa2\x00\x2b\xff\xbb\x00\xa2\x00\x34\xff\x91\x00\xa2\x00\x35\xff\x91"
"\x00\xa2\x00\x7a\xff\xc7\x00\xa2\x00\x7b\xff\x4a\x00\xa2\x00\x7d\xff\xce\x00\xa2\x00\x7f\xff\xed\x00\xa2\x00\x80\xff\xc7\x00\xa2\x00\x81\xff\xd4\x00\xa2\x00\x82"
"\xff\xca\x00\xa2\x00\x83\xff\xea\x00\xa2\x00\x85\xff\xef\x00\xa2\x00\x87\xff\x4c\x00\xa2\x00\x8f\xff\xa6\x00\xa2\x00\x9b\xff\x58\x00\xa2\x00\x9c\xff\x41\x00\xa2"
"\x00\x9d\xff\x41\x00\xa2\x00\x9f\xff\x58\x00\xa2\x00\xb7\xff\xa6\x00\xa2\x00\xbb\xff\x98\x00\xa2\x00\xd2\xff\xd6\x00\xa3\x00\x2b\xff\xbb\x00\xa3\x00\x31\xff\x80"
"\x00\xa3\x00\x95\xff\x80\x00\xa3\x00\x9a\xff\xa3\x00\xa3\x00\x9e\xff\xa3\x00\xa4\x00\x2b\xff\xbb\x00\xa4\x00\x31\xff\x80\x00\xa4\x00\x95\xff\x80\x00\xa4\x00\x9a"
"\xff\xa3\x00\xa4\x00\x9e\xff\xa3\x00\xa5\x00\x01\xff\xbb\x00\xa5\x00\x02\xff\xbb\x00\xa5\x00\x03\xff\xbb\x00\xa5\x00\x04\xff\xbb\x00\xa5\x00\x05\xff\xbb\x00\xa5"
"\x00\x06\xff\xbb\x00\xa5\x00\x07\xff\xbb\x00\xa5\x00\x08\xff\xbb\x00\xa5\x00\x1a\xff\xa3\x00\xa5\x00\x2b\xff\x5e\x00\xa5\x00\x31\xff\xaf\x00\xa5\x00\x32\xff\xbd"
"\x00\xa5\x00\x33\xff\xa3\x00\xa5\x00\x34\xff\x98\x00\xa5\x00\x35\xff\x98\x00\xa5\x00\x6e\xff\xd2\x00\xa5\x00\x7c\xff\xcc\x00\xa5\x00\x7d\xff\xf1\x00\xa5\x00\x81"
"\xff\xca\x00\xa5\x00\x95\xff\xaf\x00\xa5\x00\x9a\xff\xae\x00\xa5\x00\x9e\xff\xae\x00\xa5\x00\xbb\xff\xea\x00\xa8\x00\x01\xff\xbb\x00\xa8\x00\x02\xff\xbb\x00\xa8"
"\x00\x03\xff\xbb\x00\xa8\x00\x04\xff\xbb\x00\xa8\x00\x05\xff\xbb\x00\xa8\x00\x06\xff\xbb\x00\xa8\x00\x07\xff\xbb\x00\xa8\x00\x08\xff\xbb\x00\xa8\x00\x2b\xff\x98"
"\x00\xa8\x00\x34\xff\x80\x00\xa8\x00\x35\xff\x80\x00\xa9\x00\x01\xff\xbb\x00\xa9\x00\x02\xff\xbb\x00\xa9\x00\x03\xff\xbb\x00\xa9\x00\x04\xff\xbb\x00\xa9\x00\x05"
"\xff\xbb\x00\xa9\x00\x06\xff\xbb\x00\xa9\x00\x07\xff\xbb\x00\xa9\x00\x08\xff\xbb\x00\xa9\x00\x2b\xfe\xf5\x00\xa9\x00\x31\xff\x80\x00\xa9\x00\x32\xff\x8c\x00\xa9"
"\x00\x33\xff\xaf\x00\xa9\x00\x34\xff\x46\x00\xa9\x00\x35\xff\x46\x00\xa9\x00\x36\xff\xbb\x00\xa9\x00\x6c\xff\xbb\x00\xa9\x00\x6d\xff\xbb\x00\xa9\x00\x6e\xff\xbb"
"\x00\xa9\x00\x6f\xff\xbb\x00\xa9\x00\x70\xff\xbb\x00\xa9\x00\x71\xff\xbb\x00\xa9\x00\x7b\xff\xaf\x00\xa9\x00\x7c\xff\x98\x00\xa9\x00\x7d\xff\xa3\x00\xa9\x00\x81"
"\xff\x98\x00\xa9\x00\x82\xff\xbb\x00\xa9\x00\x95\xff\x80\x00\xa9\x00\x9a\xff\x52\x00\xa9\x00\x9e\xff\x52\x00\xab\x00\x01\xff\xcc\x00\xab\x00\x02\xff\xcc\x00\xab"
"\x00\x03\xff\xcc\x00\xab\x00\x04\xff\xcc\x00\xab\x00\x05\xff\xcc\x00\xab\x00\x06\xff\xcc\x00\xab\x00\x07\xff\xcc\x00\xab\x00\x08\xff\xcc\x00\xab\x00\x2b\xff\x5e"
"\x00\xab\x00\x31\xff\x69\x00\xab\x00\x32\xff\x69\x00\xab\x00\x33\xff\x8c\x00\xab\x00\x34\xff\x46\x00\xab\x00\x35\xff\x46\x00\xab\x00\x36\xff\x80\x00\xab\x00\x81"
"\xff\x69\x00\xab\x00\x95\xff\x69\x00\xab\x00\x9a\xff\x3b\x00\xab\x00\x9e\xff\x3b\x00\xac\x00\x01\xff\x98\x00\xac\x00\x02\xff\x98\x00\xac\x00\x03\xff\x98\x00\xac"
"\x00\x04\xff\x98\x00\xac\x00\x05\xff\x98\x00\xac\x00\x06\xff\x98\x00\xac\x00\x07\xff\x98\x00\xac\x00\x08\xff\x98\x00\xac\x00\x2b\xff\xa3\x00\xac\x00\x31\xff\x75"
"\x00\xac\x00\x32\xff\x80\x00\xac\x00\x33\xff\x98\x00\xac\x00\x34\xff\x3b\x00\xac\x00\x35\xff\x3b\x00\xac\x00\x6c\xff\xaf\x00\xac\x00\x6e\xff\xbb\x00\xac\x00\x6f"
"\xff\xaf\x00\xac\x00\x70\xff\xaf\x00\xac\x00\x71\xff\xaf\x00\xac\x00\x95\xff\x75\x00\xac\x00\x9a\xff\x8c\x00\xac\x00\x9e\xff\x8c\x00\xad\x00\x01\xff\xbb\x00\xad"
"\x00\x02\xff\xbb\x00\xad\x00\x03\xff\xbb\x00\xad\x00\x04\xff\xbb\x00\xad\x00\x05\xff\xbb\x00\xad\x00\x06\xff\xbb\x00\xad\x00\x07\xff\xbb\x00\xad\x00\x08\xff\xbb"
"\x00\xad\x00\x1a\xff\xa3\x00\xad\x00\x2b\xff\x65\x00\xad\x00\x31\xff\xa0\x00\xad\x00\x32\xff\xbd\x00\xad\x00\x33\xff\xb2\x00\xad\x00\x34\xff\x73\x00\xad\x00\x35"
"\xff\x73\x00\xad\x00\x6e\xff\xd2\x00\xad\x00\x7c\xff\xcc\x00\xad\x00\x7d\xff\xf1\x00\xad\x00\x81\xff\xca\x00\xad\x00\x95\xff\xa0\x00\xad\x00\x9a\xff\xae\x00\xad"
"\x00\x9e\xff\xae\x00\xad\x00\xbb\xff\xea\x00\xae\x00\x01\xff\xbb\x00\xae\x00\x02\xff\xbb\x00\xae\x00\x03\xff\xbb\x00\xae\x00\x04\xff\xbb\x00\xae\x00\x05\xff\xbb"
"\x00\xae\x00\x06\xff\xbb\x00\xae\x00\x07\xff\xbb\x00\xae\x00\x08\xff\xbb\x00\xae\x00\x2b\xff\x8c\x00\xae\x00\x31\xff\xaf\x00\xae\x00\x33\xff\xa3\x00\xae\x00\x34"
"\xff\xa3\x00\xae\x00\x35\xff\xa3\x00\xae\x00\x95\xff\xaf\x00\xaf\x00\x01\xff\xbb\x00\xaf\x00\x02\xff\xbb\x00\xaf\x00\x03\xff\xbb\x00\xaf\x00\x04\xff\xbb\x00\xaf"
"\x00\x05\xff\xbb\x00\xaf\x00\x06\xff\xbb\x00\xaf\x00\x07\xff\xbb\x00\xaf\x00\x08\xff\xbb\x00\xaf\x00\x1a\xff\xa3\x00\xaf\x00\x2b\xff\x65\x00\xaf\x00\x31\xff\xa0"
"\x00\xaf\x00\x32\xff\xbd\x00\xaf\x00\x33\xff\xb2\x00\xaf\x00\x34\xff\x73\x00\xaf\x00\x35\xff\x73\x00\xaf\x00\x6e\xff\xd2\x00\xaf\x00\x7c\xff\xcc\x00\xaf\x00\x7d"
"\xff\xf1\x00\xaf\x00\x81\xff\xca\x00\xaf\x00\x95\xff\xa0\x00\xaf\x00\x9a\xff\xae\x00\xaf\x00\x9e\xff\xae\x00\xaf\x00\xbb\xff\xea\x00\xb0\x00\x01\xff\x98\x00\xb0"
"\x00\x02\xff\x98\x00\xb0\x00\x03\xff\x98\x00\xb0\x00\x04\xff\x98\x00\xb0\x00\x05\xff\x98\x00\xb0\x00\x06\xff\x98\x00\xb0\x00\x07\xff\x98\x00\xb0\x00\x08\xff\x98"
"\x00\xb0\x00\x2b\xff\xa3\x00\xb0\x00\x31\xff\x75\x00\xb0\x00\x32\xff\x80\x00\xb0\x00\x33\xff\x98\x00\xb0\x00\x34\xff\x3b\x00\xb0\x00\x35\xff\x3b\x00\xb0\x00\x6c"
"\xff\xaf\x00\xb0\x00\x6e\xff\xbb\x00\xb0\x00\x6f\xff\xaf\x00\xb0\x00\x70\xff\xaf\x00\xb0\x00\x71\xff\xaf\x00\xb0\x00\x95\xff\x75\x00\xb0\x00\x9a\xff\x8c\x00\xb0"
"\x00\x9e\xff\x8c\x00\xb1\x00\x01\xff\xbb\x00\xb1\x00\x02\xff\xbb\x00\xb1\x00\x03\xff\xbb\x00\xb1\x00\x04\xff\xbb\x00\xb1\x00\x05\xff\xbb\x00\xb1\x00\x06\xff\xbb"
"\x00\xb1\x00\x07\xff\xbb\x00\xb1\x00\x08\xff\xbb\x00\xb1\x00\x1a\xff\xa3\x00\xb1\x00\x2b\xff\x65\x00\xb1\x00\x31\xff\xa0\x00\xb1\x00\x32\xff\xbd\x00\xb1\x00\x33"
"\xff\xb2\x00\xb1\x00\x34\xff\x73\x00\xb1\x00\x35\xff\x73\x00\xb1\x00\x6e\xff\xd2\x00\xb1\x00\x7c\xff\xcc\x00\xb1\x00\x7d\xff\xf1\x00\xb1\x00\x81\xff\xca\x00\xb1"
"\x00\x95\xff\xa0\x00\xb1\x00\x9a\xff\xae\x00\xb1\x00\x9e\xff\xae\x00\xb1\x00\xbb\xff\xea\x00\xb2\x00\x2b\xff\x98\x00\xb3\x00\x09\x00\x45\x00\xb3\x00\x0a\xff\xaf"
"\x00\xb3\x00\x0b\xff\xaf\x00\xb3\x00\x0c\x00\x45\x00\xb3\x00\x0d\x00\x45\x00\xb3\x00\x0e\x00\x45\x00\xb3\x00\x0f\x00\x45\x00\xb3\x00\x10\x00\x45\x00\xb3\x00\x11"
"\x00\x45\x00\xb3\x00\x12\x00\x45\x00\xb3\x00\x13\xff\xaf\x00\xb3\x00\x14\x00\x45\x00\xb3\x00\x15\x00\x45\x00\xb3\x00\x17\x00\x45\x00\xb3\x00\x18\x00\x45\x00\xb3"
"\x00\x1b\x00\x45\x00\xb3\x00\x1c\x00\x45\x00\xb3\x00\x1d\x00\x45\x00\xb3\x00\x1e\x00\x45\x00\xb3\x00\x1f\x00\x45\x00\xb3\x00\x20\xff\xaf\x00\xb3\x00\x21\xff\xaf"
"\x00\xb3\x00\x22\xff\xaf\x00\xb3\x00\x23\xff\xaf\x00\xb3\x00\x24\xff\xaf\x00\xb3\x00\x25\xff\xaf\x00\xb3\x00\x26\xff\xaf\x00\xb3\x00\x27\x00\x45\x00\xb3\x00\x28"
"\xff\xaf\x00\xb3\x00\x29\x00\x45\x00\xb3\x00\x2b\xff\x8c\x00\xb3\x00\x2c\xff\xaf\x00\xb3\x00\x2d\xff\xaf\x00\xb3\x00\x2e\xff\xaf\x00\xb3\x00\x2f\xff\xaf\x00\xb3"
"\x00\x30\xff\xaf\x00\xb3\x00\x31\xff\x5e\x00\xb3\x00\x3f\x00\x45\x00\xb3\x00\x40\x00\x45\x00\xb3\x00\x4b\x00\x45\x00\xb3\x00\x4c\x00\x2c\x00\xb3\x00\x4f\x00\x2c"
"\x00\xb3\x00\x50\x00\x2c\x00\xb3\x00\x51\x00\x2c\x00\xb3\x00\x53\x00\xc5\x00\xb3\x00\x54\x00\x45\x00\xb3\x00\x55\x00\x45\x00\xb3\x00\x56\x00\x45\x00\xb3\x00\x57"
"\x00\x45\x00\xb3\x00\x58\x00\x45\x00\xb3\x00\x60\x00\x45\x00\xb3\x00\x62\x00\x45\x00\xb3\x00\x64\x00\x45\x00\xb3\x00\x6c\xff\x5e\x00\xb3\x00\x6f\xff\x5e\x00\xb3"
"\x00\x70\xff\x5e\x00\xb3\x00\x71\xff\x5e\x00\xb3\x00\x73\x00\x45\x00\xb3\x00\x7a\xff\xa3\x00\xb3\x00\x7b\xff\x23\x00\xb3\x00\x7d\xff\xa3\x00\xb3\x00\x7e\xff\x8c"
"\x00\xb3\x00\x7f\xff\xa3\x00\xb3\x00\x80\xff\xa3\x00\xb3\x00\x82\xff\xa3\x00\xb3\x00\x83\xff\xa3\x00\xb3\x00\x8f\xff\xaf\x00\xb3\x00\x93\x00\x45\x00\xb3\x00\x95"
"\xff\x5e\x00\xb3\x00\x9a\xff\xaf\x00\xb3\x00\x9e\xff\xaf\x00\xb3\x00\xb4\xff\x75\x00\xb3\x00\xb5\xff\x75\x00\xb3\x00\xb7\xff\xaf\x00\xb3\x00\xb8\xff\x75\x00\xb3"
"\x00\xbb\xff\xa3\x00\xb4\x00\x01\xff\x49\x00\xb4\x00\x02\xff\x49\x00\xb4\x00\x03\xff\x49\x00\xb4\x00\x04\xff\x49\x00\xb4\x00\x05\xff\x49\x00\xb4\x00\x06\xff\x49"
"\x00\xb4\x00\x07\xff\x49\x00\xb4\x00\x08\xff\x49\x00\xb4\x00\x0a\xff\xe1\x00\xb4\x00\x0b\xff\xe1\x00\xb4\x00\x13\xff\xe1\x00\xb4\x00\x1a\xff\x3b\x00\xb4\x00\x20"
"\xff\xe1\x00\xb4\x00\x21\xff\xe1\x00\xb4\x00\x22\xff\xe1\x00\xb4\x00\x23\xff\xe1\x00\xb4\x00\x24\xff\xe1\x00\xb4\x00\x25\xff\xe1\x00\xb4\x00\x26\xff\xe1\x00\xb4"
"\x00\x28\xff\xe1\x00\xb4\x00\x7e\xff\xa3\x00\xb4\x00\x84\xff\xbb\x00\xb4\x00\x8f\xff\xe1\x00\xb4\x00\xa0\xfe\xe9\x00\xb4\x00\xa1\xfe\xe9\x00\xb4\x00\xa2\xfe\xe9"
"\x00\xb4\x00\xb3\xff\x75\x00\xb4\x00\xb7\xff\xe1\x00\xb4\x00\xd9\x00\x19\x00\xb5\x00\x01\xff\x49\x00\xb5\x00\x02\xff\x49\x00\xb5\x00\x03\xff\x49\x00\xb5\x00\x04"
"\xff\x49\x00\xb5\x00\x05\xff\x49\x00\xb5\x00\x06\xff\x49\x00\xb5\x00\x07\xff\x49\x00\xb5\x00\x08\xff\x49\x00\xb5\x00\x0a\xff\xe1\x00\xb5\x00\x0b\xff\xe1\x00\xb5"
"\x00\x13\xff\xe1\x00\xb5\x00\x1a\xff\x3b\x00\xb5\x00\x20\xff\xe1\x00\xb5\x00\x21\xff\xe1\x00\xb5\x00\x22\xff\xe1\x00\xb5\x00\x23\xff\xe1\x00\xb5\x00\x24\xff\xe1"
"\x00\xb5\x00\x25\xff\xe1\x00\xb5\x00\x26\xff\xe1\x00\xb5\x00\x28\xff\xe1\x00\xb5\x00\x7e\xff\xa3\x00\xb5\x00\x84\xff\xbb\x00\xb5\x00\x8f\xff\xe1\x00\xb5\x00\xa0"
"\xfe\xe9\x00\xb5\x00\xa1\xfe\xe9\x00\xb5\x00\xa2\xfe\xe9\x00\xb5\x00\xb3\xff\x75\x00\xb5\x00\xb7\xff\xe1\x00\xb5\x00\xd9\x00\x19\x00\xb6\x00\x01\xff\x6f\x00\xb6"
"\x00\x02\xff\x6f\x00\xb6\x00\x03\xff\x6f\x00\xb6\x00\x04\xff\x6f\x00\xb6\x00\x05\xff\x6f\x00\xb6\x00\x06\xff\x6f\x00\xb6\x00\x07\xff\x6f\x00\xb6\x00\x08\xff\x6f"
"\x00\xb6\x00\x0a\xff\xf5\x00\xb6\x00\x0b\xff\xf5\x00\xb6\x00\x13\xff\xf5\x00\xb6\x00\x1a\xff\x6f\x00\xb6\x00\x20\xff\xf5\x00\xb6\x00\x21\xff\xf5\x00\xb6\x00\x22"
"\xff\xf5\x00\xb6\x00\x23\xff\xf5\x00\xb6\x00\x24\xff\xf5\x00\xb6\x00\x25\xff\xf5\x00\xb6\x00\x26\xff\xf5\x00\xb6\x00\x28\xff\xf5\x00\xb6\x00\x33\xff\xf2\x00\xb6"
"\x00\x34\xff\xef\x00\xb6\x00\x35\xff\xef\x00\xb6\x00\x37\xff\xe9\x00\xb6\x00\x38\xff\xe9\x00\xb6\x00\x39\xff\xe9\x00\xb6\x00\x3a\xff\xe9\x00\xb6\x00\x3b\xff\xe9"
"\x00\xb6\x00\x3c\xff\xe9\x00\xb6\x00\x3d\xff\xe9\x00\xb6\x00\x3e\xff\xe9\x00\xb6\x00\x41\xff\xc6\x00\xb6\x00\x42\xff\xc6\x00\xb6\x00\x43\xff\xc6\x00\xb6\x00\x44"
"\xff\xc6\x00\xb6\x00\x45\xff\xc6\x00\xb6\x00\x46\xff\xc6\x00\xb6\x00\x47\xff\xc6\x00\xb6\x00\x48\xff\xc6\x00\xb6\x00\x4a\xff\xc6\x00\xb6\x00\x59\xff\xc6\x00\xb6"
"\x00\x5a\xff\xc6\x00\xb6\x00\x5b\xff\xc6\x00\xb6\x00\x5c\xff\xc6\x00\xb6\x00\x5d\xff\xc6\x00\xb6\x00\x5e\xff\xc6\x00\xb6\x00\x5f\xff\xc6\x00\xb6\x00\x61\xff\xc6"
"\x00\xb6\x00\x63\xff\xe9\x00\xb6\x00\x74\xff\xc6\x00\xb6\x00\x76\xff\xc6\x00\xb6\x00\x7e\xff\x9b\x00\xb6\x00\x84\xff\xbb\x00\xb6\x00\x8f\xff\xf5\x00\xb6\x00\xb7"
"\xff\xf5\x00\xb7\x00\x01\xff\xaf\x00\xb7\x00\x02\xff\xaf\x00\xb7\x00\x03\xff\xaf\x00\xb7\x00\x04\xff\xaf\x00\xb7\x00\x05\xff\xaf\x00\xb7\x00\x06\xff\xaf\x00\xb7"
"\x00\x07\xff\xaf\x00\xb7\x00\x08\xff\xaf\x00\xb7\x00\x2b\xff\xc0\x00\xb7\x00\x31\xff\xb2\x00\xb7\x00\x32\xff\xdf\x00\xb7\x00\x33\xff\xa1\x00\xb7\x00\x34\xff\xae"
"\x00\xb7\x00\x35\xff\xae\x00\xb7\x00\x92\xff\xaf\x00\xb7\x00\x95\xff\xb2\x00\xb7\x00\x9a\xff\xbb\x00\xb7\x00\x9e\xff\xbb\x00\xb7\x00\xa0\xff\xa6\x00\xb7\x00\xa1"
"\xff\xa6\x00\xb7\x00\xa2\xff\xa6\x00\xb7\x00\xb3\xff\xaf\x00\xb7\x00\xb6\xff\xf5\x00\xb8\x00\x01\xff\x49\x00\xb8\x00\x02\xff\x49\x00\xb8\x00\x03\xff\x49\x00\xb8"
"\x00\x04\xff\x49\x00\xb8\x00\x05\xff\x49\x00\xb8\x00\x06\xff\x49\x00\xb8\x00\x07\xff\x49\x00\xb8\x00\x08\xff\x49\x00\xb8\x00\x0a\xff\xe1\x00\xb8\x00\x0b\xff\xe1"
"\x00\xb8\x00\x13\xff\xe1\x00\xb8\x00\x1a\xff\x3b\x00\xb8\x00\x20\xff\xe1\x00\xb8\x00\x21\xff\xe1\x00\xb8\x00\x22\xff\xe1\x00\xb8\x00\x23\xff\xe1\x00\xb8\x00\x24"
"\xff\xe1\x00\xb8\x00\x25\xff\xe1\x00\xb8\x00\x26\xff\xe1\x00\xb8\x00\x28\xff\xe1\x00\xb8\x00\x7e\xff\xa3\x00\xb8\x00\x84\xff\xbb\x00\xb8\x00\x8f\xff\xe1\x00\xb8"
"\x00\xa0\xfe\xe9\x00\xb8\x00\xa1\xfe\xe9\x00\xb8\x00\xa2\xfe\xe9\x00\xb8\x00\xb3\xff\x75\x00\xb8\x00\xb7\xff\xe1\x00\xb8\x00\xd9\x00\x19\x00\xb9\x00\x01\xff\x69"
"\x00\xb9\x00\x02\xff\x69\x00\xb9\x00\x03\xff\x69\x00\xb9\x00\x04\xff\x69\x00\xb9\x00\x05\xff\x69\x00\xb9\x00\x06\xff\x69\x00\xb9\x00\x07\xff\x69\x00\xb9\x00\x08"
"\xff\x69\x00\xb9\x00\x1a\xff\x69\x00\xb9\x00\x41\xff\xbb\x00\xb9\x00\x42\xff\xbb\x00\xb9\x00\x43\xff\xbb\x00\xb9\x00\x44\xff\xbb\x00\xb9\x00\x45\xff\xbb\x00\xb9"
"\x00\x46\xff\xbb\x00\xb9\x00\x47\xff\xbb\x00\xb9\x00\x48\xff\xbb\x00\xb9\x00\x4a\xff\xbb\x00\xb9\x00\x59\xff\xbb\x00\xb9\x00\x5a\xff\xbb\x00\xb9\x00\x5b\xff\xbb"
"\x00\xb9\x00\x5c\xff\xbb\x00\xb9\x00\x5d\xff\xbb\x00\xb9\x00\x5e\xff\xbb\x00\xb9\x00\x5f\xff\xbb\x00\xb9\x00\x61\xff\xbb\x00\xb9\x00\x74\xff\xbb\x00\xb9\x00\x76"
"\xff\xbb\x00\xb9\x00\x84\xff\xaf\x00\xba\x00\x01\xff\x69\x00\xba\x00\x02\xff\x69\x00\xba\x00\x03\xff\x69\x00\xba\x00\x04\xff\x69\x00\xba\x00\x05\xff\x69\x00\xba"
"\x00\x06\xff\x69\x00\xba\x00\x07\xff\x69\x00\xba\x00\x08\xff\x69\x00\xba\x00\x1a\xff\x69\x00\xba\x00\x41\xff\xbb\x00\xba\x00\x42\xff\xbb\x00\xba\x00\x43\xff\xbb"
"\x00\xba\x00\x44\xff\xbb\x00\xba\x00\x45\xff\xbb\x00\xba\x00\x46\xff\xbb\x00\xba\x00\x47\xff\xbb\x00\xba\x00\x48\xff\xbb\x00\xba\x00\x4a\xff\xbb\x00\xba\x00\x59"
"\xff\xbb\x00\xba\x00\x5a\xff\xbb\x00\xba\x00\x5b\xff\xbb\x00\xba\x00\x5c\xff\xbb\x00\xba\x00\x5d\xff\xbb\x00\xba\x00\x5e\xff\xbb\x00\xba\x00\x5f\xff\xbb\x00\xba"
"\x00\x61\xff\xbb\x00\xba\x00\x74\xff\xbb\x00\xba\x00\x76\xff\xbb\x00\xba\x00\x84\xff\xaf\x00\xbb\x00\x4e\x00\x7f\x00\xbb\x00\x65\x00\x1e\x00\xbb\x00\x6c\x00\x11"
"\x00\xbb\x00\x6f\x00\x11\x00\xbb\x00\x70\x00\x11\x00\xbb\x00\x71\x00\x11\x00\xbb\x00\x8a\x00\x19\x00\xbb\x00\x8c\x00\x19\x00\xbb\x00\x8e\x00\x19\x00\xbb\x00\xb3"
"\x00\x19\x00\xbb\x00\xd9\x00\x45\x00\xc8\x00\x9a\xff\x80\x00\xc8\x00\x9b\xff\x75\x00\xc8\x00\x9e\xff\x80\x00\xc8\x00\x9f\xff\x75\x00\xd4\x00\x01\xff\xbb\x00\xd4"
"\x00\x02\xff\xbb\x00\xd4\x00\x03\xff\xbb\x00\xd4\x00\x04\xff\xbb\x00\xd4\x00\x05\xff\xbb\x00\xd4\x00\x06\xff\xbb\x00\xd4\x00\x07\xff\xbb\x00\xd4\x00\x08\xff\xbb"
"\x00\xd4\x00\x1a\xff\xa3\x00\xd4\x00\x2b\xff\x65\x00\xd4\x00\x31\xff\xa0\x00\xd4\x00\x32\xff\xbd\x00\xd4\x00\x33\xff\xb2\x00\xd4\x00\x34\xff\x73\x00\xd4\x00\x35"
"\xff\x73\x00\xd4\x00\x6e\xff\xd2\x00\xd4\x00\x7c\xff\xcc\x00\xd4\x00\x7d\xff\xf1\x00\xd4\x00\x81\xff\xca\x00\xd4\x00\x95\xff\xa0\x00\xd4\x00\x9a\xff\xae\x00\xd4"
"\x00\x9e\xff\xae\x00\xd4\x00\xbb\xff\xea\x00\xd9\x00\x01\xff\xaf\x00\xd9\x00\x02\xff\xaf\x00\xd9\x00\x03\xff\xaf\x00\xd9\x00\x04\xff\xaf\x00\xd9\x00\x05\xff\xaf"
"\x00\xd9\x00\x06\xff\xaf\x00\xd9\x00\x07\xff\xaf\x00\xd9\x00\x08\xff\xaf\x00\xd9\x00\x2b\xff\xc0\x00\xd9\x00\x31\xff\xb2\x00\xd9\x00\x32\xff\xdf\x00\xd9\x00\x33"
"\xff\xa1\x00\xd9\x00\x34\xff\xae\x00\xd9\x00\x35\xff\xae\x00\xd9\x00\x92\xff\xaf\x00\xd9\x00\x95\xff\xb2\x00\xd9\x00\x9a\xff\xbb\x00\xd9\x00\x9e\xff\xbb\x00\xd9"
"\x00\xa0\xff\xa6\x00\xd9\x00\xa1\xff\xa6\x00\xd9\x00\xa2\xff\xa6\x00\xd9\x00\xb3\xff\xaf\x00\xd9\x00\xb6\xff\xf5\x00\x00\x00\x07\x00\x5a\x00\x03\x00\x01\x04\x09"
"\x00\x00\x00\x50\x00\x00\x00\x03\x00\x01\x04\x09\x00\x01\x00\x1c\x00\x50\x00\x03\x00\x01\x04\x09\x00\x02\x00\x0e\x00\x6c\x00\x03\x00\x01\x04\x09\x00\x03\x00\x4e"
"\x00\x7a\x00\x03\x00\x01\x04\x09\x00\x04\x00\x1c\x00\x50\x00\x03\x00\x01\x04\x09\x00\x05\x00\x36\x00\xc8\x00\x03\x00\x01\x04\x09\x00\x06\x00\x1c\x00\xfe\x00\x43"
"\x00\x6f\x00\x70\x00\x79\x00\x72\x00\x69\x00\x67\x00\x68\x00\x74\x00\x20\x00\x32\x00\x30\x00\x31\x00\x36\x00\x20\x00\x54\x00\x68\x00\x65\x00\x20\x00\x49\x00\x6e"
"\x00\x74\x00\x65\x00\x72\x00\x20\x00\x50\x00\x72\x00\x6f\x00\x6a\x00\x65\x00\x63\x00\x74\x00\x20\x00\x41\x00\x75\x00\x74\x00\x68\x00\x6f\x00\x72\x00\x73\x00\x49"
"\x00\x6e\x00\x74\x00\x65\x00\x72\x00\x20\x00\x53\x00\x65\x00\x6d\x00\x69\x00\x42\x00\x6f\x00\x6c\x00\x64\x00\x52\x00\x65\x00\x67\x00\x75\x00\x6c\x00\x61\x00\x72"
"\x00\x34\x00\x2e\x00\x30\x00\x30\x00\x31\x00\x3b\x00\x67\x00\x69\x00\x74\x00\x2d\x00\x39\x00\x32\x00\x32\x00\x31\x00\x62\x00\x65\x00\x65\x00\x64\x00\x33\x00\x3b"
"\x00\x52\x00\x53\x00\x4d\x00\x53\x00\x3b\x00\x49\x00\x6e\x00\x74\x00\x65\x00\x72\x00\x2d\x00\x53\x00\x65\x00\x6d\x00\x69\x00\x42\x00\x6f\x00\x6c\x00\x64\x00\x56"
"\x00\x65\x00\x72\x00\x73\x00\x69\x00\x6f\x00\x6e\x00\x20\x00\x34\x00\x2e\x00\x30\x00\x30\x00\x31\x00\x3b\x00\x67\x00\x69\x00\x74\x00\x2d\x00\x39\x00\x32\x00\x32"
"\x00\x31\x00\x62\x00\x65\x00\x65\x00\x64\x00\x33\x00\x49\x00\x6e\x00\x74\x00\x65\x00\x72\x00\x2d\x00\x53\x00\x65\x00\x6d\x00\x69\x00\x42\x00\x6f\x00\x6c\x00\x64"
"\x00\x03\x00\x00\x00\x00\x00\x00\xfe\xb5\x00\xad\x00\x00\x00\x00\x00\x00\x00\x00\x00\x00\x00\x00\x00\x00\x00\x00\x00\x00\x00\x00\x00\x01\x00\x01\xff\xff\x00\x0f";
)NEXAFONT";
    return out;
}

}  // namespace nexa
